graph_index,Graph,Adjacency_list,a,d,APG_label_availability,Vertex_labels,Edge_labels,Gurobi_runtime
0.0,Graph with 10 nodes and 21 edges,"[[0, 0, 0, 0, 0, 1, 1, 1, 1, 1], [0, 0, 0, 1, 1, 0, 1, 0, 1, 0], [0, 0, 0, 1, 0, 0, 1, 0, 0, 0], [0, 1, 1, 0, 0, 1, 1, 1, 0, 0], [0, 1, 0, 0, 0, 0, 0, 0, 1, 0], [1, 0, 0, 1, 0, 0, 1, 0, 0, 1], [1, 1, 1, 1, 0, 1, 0, 1, 1, 1], [1, 0, 0, 1, 0, 0, 1, 0, 0, 1], [1, 1, 0, 0, 1, 0, 1, 0, 0, 0], [1, 0, 0, 0, 0, 1, 1, 1, 0, 0]]",3.0,1.0,Y,"{0: 10, 1: 6, 2: 3, 3: 11, 4: 4, 5: 9, 6: 12, 7: 5, 8: 8, 9: 7}","{(0, 5): 1, (0, 6): 4, (0, 7): 1, (0, 8): 2, (0, 9): 1, (1, 3): 2, (1, 4): 1, (1, 6): 1, (1, 8): 1, (2, 3): 2, (2, 6): 1, (3, 5): 3, (3, 6): 1, (3, 7): 2, (4, 8): 3, (5, 6): 1, (5, 9): 4, (6, 7): 1, (6, 8): 1, (6, 9): 1, (7, 9): 1}",1959.9999999968531
0.0,Graph with 10 nodes and 21 edges,"[[0, 0, 0, 0, 0, 1, 1, 1, 1, 1], [0, 0, 0, 1, 1, 0, 1, 0, 1, 0], [0, 0, 0, 1, 0, 0, 1, 0, 0, 0], [0, 1, 1, 0, 0, 1, 1, 1, 0, 0], [0, 1, 0, 0, 0, 0, 0, 0, 1, 0], [1, 0, 0, 1, 0, 0, 1, 0, 0, 1], [1, 1, 1, 1, 0, 1, 0, 1, 1, 1], [1, 0, 0, 1, 0, 0, 1, 0, 0, 1], [1, 1, 0, 0, 1, 0, 1, 0, 0, 0], [1, 0, 0, 0, 0, 1, 1, 1, 0, 0]]",3.0,8.0,Y,"{0: 11, 1: 75, 2: 3, 3: 67, 4: 59, 5: 51, 6: 43, 7: 35, 8: 19, 9: 27}","{(0, 5): 1, (0, 6): 7, (0, 7): 1, (0, 8): 1, (0, 9): 1, (1, 3): 30, (1, 4): 43, (1, 6): 1, (1, 8): 1, (2, 3): 2, (2, 6): 1, (3, 5): 25, (3, 6): 4, (3, 7): 6, (4, 8): 16, (5, 6): 1, (5, 9): 24, (6, 7): 27, (6, 8): 1, (6, 9): 1, (7, 9): 1}",1680.0000000003479
1.0,Graph with 10 nodes and 21 edges,"[[0, 1, 0, 1, 1, 1, 0, 1, 1, 0], [1, 0, 1, 1, 1, 0, 1, 1, 0, 0], [0, 1, 0, 0, 0, 0, 0, 0, 1, 0], [1, 1, 0, 0, 1, 1, 0, 1, 1, 0], [1, 1, 0, 1, 0, 1, 0, 0, 1, 0], [1, 0, 0, 1, 1, 0, 0, 0, 0, 1], [0, 1, 0, 0, 0, 0, 0, 1, 0, 0], [1, 1, 0, 1, 0, 0, 1, 0, 0, 0], [1, 0, 1, 1, 1, 0, 0, 0, 0, 1], [0, 0, 0, 0, 0, 1, 0, 0, 1, 0]]",2.0,1.0,Y,"{0: 6, 1: 11, 2: 2, 3: 10, 4: 5, 5: 4, 6: 8, 7: 9, 8: 7, 9: 3}","{(0, 1): 1, (0, 3): 1, (0, 4): 1, (0, 5): 1, (0, 7): 1, (0, 8): 1, (1, 2): 1, (1, 3): 1, (1, 4): 1, (1, 6): 5, (1, 7): 1, (2, 8): 1, (3, 4): 1, (3, 5): 1, (3, 7): 4, (3, 8): 2, (4, 5): 1, (4, 8): 1, (5, 9): 1, (6, 7): 2, (8, 9): 2}",1598.9999999987958
2.0,Graph with 10 nodes and 21 edges,"[[0, 1, 1, 0, 0, 1, 1, 1, 0, 1], [1, 0, 0, 0, 1, 0, 0, 1, 1, 1], [1, 0, 0, 0, 1, 0, 0, 1, 1, 0], [0, 0, 0, 0, 0, 0, 1, 0, 1, 0], [0, 1, 1, 0, 0, 0, 1, 0, 0, 0], [1, 0, 0, 0, 0, 0, 0, 1, 0, 1], [1, 0, 0, 1, 1, 0, 0, 1, 0, 1], [1, 1, 1, 0, 0, 1, 1, 0, 0, 1], [0, 1, 1, 1, 0, 0, 0, 0, 0, 0], [1, 1, 0, 0, 0, 1, 1, 1, 0, 0]]",3.0,9.0,Y,"{0: 39, 1: 75, 2: 48, 3: 21, 4: 30, 5: 12, 6: 57, 7: 84, 8: 3, 9: 66}","{(0, 1): 12, (0, 2): 1, (0, 5): 1, (0, 6): 1, (0, 7): 3, (0, 9): 20, (1, 4): 28, (1, 7): 32, (1, 8): 1, (1, 9): 1, (2, 4): 1, (2, 7): 45, (2, 8): 1, (3, 6): 20, (3, 8): 1, (4, 6): 1, (5, 7): 1, (5, 9): 10, (6, 7): 1, (6, 9): 34, (7, 9): 1}",1534.9999999969555
2.0,Graph with 10 nodes and 21 edges,"[[0, 1, 1, 0, 0, 1, 1, 1, 0, 1], [1, 0, 0, 0, 1, 0, 0, 1, 1, 1], [1, 0, 0, 0, 1, 0, 0, 1, 1, 0], [0, 0, 0, 0, 0, 0, 1, 0, 1, 0], [0, 1, 1, 0, 0, 0, 1, 0, 0, 0], [1, 0, 0, 0, 0, 0, 0, 1, 0, 1], [1, 0, 0, 1, 1, 0, 0, 1, 0, 1], [1, 1, 1, 0, 0, 1, 1, 0, 0, 1], [0, 1, 1, 1, 0, 0, 0, 0, 0, 0], [1, 1, 0, 0, 0, 1, 1, 1, 0, 0]]",4.0,9.0,Y,"{0: 58, 1: 67, 2: 13, 3: 40, 4: 22, 5: 31, 6: 49, 7: 76, 8: 4, 9: 85}","{(0, 1): 53, (0, 2): 1, (0, 5): 1, (0, 6): 1, (0, 7): 1, (0, 9): 1, (1, 4): 11, (1, 7): 1, (1, 8): 1, (1, 9): 1, (2, 4): 10, (2, 7): 1, (2, 8): 1, (3, 6): 38, (3, 8): 2, (4, 6): 1, (5, 7): 6, (5, 9): 23, (6, 7): 8, (6, 9): 1, (7, 9): 58}",1468.0000000026894
4.0,Graph with 10 nodes and 22 edges,"[[0, 0, 0, 1, 0, 0, 1, 1, 1, 1], [0, 0, 0, 1, 1, 0, 1, 0, 0, 1], [0, 0, 0, 1, 0, 0, 0, 0, 1, 1], [1, 1, 1, 0, 1, 0, 1, 0, 1, 0], [0, 1, 0, 1, 0, 0, 0, 1, 1, 0], [0, 0, 0, 0, 0, 0, 1, 0, 1, 0], [1, 1, 0, 1, 0, 1, 0, 0, 0, 0], [1, 0, 0, 0, 1, 0, 0, 0, 1, 1], [1, 0, 1, 1, 1, 1, 0, 1, 0, 1], [1, 1, 1, 0, 0, 0, 0, 1, 1, 0]]",2.0,1.0,Y,"{0: 9, 1: 7, 2: 3, 3: 10, 4: 5, 5: 2, 6: 4, 7: 6, 8: 11, 9: 8}","{(0, 3): 1, (0, 6): 1, (0, 7): 1, (0, 8): 4, (0, 9): 1, (1, 3): 4, (1, 4): 1, (1, 6): 1, (1, 9): 1, (2, 3): 1, (2, 8): 1, (2, 9): 1, (3, 4): 2, (3, 6): 1, (3, 8): 1, (4, 7): 1, (4, 8): 1, (5, 6): 1, (5, 8): 1, (7, 8): 1, (7, 9): 3, (8, 9): 1}",1955.9999999998468
4.0,Graph with 10 nodes and 22 edges,"[[0, 0, 0, 1, 0, 0, 1, 1, 1, 1], [0, 0, 0, 1, 1, 0, 1, 0, 0, 1], [0, 0, 0, 1, 0, 0, 0, 0, 1, 1], [1, 1, 1, 0, 1, 0, 1, 0, 1, 0], [0, 1, 0, 1, 0, 0, 0, 1, 1, 0], [0, 0, 0, 0, 0, 0, 1, 0, 1, 0], [1, 1, 0, 1, 0, 1, 0, 0, 0, 0], [1, 0, 0, 0, 1, 0, 0, 0, 1, 1], [1, 0, 1, 1, 1, 1, 0, 1, 0, 1], [1, 1, 1, 0, 0, 0, 0, 1, 1, 0]]",2.0,3.0,Y,"{0: 5, 1: 29, 2: 26, 3: 8, 4: 23, 5: 2, 6: 14, 7: 11, 8: 17, 9: 20}","{(0, 3): 1, (0, 6): 1, (0, 7): 1, (0, 8): 1, (0, 9): 1, (1, 3): 1, (1, 4): 16, (1, 6): 11, (1, 9): 1, (2, 3): 2, (2, 8): 10, (2, 9): 13, (3, 4): 1, (3, 6): 1, (3, 8): 1, (4, 7): 5, (4, 8): 1, (5, 6): 1, (5, 8): 1, (7, 8): 1, (7, 9): 4, (8, 9): 1}",2085.999999998478
4.0,Graph with 10 nodes and 22 edges,"[[0, 0, 0, 1, 0, 0, 1, 1, 1, 1], [0, 0, 0, 1, 1, 0, 1, 0, 0, 1], [0, 0, 0, 1, 0, 0, 0, 0, 1, 1], [1, 1, 1, 0, 1, 0, 1, 0, 1, 0], [0, 1, 0, 1, 0, 0, 0, 1, 1, 0], [0, 0, 0, 0, 0, 0, 1, 0, 1, 0], [1, 1, 0, 1, 0, 1, 0, 0, 0, 0], [1, 0, 0, 0, 1, 0, 0, 0, 1, 1], [1, 0, 1, 1, 1, 1, 0, 1, 0, 1], [1, 1, 1, 0, 0, 0, 0, 1, 1, 0]]",3.0,4.0,Y,"{0: 7, 1: 39, 2: 3, 3: 35, 4: 31, 5: 27, 6: 23, 7: 11, 8: 19, 9: 15}","{(0, 3): 3, (0, 6): 1, (0, 7): 1, (0, 8): 1, (0, 9): 1, (1, 3): 14, (1, 4): 20, (1, 6): 1, (1, 9): 4, (2, 3): 1, (2, 8): 1, (2, 9): 1, (3, 4): 9, (3, 6): 1, (3, 8): 7, (4, 7): 1, (4, 8): 1, (5, 6): 20, (5, 8): 7, (7, 8): 1, (7, 9): 8, (8, 9): 1}",1651.9999999999868
4.0,Graph with 10 nodes and 22 edges,"[[0, 0, 0, 1, 0, 0, 1, 1, 1, 1], [0, 0, 0, 1, 1, 0, 1, 0, 0, 1], [0, 0, 0, 1, 0, 0, 0, 0, 1, 1], [1, 1, 1, 0, 1, 0, 1, 0, 1, 0], [0, 1, 0, 1, 0, 0, 0, 1, 1, 0], [0, 0, 0, 0, 0, 0, 1, 0, 1, 0], [1, 1, 0, 1, 0, 1, 0, 0, 0, 0], [1, 0, 0, 0, 1, 0, 0, 0, 1, 1], [1, 0, 1, 1, 1, 1, 0, 1, 0, 1], [1, 1, 1, 0, 0, 0, 0, 1, 1, 0]]",4.0,1.0,Y,"{0: 11, 1: 9, 2: 7, 3: 12, 4: 6, 5: 5, 6: 4, 7: 8, 8: 13, 9: 10}","{(0, 3): 1, (0, 6): 1, (0, 7): 2, (0, 8): 1, (0, 9): 5, (1, 3): 3, (1, 4): 3, (1, 6): 1, (1, 9): 2, (2, 3): 5, (2, 8): 1, (2, 9): 1, (3, 4): 1, (3, 6): 1, (3, 8): 1, (4, 7): 1, (4, 8): 1, (5, 6): 1, (5, 8): 4, (7, 8): 3, (7, 9): 1, (8, 9): 1}",1545.0000000001296
5.0,Graph with 10 nodes and 24 edges,"[[0, 1, 1, 1, 0, 1, 0, 0, 1, 0], [1, 0, 1, 0, 1, 1, 1, 0, 0, 0], [1, 1, 0, 0, 1, 0, 1, 1, 1, 0], [1, 0, 0, 0, 1, 1, 1, 1, 1, 0], [0, 1, 1, 1, 0, 0, 0, 1, 1, 1], [1, 1, 0, 1, 0, 0, 0, 0, 1, 0], [0, 1, 1, 1, 0, 0, 0, 1, 0, 0], [0, 0, 1, 1, 1, 0, 1, 0, 1, 0], [1, 0, 1, 1, 1, 1, 0, 1, 0, 0], [0, 0, 0, 0, 1, 0, 0, 0, 0, 0]]",2.0,8.0,Y,"{0: 10, 1: 74, 2: 66, 3: 58, 4: 50, 5: 34, 6: 26, 7: 18, 8: 42, 9: 2}","{(0, 1): 1, (0, 2): 1, (0, 3): 6, (0, 5): 1, (0, 8): 1, (1, 2): 53, (1, 4): 18, (1, 5): 1, (1, 6): 1, (2, 4): 9, (2, 6): 1, (2, 7): 1, (2, 8): 1, (3, 4): 13, (3, 5): 1, (3, 6): 23, (3, 7): 14, (3, 8): 1, (4, 7): 1, (4, 8): 7, (4, 9): 2, (5, 8): 31, (6, 7): 1, (7, 8): 1}",1749.0000000037753
5.0,Graph with 10 nodes and 24 edges,"[[0, 1, 1, 1, 0, 1, 0, 0, 1, 0], [1, 0, 1, 0, 1, 1, 1, 0, 0, 0], [1, 1, 0, 0, 1, 0, 1, 1, 1, 0], [1, 0, 0, 0, 1, 1, 1, 1, 1, 0], [0, 1, 1, 1, 0, 0, 0, 1, 1, 1], [1, 1, 0, 1, 0, 0, 0, 0, 1, 0], [0, 1, 1, 1, 0, 0, 0, 1, 0, 0], [0, 0, 1, 1, 1, 0, 1, 0, 1, 0], [1, 0, 1, 1, 1, 1, 0, 1, 0, 0], [0, 0, 0, 0, 1, 0, 0, 0, 0, 0]]",4.0,1.0,Y,"{0: 5, 1: 13, 2: 6, 3: 12, 4: 9, 5: 11, 6: 10, 7: 8, 8: 7, 9: 4}","{(0, 1): 1, (0, 2): 1, (0, 3): 1, (0, 5): 1, (0, 8): 1, (1, 2): 1, (1, 4): 1, (1, 5): 3, (1, 6): 6, (2, 4): 1, (2, 6): 1, (2, 7): 1, (2, 8): 1, (3, 4): 1, (3, 5): 4, (3, 6): 1, (3, 7): 3, (3, 8): 1, (4, 7): 1, (4, 8): 1, (4, 9): 4, (5, 8): 2, (6, 7): 1, (7, 8): 1}",1649.999999997931
6.0,Graph with 10 nodes and 20 edges,"[[0, 1, 0, 0, 0, 0, 1, 1, 0, 1], [1, 0, 0, 0, 1, 0, 1, 0, 1, 0], [0, 0, 0, 0, 1, 0, 1, 1, 1, 0], [0, 0, 0, 0, 1, 0, 1, 0, 0, 1], [0, 1, 1, 1, 0, 1, 0, 0, 0, 0], [0, 0, 0, 0, 1, 0, 1, 0, 0, 0], [1, 1, 1, 1, 0, 1, 0, 1, 1, 1], [1, 0, 1, 0, 0, 0, 1, 0, 1, 0], [0, 1, 1, 0, 0, 0, 1, 1, 0, 0], [1, 0, 0, 1, 0, 0, 1, 0, 0, 0]]",3.0,7.0,Y,"{0: 59, 1: 52, 2: 31, 3: 17, 4: 38, 5: 10, 6: 66, 7: 45, 8: 24, 9: 3}","{(0, 1): 1, (0, 6): 15, (0, 7): 41, (0, 9): 1, (1, 4): 1, (1, 6): 29, (1, 8): 21, (2, 4): 21, (2, 6): 8, (2, 7): 1, (2, 8): 1, (3, 4): 15, (3, 6): 1, (3, 9): 1, (4, 5): 1, (5, 6): 9, (6, 7): 1, (6, 8): 1, (6, 9): 1, (7, 8): 1}",1750.9999999987258
6.0,Graph with 10 nodes and 20 edges,"[[0, 1, 0, 0, 0, 0, 1, 1, 0, 1], [1, 0, 0, 0, 1, 0, 1, 0, 1, 0], [0, 0, 0, 0, 1, 0, 1, 1, 1, 0], [0, 0, 0, 0, 1, 0, 1, 0, 0, 1], [0, 1, 1, 1, 0, 1, 0, 0, 0, 0], [0, 0, 0, 0, 1, 0, 1, 0, 0, 0], [1, 1, 1, 1, 0, 1, 0, 1, 1, 1], [1, 0, 1, 0, 0, 0, 1, 0, 1, 0], [0, 1, 1, 0, 0, 0, 1, 1, 0, 0], [1, 0, 0, 1, 0, 0, 1, 0, 0, 0]]",4.0,4.0,Y,"{0: 8, 1: 12, 2: 16, 3: 20, 4: 24, 5: 28, 6: 32, 7: 36, 8: 40, 9: 4}","{(0, 1): 1, (0, 6): 1, (0, 7): 4, (0, 9): 2, (1, 4): 1, (1, 6): 1, (1, 8): 9, (2, 4): 2, (2, 6): 1, (2, 7): 7, (2, 8): 6, (3, 4): 1, (3, 6): 18, (3, 9): 1, (4, 5): 20, (5, 6): 8, (6, 7): 1, (6, 8): 1, (6, 9): 1, (7, 8): 24}",2335.0000000021964
7.0,Graph with 10 nodes and 22 edges,"[[0, 1, 1, 0, 0, 1, 1, 1, 0, 0], [1, 0, 1, 0, 1, 0, 0, 0, 0, 1], [1, 1, 0, 1, 0, 1, 1, 0, 1, 1], [0, 0, 1, 0, 0, 1, 1, 0, 0, 1], [0, 1, 0, 0, 0, 1, 1, 0, 0, 0], [1, 0, 1, 1, 1, 0, 1, 1, 0, 1], [1, 0, 1, 1, 1, 1, 0, 0, 0, 0], [1, 0, 0, 0, 0, 1, 0, 0, 1, 0], [0, 0, 1, 0, 0, 0, 0, 1, 0, 0], [0, 1, 1, 1, 0, 1, 0, 0, 0, 0]]",3.0,1.0,Y,"{0: 5, 1: 4, 2: 7, 3: 12, 4: 3, 5: 11, 6: 10, 7: 9, 8: 8, 9: 6}","{(0, 1): 1, (0, 2): 1, (0, 5): 1, (0, 6): 1, (0, 7): 1, (1, 2): 1, (1, 4): 1, (1, 9): 1, (2, 3): 1, (2, 5): 1, (2, 6): 1, (2, 8): 1, (2, 9): 1, (3, 5): 3, (3, 6): 6, (3, 9): 1, (4, 5): 1, (4, 6): 1, (5, 6): 1, (5, 7): 1, (5, 9): 2, (7, 8): 7}",1590.0000000002024
8.0,Graph with 10 nodes and 22 edges,"[[0, 0, 0, 1, 0, 1, 1, 1, 0, 1], [0, 0, 0, 0, 0, 1, 0, 1, 0, 1], [0, 0, 0, 1, 0, 0, 1, 1, 1, 1], [1, 0, 1, 0, 1, 0, 1, 0, 0, 1], [0, 0, 0, 1, 0, 0, 0, 0, 0, 0], [1, 1, 0, 0, 0, 0, 1, 1, 0, 1], [1, 0, 1, 1, 0, 1, 0, 0, 1, 0], [1, 1, 1, 0, 0, 1, 0, 0, 1, 1], [0, 0, 1, 0, 0, 0, 1, 1, 0, 0], [1, 1, 1, 1, 0, 1, 0, 1, 0, 0]]",2.0,6.0,Y,"{0: 8, 1: 56, 2: 50, 3: 44, 4: 2, 5: 38, 6: 26, 7: 20, 8: 14, 9: 32}","{(0, 3): 1, (0, 5): 1, (0, 6): 4, (0, 7): 1, (0, 9): 1, (1, 5): 34, (1, 7): 1, (1, 9): 21, (2, 3): 18, (2, 6): 1, (2, 7): 15, (2, 8): 12, (2, 9): 4, (3, 4): 2, (3, 6): 19, (3, 9): 4, (5, 6): 1, (5, 7): 1, (5, 9): 1, (6, 8): 1, (7, 8): 1, (7, 9): 1}",1643.9999999988686
8.0,Graph with 10 nodes and 22 edges,"[[0, 0, 0, 1, 0, 1, 1, 1, 0, 1], [0, 0, 0, 0, 0, 1, 0, 1, 0, 1], [0, 0, 0, 1, 0, 0, 1, 1, 1, 1], [1, 0, 1, 0, 1, 0, 1, 0, 0, 1], [0, 0, 0, 1, 0, 0, 0, 0, 0, 0], [1, 1, 0, 0, 0, 0, 1, 1, 0, 1], [1, 0, 1, 1, 0, 1, 0, 0, 1, 0], [1, 1, 1, 0, 0, 1, 0, 0, 1, 1], [0, 0, 1, 0, 0, 0, 1, 1, 0, 0], [1, 1, 1, 1, 0, 1, 0, 1, 0, 0]]",3.0,6.0,Y,"{0: 39, 1: 9, 2: 45, 3: 21, 4: 3, 5: 57, 6: 33, 7: 51, 8: 15, 9: 27}","{(0, 3): 1, (0, 5): 8, (0, 6): 1, (0, 7): 28, (0, 9): 1, (1, 5): 7, (1, 7): 1, (1, 9): 1, (2, 3): 15, (2, 6): 22, (2, 7): 1, (2, 8): 6, (2, 9): 1, (3, 4): 3, (3, 6): 1, (3, 9): 1, (5, 6): 1, (5, 7): 19, (5, 9): 22, (6, 8): 8, (7, 8): 1, (7, 9): 1}",1794.000000003848
8.0,Graph with 10 nodes and 22 edges,"[[0, 0, 0, 1, 0, 1, 1, 1, 0, 1], [0, 0, 0, 0, 0, 1, 0, 1, 0, 1], [0, 0, 0, 1, 0, 0, 1, 1, 1, 1], [1, 0, 1, 0, 1, 0, 1, 0, 0, 1], [0, 0, 0, 1, 0, 0, 0, 0, 0, 0], [1, 1, 0, 0, 0, 0, 1, 1, 0, 1], [1, 0, 1, 1, 0, 1, 0, 0, 1, 0], [1, 1, 1, 0, 0, 1, 0, 0, 1, 1], [0, 0, 1, 0, 0, 0, 1, 1, 0, 0], [1, 1, 1, 1, 0, 1, 0, 1, 0, 0]]",4.0,5.0,Y,"{0: 34, 1: 9, 2: 39, 3: 19, 4: 4, 5: 49, 6: 29, 7: 44, 8: 14, 9: 24}","{(0, 3): 1, (0, 5): 11, (0, 6): 1, (0, 7): 19, (0, 9): 1, (1, 5): 7, (1, 7): 1, (1, 9): 1, (2, 3): 1, (2, 6): 6, (2, 7): 1, (2, 8): 12, (2, 9): 19, (3, 4): 4, (3, 6): 12, (3, 9): 1, (5, 6): 9, (5, 7): 20, (5, 9): 1, (6, 8): 1, (7, 8): 1, (7, 9): 1}",1753.999999998257
10.0,Graph with 10 nodes and 19 edges,"[[0, 1, 0, 1, 0, 0, 0, 0, 0, 0], [1, 0, 1, 1, 0, 0, 0, 0, 1, 0], [0, 1, 0, 0, 0, 0, 1, 1, 1, 1], [1, 1, 0, 0, 0, 1, 1, 1, 0, 1], [0, 0, 0, 0, 0, 0, 1, 0, 0, 1], [0, 0, 0, 1, 0, 0, 0, 1, 0, 0], [0, 0, 1, 1, 1, 0, 0, 0, 1, 1], [0, 0, 1, 1, 0, 1, 0, 0, 0, 1], [0, 1, 1, 0, 0, 0, 1, 0, 0, 0], [0, 0, 1, 1, 1, 0, 1, 1, 0, 0]]",2.0,6.0,Y,"{0: 8, 1: 56, 2: 44, 3: 50, 4: 2, 5: 14, 6: 32, 7: 20, 8: 26, 9: 38}","{(0, 1): 7, (0, 3): 1, (1, 2): 3, (1, 3): 45, (1, 8): 1, (2, 6): 5, (2, 7): 3, (2, 8): 1, (2, 9): 32, (3, 5): 1, (3, 6): 1, (3, 7): 1, (3, 9): 1, (4, 6): 1, (4, 9): 1, (5, 7): 13, (6, 8): 24, (6, 9): 1, (7, 9): 3}",1560.0000000048908
10.0,Graph with 10 nodes and 19 edges,"[[0, 1, 0, 1, 0, 0, 0, 0, 0, 0], [1, 0, 1, 1, 0, 0, 0, 0, 1, 0], [0, 1, 0, 0, 0, 0, 1, 1, 1, 1], [1, 1, 0, 0, 0, 1, 1, 1, 0, 1], [0, 0, 0, 0, 0, 0, 1, 0, 0, 1], [0, 0, 0, 1, 0, 0, 0, 1, 0, 0], [0, 0, 1, 1, 1, 0, 0, 0, 1, 1], [0, 0, 1, 1, 0, 1, 0, 0, 0, 1], [0, 1, 1, 0, 0, 0, 1, 0, 0, 0], [0, 0, 1, 1, 1, 0, 1, 1, 0, 0]]",2.0,7.0,Y,"{0: 9, 1: 65, 2: 51, 3: 58, 4: 2, 5: 16, 6: 37, 7: 23, 8: 30, 9: 44}","{(0, 1): 8, (0, 3): 1, (1, 2): 3, (1, 3): 53, (1, 8): 1, (2, 6): 6, (2, 7): 3, (2, 8): 1, (2, 9): 37, (3, 5): 1, (3, 6): 1, (3, 7): 1, (3, 9): 1, (4, 6): 1, (4, 9): 1, (5, 7): 15, (6, 8): 28, (6, 9): 1, (7, 9): 3}",1629.0000000012128
11.0,Graph with 10 nodes and 20 edges,"[[0, 0, 1, 1, 0, 0, 1, 1, 0, 0], [0, 0, 0, 1, 1, 1, 0, 0, 0, 0], [1, 0, 0, 1, 0, 1, 0, 0, 1, 0], [1, 1, 1, 0, 0, 1, 1, 0, 1, 0], [0, 1, 0, 0, 0, 1, 0, 0, 0, 1], [0, 1, 1, 1, 1, 0, 1, 1, 0, 0], [1, 0, 0, 1, 0, 1, 0, 0, 1, 0], [1, 0, 0, 0, 0, 1, 0, 0, 1, 0], [0, 0, 1, 1, 0, 0, 1, 1, 0, 1], [0, 0, 0, 0, 1, 0, 0, 0, 1, 0]]",4.0,2.0,Y,"{0: 8, 1: 6, 2: 4, 3: 22, 4: 12, 5: 20, 6: 16, 7: 10, 8: 18, 9: 14}","{(0, 2): 1, (0, 3): 5, (0, 6): 1, (0, 7): 1, (1, 3): 1, (1, 4): 1, (1, 5): 4, (2, 3): 1, (2, 5): 1, (2, 8): 1, (3, 5): 1, (3, 6): 13, (3, 8): 1, (4, 5): 8, (4, 9): 3, (5, 6): 1, (5, 7): 5, (6, 8): 1, (7, 8): 4, (8, 9): 11}",1725.000000007526
12.0,Graph with 10 nodes and 17 edges,"[[0, 1, 0, 0, 1, 1, 0, 0, 0, 1], [1, 0, 0, 1, 1, 0, 0, 0, 1, 0], [0, 0, 0, 1, 1, 0, 0, 0, 1, 0], [0, 1, 1, 0, 0, 0, 0, 0, 0, 0], [1, 1, 1, 0, 0, 1, 1, 0, 1, 0], [1, 0, 0, 0, 1, 0, 0, 1, 1, 0], [0, 0, 0, 0, 1, 0, 0, 0, 0, 0], [0, 0, 0, 0, 0, 1, 0, 0, 0, 1], [0, 1, 1, 0, 1, 1, 0, 0, 0, 1], [1, 0, 0, 0, 0, 0, 0, 1, 1, 0]]",2.0,2.0,Y,"{0: 14, 1: 16, 2: 8, 3: 4, 4: 20, 5: 10, 6: 2, 7: 6, 8: 18, 9: 12}","{(0, 1): 1, (0, 4): 6, (0, 5): 1, (0, 9): 6, (1, 3): 1, (1, 4): 1, (1, 8): 13, (2, 3): 3, (2, 4): 3, (2, 8): 2, (4, 5): 7, (4, 6): 2, (4, 8): 1, (5, 7): 1, (5, 8): 1, (7, 9): 5, (8, 9): 1}",1627.9999999966321
12.0,Graph with 10 nodes and 17 edges,"[[0, 1, 0, 0, 1, 1, 0, 0, 0, 1], [1, 0, 0, 1, 1, 0, 0, 0, 1, 0], [0, 0, 0, 1, 1, 0, 0, 0, 1, 0], [0, 1, 1, 0, 0, 0, 0, 0, 0, 0], [1, 1, 1, 0, 0, 1, 1, 0, 1, 0], [1, 0, 0, 0, 1, 0, 0, 1, 1, 0], [0, 0, 0, 0, 1, 0, 0, 0, 0, 0], [0, 0, 0, 0, 0, 1, 0, 0, 0, 1], [0, 1, 1, 0, 1, 1, 0, 0, 0, 1], [1, 0, 0, 0, 0, 0, 0, 1, 1, 0]]",2.0,4.0,Y,"{0: 10, 1: 14, 2: 18, 3: 6, 4: 22, 5: 26, 6: 2, 7: 30, 8: 38, 9: 34}","{(0, 1): 1, (0, 4): 1, (0, 5): 4, (0, 9): 4, (1, 3): 1, (1, 4): 1, (1, 8): 11, (2, 3): 5, (2, 4): 12, (2, 8): 1, (4, 5): 1, (4, 6): 2, (4, 8): 5, (5, 7): 1, (5, 8): 20, (7, 9): 29, (8, 9): 1}",2031.9999999998117
12.0,Graph with 10 nodes and 17 edges,"[[0, 1, 0, 0, 1, 1, 0, 0, 0, 1], [1, 0, 0, 1, 1, 0, 0, 0, 1, 0], [0, 0, 0, 1, 1, 0, 0, 0, 1, 0], [0, 1, 1, 0, 0, 0, 0, 0, 0, 0], [1, 1, 1, 0, 0, 1, 1, 0, 1, 0], [1, 0, 0, 0, 1, 0, 0, 1, 1, 0], [0, 0, 0, 0, 1, 0, 0, 0, 0, 0], [0, 0, 0, 0, 0, 1, 0, 0, 0, 1], [0, 1, 1, 0, 1, 1, 0, 0, 0, 1], [1, 0, 0, 0, 0, 0, 0, 1, 1, 0]]",3.0,1.0,Y,"{0: 4, 1: 12, 2: 3, 3: 10, 4: 11, 5: 8, 6: 5, 7: 9, 8: 6, 9: 7}","{(0, 1): 1, (0, 4): 1, (0, 5): 1, (0, 9): 1, (1, 3): 9, (1, 4): 1, (1, 8): 1, (2, 3): 1, (2, 4): 1, (2, 8): 1, (4, 5): 1, (4, 6): 5, (4, 8): 1, (5, 7): 4, (5, 8): 1, (7, 9): 5, (8, 9): 1}",1483.999999990715
12.0,Graph with 10 nodes and 17 edges,"[[0, 1, 0, 0, 1, 1, 0, 0, 0, 1], [1, 0, 0, 1, 1, 0, 0, 0, 1, 0], [0, 0, 0, 1, 1, 0, 0, 0, 1, 0], [0, 1, 1, 0, 0, 0, 0, 0, 0, 0], [1, 1, 1, 0, 0, 1, 1, 0, 1, 0], [1, 0, 0, 0, 1, 0, 0, 1, 1, 0], [0, 0, 0, 0, 1, 0, 0, 0, 0, 0], [0, 0, 0, 0, 0, 1, 0, 0, 0, 1], [0, 1, 1, 0, 1, 1, 0, 0, 0, 1], [1, 0, 0, 0, 0, 0, 0, 1, 1, 0]]",3.0,6.0,Y,"{0: 9, 1: 57, 2: 3, 3: 51, 4: 45, 5: 39, 6: 21, 7: 27, 8: 33, 9: 15}","{(0, 1): 1, (0, 4): 1, (0, 5): 6, (0, 9): 1, (1, 3): 50, (1, 4): 5, (1, 8): 1, (2, 3): 1, (2, 4): 1, (2, 8): 1, (4, 5): 3, (4, 6): 21, (4, 8): 14, (5, 7): 26, (5, 8): 4, (7, 9): 1, (8, 9): 13}",1671.9999999992297
12.0,Graph with 10 nodes and 17 edges,"[[0, 1, 0, 0, 1, 1, 0, 0, 0, 1], [1, 0, 0, 1, 1, 0, 0, 0, 1, 0], [0, 0, 0, 1, 1, 0, 0, 0, 1, 0], [0, 1, 1, 0, 0, 0, 0, 0, 0, 0], [1, 1, 1, 0, 0, 1, 1, 0, 1, 0], [1, 0, 0, 0, 1, 0, 0, 1, 1, 0], [0, 0, 0, 0, 1, 0, 0, 0, 0, 0], [0, 0, 0, 0, 0, 1, 0, 0, 0, 1], [0, 1, 1, 0, 1, 1, 0, 0, 0, 1], [1, 0, 0, 0, 0, 0, 0, 1, 1, 0]]",3.0,8.0,Y,"{0: 43, 1: 75, 2: 19, 3: 11, 4: 67, 5: 51, 6: 3, 7: 35, 8: 59, 9: 27}","{(0, 1): 18, (0, 4): 19, (0, 5): 1, (0, 9): 5, (1, 3): 1, (1, 4): 1, (1, 8): 55, (2, 3): 10, (2, 4): 8, (2, 8): 1, (4, 5): 35, (4, 6): 3, (4, 8): 1, (5, 7): 14, (5, 8): 1, (7, 9): 21, (8, 9): 1}",1686.0000000065156
13.0,Graph with 10 nodes and 20 edges,"[[0, 1, 1, 0, 1, 1, 1, 0, 1, 0], [1, 0, 1, 1, 0, 0, 1, 0, 0, 0], [1, 1, 0, 0, 1, 1, 0, 1, 1, 0], [0, 1, 0, 0, 0, 0, 0, 1, 1, 1], [1, 0, 1, 0, 0, 0, 0, 0, 0, 0], [1, 0, 1, 0, 0, 0, 1, 0, 1, 0], [1, 1, 0, 0, 0, 1, 0, 0, 1, 0], [0, 0, 1, 1, 0, 0, 0, 0, 0, 0], [1, 0, 1, 1, 0, 1, 1, 0, 0, 1], [0, 0, 0, 1, 0, 0, 0, 0, 1, 0]]",2.0,8.0,Y,"{0: 10, 1: 74, 2: 66, 3: 58, 4: 2, 5: 50, 6: 42, 7: 34, 8: 26, 9: 18}","{(0, 1): 1, (0, 2): 5, (0, 4): 1, (0, 5): 1, (0, 6): 1, (0, 8): 1, (1, 2): 1, (1, 3): 33, (1, 6): 39, (2, 4): 1, (2, 5): 29, (2, 7): 29, (2, 8): 1, (3, 7): 5, (3, 8): 3, (3, 9): 17, (5, 6): 1, (5, 8): 19, (6, 8): 1, (8, 9): 1}",1562.999999990211
13.0,Graph with 10 nodes and 20 edges,"[[0, 1, 1, 0, 1, 1, 1, 0, 1, 0], [1, 0, 1, 1, 0, 0, 1, 0, 0, 0], [1, 1, 0, 0, 1, 1, 0, 1, 1, 0], [0, 1, 0, 0, 0, 0, 0, 1, 1, 1], [1, 0, 1, 0, 0, 0, 0, 0, 0, 0], [1, 0, 1, 0, 0, 0, 1, 0, 1, 0], [1, 1, 0, 0, 0, 1, 0, 0, 1, 0], [0, 0, 1, 1, 0, 0, 0, 0, 0, 0], [1, 0, 1, 1, 0, 1, 1, 0, 0, 1], [0, 0, 0, 1, 0, 0, 0, 0, 1, 0]]",4.0,2.0,Y,"{0: 6, 1: 4, 2: 22, 3: 20, 4: 18, 5: 16, 6: 14, 7: 8, 8: 10, 9: 12}","{(0, 1): 1, (0, 2): 1, (0, 4): 1, (0, 5): 1, (0, 6): 1, (0, 8): 1, (1, 2): 1, (1, 3): 1, (1, 6): 1, (2, 4): 17, (2, 5): 1, (2, 7): 1, (2, 8): 1, (3, 7): 7, (3, 8): 2, (3, 9): 10, (5, 6): 11, (5, 8): 3, (6, 8): 1, (8, 9): 2}",1444.0000000064401
13.0,Graph with 10 nodes and 20 edges,"[[0, 1, 1, 0, 1, 1, 1, 0, 1, 0], [1, 0, 1, 1, 0, 0, 1, 0, 0, 0], [1, 1, 0, 0, 1, 1, 0, 1, 1, 0], [0, 1, 0, 0, 0, 0, 0, 1, 1, 1], [1, 0, 1, 0, 0, 0, 0, 0, 0, 0], [1, 0, 1, 0, 0, 0, 1, 0, 1, 0], [1, 1, 0, 0, 0, 1, 0, 0, 1, 0], [0, 0, 1, 1, 0, 0, 0, 0, 0, 0], [1, 0, 1, 1, 0, 1, 1, 0, 0, 1], [0, 0, 0, 1, 0, 0, 0, 0, 1, 0]]",4.0,7.0,Y,"{0: 11, 1: 4, 2: 67, 3: 60, 4: 53, 5: 46, 6: 39, 7: 18, 8: 25, 9: 32}","{(0, 1): 1, (0, 2): 6, (0, 4): 1, (0, 5): 1, (0, 6): 1, (0, 8): 1, (1, 2): 1, (1, 3): 1, (1, 6): 1, (2, 4): 52, (2, 5): 2, (2, 7): 1, (2, 8): 4, (3, 7): 17, (3, 8): 11, (3, 9): 31, (5, 6): 36, (5, 8): 6, (6, 8): 1, (8, 9): 1}",1610.9999999969205
14.0,Graph with 10 nodes and 20 edges,"[[0, 1, 0, 0, 1, 0, 1, 0, 0, 1], [1, 0, 1, 1, 0, 0, 1, 0, 1, 1], [0, 1, 0, 0, 1, 0, 1, 1, 1, 0], [0, 1, 0, 0, 0, 0, 1, 0, 0, 1], [1, 0, 1, 0, 0, 0, 0, 1, 0, 0], [0, 0, 0, 0, 0, 0, 1, 0, 1, 0], [1, 1, 1, 1, 0, 1, 0, 0, 0, 0], [0, 0, 1, 0, 1, 0, 0, 0, 1, 1], [0, 1, 1, 0, 0, 1, 0, 1, 0, 0], [1, 1, 0, 1, 0, 0, 0, 1, 0, 0]]",2.0,1.0,Y,"{0: 8, 1: 11, 2: 10, 3: 3, 4: 4, 5: 2, 6: 9, 7: 6, 8: 7, 9: 5}","{(0, 1): 1, (0, 4): 1, (0, 6): 5, (0, 9): 1, (1, 2): 2, (1, 3): 1, (1, 6): 1, (1, 8): 3, (1, 9): 2, (2, 4): 2, (2, 6): 1, (2, 7): 3, (2, 8): 1, (3, 6): 1, (3, 9): 1, (4, 7): 1, (5, 6): 1, (5, 8): 1, (7, 8): 1, (7, 9): 1}",1514.0000000002374
15.0,Graph with 10 nodes and 23 edges,"[[0, 1, 1, 1, 1, 1, 1, 0, 1, 1], [1, 0, 0, 1, 1, 0, 1, 1, 1, 0], [1, 0, 0, 0, 1, 1, 0, 1, 0, 0], [1, 1, 0, 0, 0, 0, 0, 0, 1, 1], [1, 1, 1, 0, 0, 0, 1, 0, 0, 0], [1, 0, 1, 0, 0, 0, 0, 1, 1, 0], [1, 1, 0, 0, 1, 0, 0, 1, 0, 1], [0, 1, 1, 0, 0, 1, 1, 0, 0, 0], [1, 1, 0, 1, 0, 1, 0, 0, 0, 0], [1, 0, 0, 1, 0, 0, 1, 0, 0, 0]]",3.0,1.0,Y,"{0: 12, 1: 11, 2: 5, 3: 4, 4: 6, 5: 8, 6: 10, 7: 7, 8: 9, 9: 3}","{(0, 1): 4, (0, 2): 1, (0, 3): 1, (0, 4): 1, (0, 5): 1, (0, 6): 1, (0, 8): 1, (0, 9): 1, (1, 3): 1, (1, 4): 1, (1, 6): 1, (1, 7): 1, (1, 8): 2, (2, 4): 2, (2, 5): 1, (2, 7): 1, (3, 8): 1, (3, 9): 1, (4, 6): 2, (5, 7): 1, (5, 8): 5, (6, 7): 4, (6, 9): 1}",1230.0000000067257
15.0,Graph with 10 nodes and 23 edges,"[[0, 1, 1, 1, 1, 1, 1, 0, 1, 1], [1, 0, 0, 1, 1, 0, 1, 1, 1, 0], [1, 0, 0, 0, 1, 1, 0, 1, 0, 0], [1, 1, 0, 0, 0, 0, 0, 0, 1, 1], [1, 1, 1, 0, 0, 0, 1, 0, 0, 0], [1, 0, 1, 0, 0, 0, 0, 1, 1, 0], [1, 1, 0, 0, 1, 0, 0, 1, 0, 1], [0, 1, 1, 0, 0, 1, 1, 0, 0, 0], [1, 1, 0, 1, 0, 1, 0, 0, 0, 0], [1, 0, 0, 1, 0, 0, 1, 0, 0, 0]]",3.0,7.0,Y,"{0: 10, 1: 66, 2: 59, 3: 52, 4: 45, 5: 31, 6: 24, 7: 17, 8: 38, 9: 3}","{(0, 1): 1, (0, 2): 2, (0, 3): 1, (0, 4): 1, (0, 5): 1, (0, 6): 1, (0, 8): 1, (0, 9): 1, (1, 3): 15, (1, 4): 15, (1, 6): 20, (1, 7): 14, (1, 8): 1, (2, 4): 27, (2, 5): 28, (2, 7): 1, (3, 8): 35, (3, 9): 1, (4, 6): 1, (5, 7): 1, (5, 8): 1, (6, 7): 1, (6, 9): 1}",1493.999999993889
16.0,Graph with 10 nodes and 22 edges,"[[0, 1, 0, 1, 0, 0, 0, 1, 1, 0], [1, 0, 0, 0, 1, 0, 0, 1, 1, 0], [0, 0, 0, 0, 0, 0, 1, 1, 0, 0], [1, 0, 0, 0, 0, 0, 1, 1, 0, 1], [0, 1, 0, 0, 0, 0, 1, 0, 0, 1], [0, 0, 0, 0, 0, 0, 1, 1, 1, 1], [0, 0, 1, 1, 1, 1, 0, 1, 1, 1], [1, 1, 1, 1, 0, 1, 1, 0, 0, 0], [1, 1, 0, 0, 0, 1, 1, 0, 0, 1], [0, 0, 0, 1, 1, 1, 1, 0, 1, 0]]",2.0,6.0,Y,"{0: 14, 1: 44, 2: 2, 3: 38, 4: 56, 5: 32, 6: 8, 7: 26, 8: 20, 9: 50}","{(0, 1): 1, (0, 3): 3, (0, 7): 9, (0, 8): 1, (1, 4): 41, (1, 7): 1, (1, 8): 1, (2, 6): 1, (2, 7): 1, (3, 6): 1, (3, 7): 1, (3, 9): 33, (4, 6): 2, (4, 9): 13, (5, 6): 1, (5, 7): 13, (5, 8): 16, (5, 9): 2, (6, 7): 1, (6, 8): 1, (6, 9): 1, (8, 9): 1}",1475.9999999967022
16.0,Graph with 10 nodes and 22 edges,"[[0, 1, 0, 1, 0, 0, 0, 1, 1, 0], [1, 0, 0, 0, 1, 0, 0, 1, 1, 0], [0, 0, 0, 0, 0, 0, 1, 1, 0, 0], [1, 0, 0, 0, 0, 0, 1, 1, 0, 1], [0, 1, 0, 0, 0, 0, 1, 0, 0, 1], [0, 0, 0, 0, 0, 0, 1, 1, 1, 1], [0, 0, 1, 1, 1, 1, 0, 1, 1, 1], [1, 1, 1, 1, 0, 1, 1, 0, 0, 0], [1, 1, 0, 0, 0, 1, 1, 0, 0, 1], [0, 0, 0, 1, 1, 1, 1, 0, 1, 0]]",2.0,8.0,Y,"{0: 18, 1: 58, 2: 2, 3: 50, 4: 74, 5: 42, 6: 10, 7: 34, 8: 26, 9: 66}","{(0, 1): 1, (0, 3): 2, (0, 7): 14, (0, 8): 1, (1, 4): 55, (1, 7): 1, (1, 8): 1, (2, 6): 1, (2, 7): 1, (3, 6): 1, (3, 7): 1, (3, 9): 46, (4, 6): 2, (4, 9): 17, (5, 6): 3, (5, 7): 16, (5, 8): 22, (5, 9): 1, (6, 7): 1, (6, 8): 1, (6, 9): 1, (8, 9): 1}",1459.9999999944657
16.0,Graph with 10 nodes and 22 edges,"[[0, 1, 0, 1, 0, 0, 0, 1, 1, 0], [1, 0, 0, 0, 1, 0, 0, 1, 1, 0], [0, 0, 0, 0, 0, 0, 1, 1, 0, 0], [1, 0, 0, 0, 0, 0, 1, 1, 0, 1], [0, 1, 0, 0, 0, 0, 1, 0, 0, 1], [0, 0, 0, 0, 0, 0, 1, 1, 1, 1], [0, 0, 1, 1, 1, 1, 0, 1, 1, 1], [1, 1, 1, 1, 0, 1, 1, 0, 0, 0], [1, 1, 0, 0, 0, 1, 1, 0, 0, 1], [0, 0, 0, 1, 1, 1, 1, 0, 1, 0]]",3.0,9.0,Y,"{0: 84, 1: 75, 2: 3, 3: 66, 4: 57, 5: 48, 6: 39, 7: 30, 8: 21, 9: 12}","{(0, 1): 2, (0, 3): 62, (0, 7): 18, (0, 8): 1, (1, 4): 55, (1, 7): 1, (1, 8): 17, (2, 6): 2, (2, 7): 1, (3, 6): 1, (3, 7): 1, (3, 9): 1, (4, 6): 1, (4, 9): 1, (5, 6): 31, (5, 7): 7, (5, 8): 1, (5, 9): 8, (6, 7): 1, (6, 8): 1, (6, 9): 1, (8, 9): 1}",1688.9999999989413
17.0,Graph with 10 nodes and 21 edges,"[[0, 1, 1, 0, 1, 0, 1, 0, 1, 1], [1, 0, 0, 0, 1, 0, 0, 0, 0, 1], [1, 0, 0, 1, 1, 1, 1, 1, 0, 1], [0, 0, 1, 0, 1, 0, 0, 1, 0, 0], [1, 1, 1, 1, 0, 0, 0, 0, 1, 1], [0, 0, 1, 0, 0, 0, 0, 0, 0, 0], [1, 0, 1, 0, 0, 0, 0, 0, 1, 0], [0, 0, 1, 1, 0, 0, 0, 0, 1, 0], [1, 0, 0, 0, 1, 0, 1, 1, 0, 1], [1, 1, 1, 0, 1, 0, 0, 0, 1, 0]]",3.0,7.0,Y,"{0: 45, 1: 10, 2: 66, 3: 31, 4: 52, 5: 3, 6: 24, 7: 17, 8: 38, 9: 59}","{(0, 1): 1, (0, 2): 1, (0, 4): 33, (0, 6): 1, (0, 8): 1, (0, 9): 7, (1, 4): 1, (1, 9): 8, (2, 3): 29, (2, 4): 1, (2, 5): 3, (2, 6): 16, (2, 7): 15, (2, 9): 1, (3, 4): 1, (3, 7): 1, (4, 8): 1, (4, 9): 14, (6, 8): 7, (7, 8): 1, (8, 9): 28}",1582.9999999965594
17.0,Graph with 10 nodes and 21 edges,"[[0, 1, 1, 0, 1, 0, 1, 0, 1, 1], [1, 0, 0, 0, 1, 0, 0, 0, 0, 1], [1, 0, 0, 1, 1, 1, 1, 1, 0, 1], [0, 0, 1, 0, 1, 0, 0, 1, 0, 0], [1, 1, 1, 1, 0, 0, 0, 0, 1, 1], [0, 0, 1, 0, 0, 0, 0, 0, 0, 0], [1, 0, 1, 0, 0, 0, 0, 0, 1, 0], [0, 0, 1, 1, 0, 0, 0, 0, 1, 0], [1, 0, 0, 0, 1, 0, 1, 1, 0, 1], [1, 1, 1, 0, 1, 0, 0, 0, 1, 0]]",4.0,4.0,Y,"{0: 36, 1: 8, 2: 40, 3: 12, 4: 32, 5: 16, 6: 4, 7: 20, 8: 24, 9: 28}","{(0, 1): 1, (0, 2): 1, (0, 4): 11, (0, 6): 1, (0, 8): 19, (0, 9): 3, (1, 4): 1, (1, 9): 6, (2, 3): 6, (2, 4): 1, (2, 5): 16, (2, 6): 1, (2, 7): 14, (2, 9): 1, (3, 4): 1, (3, 7): 5, (4, 8): 1, (4, 9): 17, (6, 8): 2, (7, 8): 1, (8, 9): 1}",1739.0000000006012
19.0,Graph with 10 nodes and 22 edges,"[[0, 0, 0, 0, 1, 1, 1, 1, 1, 0], [0, 0, 1, 1, 0, 1, 1, 1, 0, 0], [0, 1, 0, 0, 1, 0, 0, 0, 0, 0], [0, 1, 0, 0, 1, 0, 0, 1, 0, 0], [1, 0, 1, 1, 0, 0, 1, 0, 1, 0], [1, 1, 0, 0, 0, 0, 0, 1, 1, 1], [1, 1, 0, 0, 1, 0, 0, 1, 0, 0], [1, 1, 0, 1, 0, 1, 1, 0, 1, 1], [1, 0, 0, 0, 1, 1, 0, 1, 0, 1], [0, 0, 0, 0, 0, 1, 0, 1, 1, 0]]",2.0,1.0,Y,"{0: 7, 1: 9, 2: 2, 3: 4, 4: 8, 5: 6, 6: 5, 7: 11, 8: 10, 9: 3}","{(0, 4): 1, (0, 5): 1, (0, 6): 1, (0, 7): 2, (0, 8): 2, (1, 2): 1, (1, 3): 2, (1, 5): 1, (1, 6): 1, (1, 7): 3, (2, 4): 1, (3, 4): 1, (3, 7): 1, (4, 6): 1, (4, 8): 4, (5, 7): 1, (5, 8): 2, (5, 9): 1, (6, 7): 1, (7, 8): 1, (7, 9): 1, (8, 9): 1}",1679.000000009978
19.0,Graph with 10 nodes and 22 edges,"[[0, 0, 0, 0, 1, 1, 1, 1, 1, 0], [0, 0, 1, 1, 0, 1, 1, 1, 0, 0], [0, 1, 0, 0, 1, 0, 0, 0, 0, 0], [0, 1, 0, 0, 1, 0, 0, 1, 0, 0], [1, 0, 1, 1, 0, 0, 1, 0, 1, 0], [1, 1, 0, 0, 0, 0, 0, 1, 1, 1], [1, 1, 0, 0, 1, 0, 0, 1, 0, 0], [1, 1, 0, 1, 0, 1, 1, 0, 1, 1], [1, 0, 0, 0, 1, 1, 0, 1, 0, 1], [0, 0, 0, 0, 0, 1, 0, 1, 1, 0]]",3.0,8.0,Y,"{0: 11, 1: 75, 2: 3, 3: 67, 4: 59, 5: 51, 6: 43, 7: 19, 8: 35, 9: 27}","{(0, 4): 1, (0, 5): 1, (0, 6): 7, (0, 7): 1, (0, 8): 1, (1, 2): 1, (1, 3): 35, (1, 5): 16, (1, 6): 22, (1, 7): 1, (2, 4): 2, (3, 4): 31, (3, 7): 1, (4, 6): 1, (4, 8): 24, (5, 7): 1, (5, 8): 8, (5, 9): 25, (6, 7): 13, (7, 8): 1, (7, 9): 1, (8, 9): 1}",1553.0000000012478
19.0,Graph with 10 nodes and 22 edges,"[[0, 0, 0, 0, 1, 1, 1, 1, 1, 0], [0, 0, 1, 1, 0, 1, 1, 1, 0, 0], [0, 1, 0, 0, 1, 0, 0, 0, 0, 0], [0, 1, 0, 0, 1, 0, 0, 1, 0, 0], [1, 0, 1, 1, 0, 0, 1, 0, 1, 0], [1, 1, 0, 0, 0, 0, 0, 1, 1, 1], [1, 1, 0, 0, 1, 0, 0, 1, 0, 0], [1, 1, 0, 1, 0, 1, 1, 0, 1, 1], [1, 0, 0, 0, 1, 1, 0, 1, 0, 1], [0, 0, 0, 0, 0, 1, 0, 1, 1, 0]]",4.0,1.0,Y,"{0: 5, 1: 13, 2: 4, 3: 12, 4: 11, 5: 10, 6: 6, 7: 9, 8: 8, 9: 7}","{(0, 4): 1, (0, 5): 1, (0, 6): 1, (0, 7): 1, (0, 8): 1, (1, 2): 1, (1, 3): 8, (1, 5): 1, (1, 6): 1, (1, 7): 1, (2, 4): 3, (3, 4): 2, (3, 7): 1, (4, 6): 3, (4, 8): 1, (5, 7): 1, (5, 8): 1, (5, 9): 5, (6, 7): 1, (7, 8): 3, (7, 9): 1, (8, 9): 1}",1704.0000000037026
21.0,Graph with 10 nodes and 21 edges,"[[0, 0, 1, 1, 0, 1, 1, 0, 1, 0], [0, 0, 0, 1, 1, 0, 1, 1, 0, 1], [1, 0, 0, 0, 1, 0, 1, 1, 1, 0], [1, 1, 0, 0, 0, 0, 0, 1, 0, 0], [0, 1, 1, 0, 0, 1, 1, 0, 0, 0], [1, 0, 0, 0, 1, 0, 1, 1, 0, 0], [1, 1, 1, 0, 1, 1, 0, 1, 0, 0], [0, 1, 1, 1, 0, 1, 1, 0, 0, 0], [1, 0, 1, 0, 0, 0, 0, 0, 0, 1], [0, 1, 0, 0, 0, 0, 0, 0, 1, 0]]",2.0,9.0,Y,"{0: 11, 1: 83, 2: 74, 3: 65, 4: 56, 5: 38, 6: 29, 7: 20, 8: 47, 9: 2}","{(0, 2): 1, (0, 3): 7, (0, 5): 1, (0, 6): 1, (0, 8): 1, (1, 3): 52, (1, 4): 27, (1, 6): 1, (1, 7): 1, (1, 9): 1, (2, 4): 26, (2, 6): 1, (2, 7): 1, (2, 8): 45, (3, 7): 5, (4, 5): 1, (4, 6): 1, (5, 6): 24, (5, 7): 11, (6, 7): 1, (8, 9): 1}",1419.99999999598
21.0,Graph with 10 nodes and 21 edges,"[[0, 0, 1, 1, 0, 1, 1, 0, 1, 0], [0, 0, 0, 1, 1, 0, 1, 1, 0, 1], [1, 0, 0, 0, 1, 0, 1, 1, 1, 0], [1, 1, 0, 0, 0, 0, 0, 1, 0, 0], [0, 1, 1, 0, 0, 1, 1, 0, 0, 0], [1, 0, 0, 0, 1, 0, 1, 1, 0, 0], [1, 1, 1, 0, 1, 1, 0, 1, 0, 0], [0, 1, 1, 1, 0, 1, 1, 0, 0, 0], [1, 0, 1, 0, 0, 0, 0, 0, 0, 1], [0, 1, 0, 0, 0, 0, 0, 0, 1, 0]]",4.0,2.0,Y,"{0: 6, 1: 22, 2: 20, 3: 4, 4: 18, 5: 16, 6: 14, 7: 8, 8: 12, 9: 10}","{(0, 2): 1, (0, 3): 1, (0, 5): 2, (0, 6): 1, (0, 8): 1, (1, 3): 2, (1, 4): 4, (1, 6): 3, (1, 7): 4, (1, 9): 9, (2, 4): 1, (2, 6): 7, (2, 7): 1, (2, 8): 10, (3, 7): 1, (4, 5): 12, (4, 6): 1, (5, 6): 1, (5, 7): 1, (6, 7): 1, (8, 9): 1}",1544.0000000097598
21.0,Graph with 10 nodes and 21 edges,"[[0, 0, 1, 1, 0, 1, 1, 0, 1, 0], [0, 0, 0, 1, 1, 0, 1, 1, 0, 1], [1, 0, 0, 0, 1, 0, 1, 1, 1, 0], [1, 1, 0, 0, 0, 0, 0, 1, 0, 0], [0, 1, 1, 0, 0, 1, 1, 0, 0, 0], [1, 0, 0, 0, 1, 0, 1, 1, 0, 0], [1, 1, 1, 0, 1, 1, 0, 1, 0, 0], [0, 1, 1, 1, 0, 1, 1, 0, 0, 0], [1, 0, 1, 0, 0, 0, 0, 0, 0, 1], [0, 1, 0, 0, 0, 0, 0, 0, 1, 0]]",4.0,6.0,Y,"{0: 40, 1: 52, 2: 34, 3: 16, 4: 22, 5: 10, 6: 58, 7: 46, 8: 4, 9: 28}","{(0, 2): 1, (0, 3): 1, (0, 5): 1, (0, 6): 36, (0, 8): 1, (1, 3): 1, (1, 4): 1, (1, 6): 1, (1, 7): 23, (1, 9): 26, (2, 4): 19, (2, 6): 9, (2, 7): 4, (2, 8): 1, (3, 7): 14, (4, 5): 1, (4, 6): 1, (5, 6): 7, (5, 7): 1, (6, 7): 4, (8, 9): 2}",1826.000000008321
22.0,Graph with 10 nodes and 23 edges,"[[0, 0, 1, 1, 0, 1, 1, 0, 1, 1], [0, 0, 1, 0, 0, 0, 0, 1, 1, 1], [1, 1, 0, 1, 1, 1, 0, 1, 0, 0], [1, 0, 1, 0, 1, 0, 0, 1, 1, 0], [0, 0, 1, 1, 0, 0, 1, 1, 0, 1], [1, 0, 1, 0, 0, 0, 0, 0, 1, 0], [1, 0, 0, 0, 1, 0, 0, 0, 1, 0], [0, 1, 1, 1, 1, 0, 0, 0, 0, 1], [1, 1, 0, 1, 0, 1, 1, 0, 0, 0], [1, 1, 0, 0, 1, 0, 0, 1, 0, 0]]",3.0,6.0,Y,"{0: 9, 1: 57, 2: 51, 3: 45, 4: 39, 5: 3, 6: 27, 7: 15, 8: 33, 9: 21}","{(0, 2): 1, (0, 3): 1, (0, 5): 1, (0, 6): 1, (0, 8): 4, (0, 9): 1, (1, 2): 43, (1, 7): 1, (1, 8): 2, (1, 9): 11, (2, 3): 4, (2, 4): 1, (2, 5): 1, (2, 7): 1, (3, 4): 28, (3, 7): 11, (3, 8): 1, (4, 6): 1, (4, 7): 1, (4, 9): 8, (5, 8): 1, (6, 8): 25, (7, 9): 1}",1596.9999999896345
22.0,Graph with 10 nodes and 23 edges,"[[0, 0, 1, 1, 0, 1, 1, 0, 1, 1], [0, 0, 1, 0, 0, 0, 0, 1, 1, 1], [1, 1, 0, 1, 1, 1, 0, 1, 0, 0], [1, 0, 1, 0, 1, 0, 0, 1, 1, 0], [0, 0, 1, 1, 0, 0, 1, 1, 0, 1], [1, 0, 1, 0, 0, 0, 0, 0, 1, 0], [1, 0, 0, 0, 1, 0, 0, 0, 1, 0], [0, 1, 1, 1, 1, 0, 0, 0, 0, 1], [1, 1, 0, 1, 0, 1, 1, 0, 0, 0], [1, 1, 0, 0, 1, 0, 0, 1, 0, 0]]",4.0,6.0,Y,"{0: 46, 1: 16, 2: 28, 3: 34, 4: 52, 5: 10, 6: 4, 7: 40, 8: 58, 9: 22}","{(0, 2): 1, (0, 3): 13, (0, 5): 1, (0, 6): 1, (0, 8): 29, (0, 9): 1, (1, 2): 1, (1, 7): 13, (1, 8): 1, (1, 9): 1, (2, 3): 1, (2, 4): 23, (2, 5): 1, (2, 7): 1, (3, 4): 1, (3, 7): 1, (3, 8): 18, (4, 6): 1, (4, 7): 16, (4, 9): 11, (5, 8): 8, (6, 8): 2, (7, 9): 9}",1633.9999999956945
23.0,Graph with 10 nodes and 17 edges,"[[0, 1, 1, 1, 1, 1, 0, 0, 0, 0], [1, 0, 1, 0, 0, 0, 0, 0, 0, 1], [1, 1, 0, 0, 1, 0, 0, 0, 0, 0], [1, 0, 0, 0, 1, 0, 1, 0, 0, 0], [1, 0, 1, 1, 0, 0, 1, 0, 0, 0], [1, 0, 0, 0, 0, 0, 1, 0, 1, 1], [0, 0, 0, 1, 1, 1, 0, 0, 0, 1], [0, 0, 0, 0, 0, 0, 0, 0, 1, 0], [0, 0, 0, 0, 0, 1, 0, 1, 0, 1], [0, 1, 0, 0, 0, 1, 1, 0, 1, 0]]",2.0,2.0,Y,"{0: 20, 1: 18, 2: 16, 3: 14, 4: 12, 5: 10, 6: 8, 7: 2, 8: 6, 9: 4}","{(0, 1): 8, (0, 2): 5, (0, 3): 1, (0, 4): 1, (0, 5): 5, (1, 2): 9, (1, 9): 1, (2, 4): 2, (3, 4): 8, (3, 6): 5, (4, 6): 1, (5, 6): 1, (5, 8): 3, (5, 9): 1, (6, 9): 1, (7, 8): 2, (8, 9): 1}",1363.999999995258
23.0,Graph with 10 nodes and 17 edges,"[[0, 1, 1, 1, 1, 1, 0, 0, 0, 0], [1, 0, 1, 0, 0, 0, 0, 0, 0, 1], [1, 1, 0, 0, 1, 0, 0, 0, 0, 0], [1, 0, 0, 0, 1, 0, 1, 0, 0, 0], [1, 0, 1, 1, 0, 0, 1, 0, 0, 0], [1, 0, 0, 0, 0, 0, 1, 0, 1, 1], [0, 0, 0, 1, 1, 1, 0, 0, 0, 1], [0, 0, 0, 0, 0, 0, 0, 0, 1, 0], [0, 0, 0, 0, 0, 1, 0, 1, 0, 1], [0, 1, 0, 0, 0, 1, 1, 0, 1, 0]]",2.0,9.0,Y,"{0: 11, 1: 83, 2: 74, 3: 65, 4: 56, 5: 38, 6: 29, 7: 2, 8: 20, 9: 47}","{(0, 1): 1, (0, 2): 1, (0, 3): 4, (0, 4): 1, (0, 5): 3, (1, 2): 53, (1, 9): 28, (2, 4): 19, (3, 4): 34, (3, 6): 26, (4, 6): 1, (5, 6): 1, (5, 8): 17, (5, 9): 16, (6, 9): 1, (7, 8): 2, (8, 9): 1}",1597.0000000038453
23.0,Graph with 10 nodes and 17 edges,"[[0, 1, 1, 1, 1, 1, 0, 0, 0, 0], [1, 0, 1, 0, 0, 0, 0, 0, 0, 1], [1, 1, 0, 0, 1, 0, 0, 0, 0, 0], [1, 0, 0, 0, 1, 0, 1, 0, 0, 0], [1, 0, 1, 1, 0, 0, 1, 0, 0, 0], [1, 0, 0, 0, 0, 0, 1, 0, 1, 1], [0, 0, 0, 1, 1, 1, 0, 0, 0, 1], [0, 0, 0, 0, 0, 0, 0, 0, 1, 0], [0, 0, 0, 0, 0, 1, 0, 1, 0, 1], [0, 1, 0, 0, 0, 1, 1, 0, 1, 0]]",4.0,7.0,Y,"{0: 67, 1: 53, 2: 4, 3: 18, 4: 25, 5: 32, 6: 11, 7: 39, 8: 60, 9: 46}","{(0, 1): 16, (0, 2): 2, (0, 3): 16, (0, 4): 22, (0, 5): 10, (1, 2): 1, (1, 9): 35, (2, 4): 1, (3, 4): 1, (3, 6): 1, (4, 6): 1, (5, 6): 1, (5, 8): 19, (5, 9): 1, (6, 9): 8, (7, 8): 39, (8, 9): 1}",1592.0000000022583
24.0,Graph with 10 nodes and 15 edges,"[[0, 1, 0, 1, 0, 0, 1, 1, 0, 0], [1, 0, 0, 0, 0, 0, 0, 1, 1, 0], [0, 0, 0, 1, 0, 1, 1, 1, 0, 0], [1, 0, 1, 0, 0, 0, 1, 0, 0, 0], [0, 0, 0, 0, 0, 0, 0, 0, 1, 1], [0, 0, 1, 0, 0, 0, 0, 0, 0, 0], [1, 0, 1, 1, 0, 0, 0, 1, 0, 0], [1, 1, 1, 0, 0, 0, 1, 0, 0, 1], [0, 1, 0, 0, 1, 0, 0, 0, 0, 0], [0, 0, 0, 0, 1, 0, 0, 1, 0, 0]]",3.0,9.0,Y,"{0: 12, 1: 3, 2: 84, 3: 75, 4: 66, 5: 48, 6: 57, 7: 21, 8: 39, 9: 30}","{(0, 1): 1, (0, 3): 9, (0, 6): 1, (0, 7): 1, (1, 7): 1, (1, 8): 1, (2, 3): 15, (2, 5): 48, (2, 6): 4, (2, 7): 16, (3, 6): 50, (4, 8): 38, (4, 9): 28, (6, 7): 1, (7, 9): 2}",1801.9999999978609
25.0,Graph with 10 nodes and 23 edges,"[[0, 0, 1, 1, 1, 0, 1, 0, 0, 1], [0, 0, 0, 1, 1, 1, 0, 1, 0, 0], [1, 0, 0, 1, 1, 0, 0, 1, 1, 0], [1, 1, 1, 0, 1, 0, 1, 1, 0, 0], [1, 1, 1, 1, 0, 0, 1, 1, 1, 1], [0, 1, 0, 0, 0, 0, 0, 0, 0, 1], [1, 0, 0, 1, 1, 0, 0, 0, 1, 1], [0, 1, 1, 1, 1, 0, 0, 0, 0, 0], [0, 0, 1, 0, 1, 0, 1, 0, 0, 0], [1, 0, 0, 0, 1, 1, 1, 0, 0, 0]]",3.0,4.0,Y,"{0: 19, 1: 35, 2: 15, 3: 23, 4: 39, 5: 7, 6: 31, 7: 27, 8: 3, 9: 11}","{(0, 2): 1, (0, 3): 1, (0, 4): 15, (0, 6): 1, (0, 9): 1, (1, 3): 1, (1, 4): 4, (1, 5): 6, (1, 7): 24, (2, 3): 1, (2, 4): 11, (2, 7): 1, (2, 8): 1, (3, 4): 1, (3, 6): 18, (3, 7): 1, (4, 6): 4, (4, 7): 1, (4, 8): 1, (4, 9): 2, (5, 9): 1, (6, 8): 1, (6, 9): 7}",1604.000000000383
27.0,Graph with 10 nodes and 27 edges,"[[0, 1, 1, 1, 0, 0, 1, 1, 0, 1], [1, 0, 1, 1, 0, 1, 1, 1, 0, 0], [1, 1, 0, 0, 1, 1, 0, 1, 0, 1], [1, 1, 0, 0, 1, 1, 0, 0, 1, 1], [0, 0, 1, 1, 0, 1, 1, 1, 0, 1], [0, 1, 1, 1, 1, 0, 0, 0, 1, 0], [1, 1, 0, 0, 1, 0, 0, 1, 0, 1], [1, 1, 1, 0, 1, 0, 1, 0, 0, 1], [0, 0, 0, 1, 0, 1, 0, 0, 0, 0], [1, 0, 1, 1, 1, 0, 1, 1, 0, 0]]",2.0,4.0,Y,"{0: 6, 1: 38, 2: 34, 3: 30, 4: 26, 5: 18, 6: 14, 7: 10, 8: 2, 9: 22}","{(0, 1): 1, (0, 2): 1, (0, 3): 1, (0, 6): 1, (0, 7): 1, (0, 9): 1, (1, 2): 1, (1, 3): 22, (1, 5): 11, (1, 6): 1, (1, 7): 1, (2, 4): 21, (2, 5): 1, (2, 7): 3, (2, 9): 6, (3, 4): 1, (3, 5): 3, (3, 8): 1, (3, 9): 1, (4, 5): 1, (4, 6): 1, (4, 7): 1, (4, 9): 1, (5, 8): 1, (6, 7): 1, (6, 9): 10, (7, 9): 2}",1491.9999999989386
27.0,Graph with 10 nodes and 27 edges,"[[0, 1, 1, 1, 0, 0, 1, 1, 0, 1], [1, 0, 1, 1, 0, 1, 1, 1, 0, 0], [1, 1, 0, 0, 1, 1, 0, 1, 0, 1], [1, 1, 0, 0, 1, 1, 0, 0, 1, 1], [0, 0, 1, 1, 0, 1, 1, 1, 0, 1], [0, 1, 1, 1, 1, 0, 0, 0, 1, 0], [1, 1, 0, 0, 1, 0, 0, 1, 0, 1], [1, 1, 1, 0, 1, 0, 1, 0, 0, 1], [0, 0, 0, 1, 0, 1, 0, 0, 0, 0], [1, 0, 1, 1, 1, 0, 1, 1, 0, 0]]",2.0,6.0,Y,"{0: 8, 1: 56, 2: 50, 3: 44, 4: 38, 5: 26, 6: 20, 7: 14, 8: 2, 9: 32}","{(0, 1): 1, (0, 2): 1, (0, 3): 1, (0, 6): 1, (0, 7): 1, (0, 9): 3, (1, 2): 1, (1, 3): 34, (1, 5): 17, (1, 6): 1, (1, 7): 1, (2, 4): 33, (2, 5): 1, (2, 7): 1, (2, 9): 13, (3, 4): 1, (3, 5): 5, (3, 8): 1, (3, 9): 1, (4, 5): 1, (4, 6): 1, (4, 7): 1, (4, 9): 1, (5, 8): 1, (6, 7): 6, (6, 9): 10, (7, 9): 3}",1729.9999999949023
27.0,Graph with 10 nodes and 27 edges,"[[0, 1, 1, 1, 0, 0, 1, 1, 0, 1], [1, 0, 1, 1, 0, 1, 1, 1, 0, 0], [1, 1, 0, 0, 1, 1, 0, 1, 0, 1], [1, 1, 0, 0, 1, 1, 0, 0, 1, 1], [0, 0, 1, 1, 0, 1, 1, 1, 0, 1], [0, 1, 1, 1, 1, 0, 0, 0, 1, 0], [1, 1, 0, 0, 1, 0, 0, 1, 0, 1], [1, 1, 1, 0, 1, 0, 1, 0, 0, 1], [0, 0, 0, 1, 0, 1, 0, 0, 0, 0], [1, 0, 1, 1, 1, 0, 1, 1, 0, 0]]",4.0,3.0,Y,"{0: 7, 1: 31, 2: 28, 3: 25, 4: 22, 5: 16, 6: 13, 7: 10, 8: 4, 9: 19}","{(0, 1): 1, (0, 2): 1, (0, 3): 1, (0, 6): 1, (0, 7): 1, (0, 9): 2, (1, 2): 1, (1, 3): 16, (1, 5): 10, (1, 6): 1, (1, 7): 1, (2, 4): 17, (2, 5): 1, (2, 7): 1, (2, 9): 7, (3, 4): 1, (3, 5): 2, (3, 8): 3, (3, 9): 1, (4, 5): 1, (4, 6): 1, (4, 7): 1, (4, 9): 1, (5, 8): 1, (6, 7): 4, (6, 9): 6, (7, 9): 2}",1613.0000000060818
28.0,Graph with 10 nodes and 22 edges,"[[0, 0, 0, 0, 1, 1, 1, 1, 1, 0], [0, 0, 1, 1, 1, 0, 0, 1, 0, 0], [0, 1, 0, 1, 0, 1, 0, 1, 1, 0], [0, 1, 1, 0, 0, 1, 0, 1, 1, 0], [1, 1, 0, 0, 0, 0, 0, 1, 0, 0], [1, 0, 1, 1, 0, 0, 0, 0, 1, 1], [1, 0, 0, 0, 0, 0, 0, 1, 0, 0], [1, 1, 1, 1, 1, 0, 1, 0, 1, 0], [1, 0, 1, 1, 0, 1, 0, 1, 0, 1], [0, 0, 0, 0, 0, 1, 0, 0, 1, 0]]",2.0,7.0,Y,"{0: 9, 1: 65, 2: 58, 3: 51, 4: 44, 5: 37, 6: 2, 7: 30, 8: 16, 9: 23}","{(0, 4): 4, (0, 5): 2, (0, 6): 1, (0, 7): 1, (0, 8): 1, (1, 2): 27, (1, 3): 20, (1, 4): 16, (1, 7): 1, (2, 3): 27, (2, 5): 1, (2, 7): 1, (2, 8): 1, (3, 5): 1, (3, 7): 1, (3, 8): 1, (4, 7): 24, (5, 8): 11, (5, 9): 22, (6, 7): 1, (7, 8): 1, (8, 9): 1}",1491.0000000014634
28.0,Graph with 10 nodes and 22 edges,"[[0, 0, 0, 0, 1, 1, 1, 1, 1, 0], [0, 0, 1, 1, 1, 0, 0, 1, 0, 0], [0, 1, 0, 1, 0, 1, 0, 1, 1, 0], [0, 1, 1, 0, 0, 1, 0, 1, 1, 0], [1, 1, 0, 0, 0, 0, 0, 1, 0, 0], [1, 0, 1, 1, 0, 0, 0, 0, 1, 1], [1, 0, 0, 0, 0, 0, 0, 1, 0, 0], [1, 1, 1, 1, 1, 0, 1, 0, 1, 0], [1, 0, 1, 1, 0, 1, 0, 1, 0, 1], [0, 0, 0, 0, 0, 1, 0, 0, 1, 0]]",3.0,1.0,Y,"{0: 8, 1: 6, 2: 10, 3: 7, 4: 4, 5: 9, 6: 5, 7: 12, 8: 11, 9: 3}","{(0, 4): 1, (0, 5): 1, (0, 6): 1, (0, 7): 2, (0, 8): 3, (1, 2): 3, (1, 3): 1, (1, 4): 1, (1, 7): 1, (2, 3): 3, (2, 5): 2, (2, 7): 1, (2, 8): 1, (3, 5): 1, (3, 7): 1, (3, 8): 1, (4, 7): 2, (5, 8): 3, (5, 9): 1, (6, 7): 4, (7, 8): 1, (8, 9): 1}",2150.9999999977936
28.0,Graph with 10 nodes and 22 edges,"[[0, 0, 0, 0, 1, 1, 1, 1, 1, 0], [0, 0, 1, 1, 1, 0, 0, 1, 0, 0], [0, 1, 0, 1, 0, 1, 0, 1, 1, 0], [0, 1, 1, 0, 0, 1, 0, 1, 1, 0], [1, 1, 0, 0, 0, 0, 0, 1, 0, 0], [1, 0, 1, 1, 0, 0, 0, 0, 1, 1], [1, 0, 0, 0, 0, 0, 0, 1, 0, 0], [1, 1, 1, 1, 1, 0, 1, 0, 1, 0], [1, 0, 1, 1, 0, 1, 0, 1, 0, 1], [0, 0, 0, 0, 0, 1, 0, 0, 1, 0]]",3.0,2.0,Y,"{0: 9, 1: 17, 2: 11, 3: 13, 4: 7, 5: 15, 6: 5, 7: 19, 8: 21, 9: 3}","{(0, 4): 1, (0, 5): 1, (0, 6): 1, (0, 7): 5, (0, 8): 1, (1, 2): 3, (1, 3): 9, (1, 4): 2, (1, 7): 3, (2, 3): 1, (2, 5): 1, (2, 7): 1, (2, 8): 5, (3, 5): 1, (3, 7): 1, (3, 8): 1, (4, 7): 4, (5, 8): 11, (5, 9): 1, (6, 7): 4, (7, 8): 1, (8, 9): 2}",1818.9999999975726
28.0,Graph with 10 nodes and 22 edges,"[[0, 0, 0, 0, 1, 1, 1, 1, 1, 0], [0, 0, 1, 1, 1, 0, 0, 1, 0, 0], [0, 1, 0, 1, 0, 1, 0, 1, 1, 0], [0, 1, 1, 0, 0, 1, 0, 1, 1, 0], [1, 1, 0, 0, 0, 0, 0, 1, 0, 0], [1, 0, 1, 1, 0, 0, 0, 0, 1, 1], [1, 0, 0, 0, 0, 0, 0, 1, 0, 0], [1, 1, 1, 1, 1, 0, 1, 0, 1, 0], [1, 0, 1, 1, 0, 1, 0, 1, 0, 1], [0, 0, 0, 0, 0, 1, 0, 0, 1, 0]]",3.0,4.0,Y,"{0: 7, 1: 39, 2: 35, 3: 31, 4: 3, 5: 27, 6: 15, 7: 19, 8: 23, 9: 11}","{(0, 4): 1, (0, 5): 2, (0, 6): 2, (0, 7): 1, (0, 8): 1, (1, 2): 20, (1, 3): 16, (1, 4): 1, (1, 7): 1, (2, 3): 11, (2, 5): 1, (2, 7): 1, (2, 8): 1, (3, 5): 1, (3, 7): 1, (3, 8): 1, (4, 7): 1, (5, 8): 15, (5, 9): 7, (6, 7): 13, (7, 8): 1, (8, 9): 3}",1729.9999999949023
29.0,Graph with 10 nodes and 22 edges,"[[0, 1, 0, 1, 0, 0, 0, 0, 0, 0], [1, 0, 0, 1, 1, 1, 1, 0, 0, 1], [0, 0, 0, 0, 0, 1, 1, 0, 0, 1], [1, 1, 0, 0, 1, 1, 1, 0, 0, 0], [0, 1, 0, 1, 0, 1, 1, 1, 1, 1], [0, 1, 1, 1, 1, 0, 1, 1, 0, 0], [0, 1, 1, 1, 1, 1, 0, 0, 0, 0], [0, 0, 0, 0, 1, 1, 0, 0, 1, 1], [0, 0, 0, 0, 1, 0, 0, 1, 0, 0], [0, 1, 1, 0, 1, 0, 0, 1, 0, 0]]",3.0,2.0,Y,"{0: 3, 1: 7, 2: 21, 3: 5, 4: 19, 5: 17, 6: 15, 7: 9, 8: 13, 9: 11}","{(0, 1): 2, (0, 3): 1, (1, 3): 1, (1, 4): 1, (1, 5): 1, (1, 6): 1, (1, 9): 1, (2, 5): 4, (2, 6): 9, (2, 9): 8, (3, 4): 1, (3, 5): 1, (3, 6): 1, (4, 5): 2, (4, 6): 1, (4, 7): 1, (4, 8): 12, (4, 9): 1, (5, 6): 3, (5, 7): 6, (7, 8): 1, (7, 9): 1}",1502.999999999588
30.0,Graph with 10 nodes and 17 edges,"[[0, 0, 0, 0, 0, 0, 0, 1, 0, 1], [0, 0, 1, 1, 0, 0, 0, 0, 0, 0], [0, 1, 0, 0, 0, 0, 0, 1, 1, 1], [0, 1, 0, 0, 1, 1, 0, 1, 0, 0], [0, 0, 0, 1, 0, 0, 0, 0, 1, 1], [0, 0, 0, 1, 0, 0, 1, 0, 1, 1], [0, 0, 0, 0, 0, 1, 0, 1, 0, 0], [1, 0, 1, 1, 0, 0, 1, 0, 0, 0], [0, 0, 1, 0, 1, 1, 0, 0, 0, 1], [1, 0, 1, 0, 1, 1, 0, 0, 1, 0]]",2.0,6.0,Y,"{0: 2, 1: 56, 2: 50, 3: 44, 4: 8, 5: 38, 6: 32, 7: 20, 8: 26, 9: 14}","{(0, 7): 1, (0, 9): 1, (1, 2): 37, (1, 3): 19, (2, 7): 1, (2, 8): 11, (2, 9): 1, (3, 4): 3, (3, 5): 5, (3, 7): 17, (4, 8): 4, (4, 9): 1, (5, 6): 31, (5, 8): 1, (5, 9): 1, (6, 7): 1, (8, 9): 10}",1659.0000000036298
30.0,Graph with 10 nodes and 17 edges,"[[0, 0, 0, 0, 0, 0, 0, 1, 0, 1], [0, 0, 1, 1, 0, 0, 0, 0, 0, 0], [0, 1, 0, 0, 0, 0, 0, 1, 1, 1], [0, 1, 0, 0, 1, 1, 0, 1, 0, 0], [0, 0, 0, 1, 0, 0, 0, 0, 1, 1], [0, 0, 0, 1, 0, 0, 1, 0, 1, 1], [0, 0, 0, 0, 0, 1, 0, 1, 0, 0], [1, 0, 1, 1, 0, 0, 1, 0, 0, 0], [0, 0, 1, 0, 1, 1, 0, 0, 0, 1], [1, 0, 1, 0, 1, 1, 0, 0, 1, 0]]",3.0,4.0,Y,"{0: 15, 1: 7, 2: 19, 3: 23, 4: 11, 5: 31, 6: 3, 7: 27, 8: 39, 9: 35}","{(0, 7): 9, (0, 9): 6, (1, 2): 1, (1, 3): 6, (2, 7): 1, (2, 8): 1, (2, 9): 16, (3, 4): 1, (3, 5): 1, (3, 7): 15, (4, 8): 4, (4, 9): 6, (5, 6): 1, (5, 8): 28, (5, 9): 1, (6, 7): 2, (8, 9): 6}",1793.0000000063728
30.0,Graph with 10 nodes and 17 edges,"[[0, 0, 0, 0, 0, 0, 0, 1, 0, 1], [0, 0, 1, 1, 0, 0, 0, 0, 0, 0], [0, 1, 0, 0, 0, 0, 0, 1, 1, 1], [0, 1, 0, 0, 1, 1, 0, 1, 0, 0], [0, 0, 0, 1, 0, 0, 0, 0, 1, 1], [0, 0, 0, 1, 0, 0, 1, 0, 1, 1], [0, 0, 0, 0, 0, 1, 0, 1, 0, 0], [1, 0, 1, 1, 0, 0, 1, 0, 0, 0], [0, 0, 1, 0, 1, 1, 0, 0, 0, 1], [1, 0, 1, 0, 1, 1, 0, 0, 1, 0]]",4.0,6.0,Y,"{0: 4, 1: 58, 2: 52, 3: 46, 4: 40, 5: 34, 6: 28, 7: 10, 8: 22, 9: 16}","{(0, 7): 1, (0, 9): 3, (1, 2): 49, (1, 3): 9, (2, 7): 1, (2, 8): 1, (2, 9): 1, (3, 4): 35, (3, 5): 1, (3, 7): 1, (4, 8): 4, (4, 9): 1, (5, 6): 21, (5, 8): 9, (5, 9): 3, (6, 7): 7, (8, 9): 8}",1688.9999999989413
30.0,Graph with 10 nodes and 17 edges,"[[0, 0, 0, 0, 0, 0, 0, 1, 0, 1], [0, 0, 1, 1, 0, 0, 0, 0, 0, 0], [0, 1, 0, 0, 0, 0, 0, 1, 1, 1], [0, 1, 0, 0, 1, 1, 0, 1, 0, 0], [0, 0, 0, 1, 0, 0, 0, 0, 1, 1], [0, 0, 0, 1, 0, 0, 1, 0, 1, 1], [0, 0, 0, 0, 0, 1, 0, 1, 0, 0], [1, 0, 1, 1, 0, 0, 1, 0, 0, 0], [0, 0, 1, 0, 1, 1, 0, 0, 0, 1], [1, 0, 1, 0, 1, 1, 0, 0, 1, 0]]",4.0,8.0,Y,"{0: 4, 1: 76, 2: 68, 3: 60, 4: 52, 5: 44, 6: 36, 7: 12, 8: 28, 9: 20}","{(0, 7): 3, (0, 9): 1, (1, 2): 65, (1, 3): 11, (2, 7): 1, (2, 8): 1, (2, 9): 1, (3, 4): 47, (3, 5): 1, (3, 7): 1, (4, 8): 4, (4, 9): 1, (5, 6): 29, (5, 8): 10, (5, 9): 4, (6, 7): 7, (8, 9): 13}",1574.9999999883357
31.0,Graph with 10 nodes and 27 edges,"[[0, 1, 1, 0, 0, 1, 1, 1, 1, 1], [1, 0, 1, 0, 1, 0, 0, 0, 1, 1], [1, 1, 0, 0, 1, 1, 1, 1, 1, 1], [0, 0, 0, 0, 1, 1, 1, 1, 0, 1], [0, 1, 1, 1, 0, 0, 0, 0, 0, 0], [1, 0, 1, 1, 0, 0, 0, 1, 0, 0], [1, 0, 1, 1, 0, 0, 0, 0, 1, 1], [1, 0, 1, 1, 0, 1, 0, 0, 1, 0], [1, 1, 1, 0, 0, 0, 1, 1, 0, 1], [1, 1, 1, 1, 0, 0, 1, 0, 1, 0]]",3.0,1.0,Y,"{0: 7, 1: 5, 2: 8, 3: 12, 4: 3, 5: 4, 6: 11, 7: 9, 8: 6, 9: 10}","{(0, 1): 1, (0, 2): 1, (0, 5): 1, (0, 6): 1, (0, 7): 1, (0, 8): 1, (0, 9): 1, (1, 2): 1, (1, 4): 1, (1, 8): 1, (1, 9): 1, (2, 4): 1, (2, 5): 1, (2, 6): 1, (2, 7): 1, (2, 8): 1, (2, 9): 1, (3, 4): 1, (3, 5): 1, (3, 6): 3, (3, 7): 5, (3, 9): 1, (5, 7): 1, (6, 8): 1, (6, 9): 4, (7, 8): 1, (8, 9): 1}",1199.9999999972033
32.0,Graph with 10 nodes and 26 edges,"[[0, 0, 1, 1, 1, 1, 1, 0, 0, 0], [0, 0, 1, 1, 1, 1, 0, 0, 1, 1], [1, 1, 0, 0, 0, 1, 1, 1, 1, 1], [1, 1, 0, 0, 1, 0, 1, 0, 0, 1], [1, 1, 0, 1, 0, 0, 1, 0, 0, 0], [1, 1, 1, 0, 0, 0, 1, 0, 1, 1], [1, 0, 1, 1, 1, 1, 0, 0, 1, 1], [0, 0, 1, 0, 0, 0, 0, 0, 1, 0], [0, 1, 1, 0, 0, 1, 1, 1, 0, 0], [0, 1, 1, 1, 0, 1, 1, 0, 0, 0]]",2.0,9.0,Y,"{0: 11, 1: 83, 2: 74, 3: 65, 4: 56, 5: 38, 6: 29, 7: 2, 8: 20, 9: 47}","{(0, 2): 7, (0, 3): 1, (0, 4): 1, (0, 5): 1, (0, 6): 1, (1, 2): 21, (1, 3): 1, (1, 4): 1, (1, 5): 1, (1, 8): 16, (1, 9): 43, (2, 5): 30, (2, 6): 12, (2, 7): 1, (2, 8): 1, (2, 9): 1, (3, 4): 53, (3, 6): 9, (3, 9): 1, (4, 6): 1, (5, 6): 3, (5, 8): 1, (5, 9): 1, (6, 8): 1, (6, 9): 1, (7, 8): 1}",1519.0000000018244
32.0,Graph with 10 nodes and 26 edges,"[[0, 0, 1, 1, 1, 1, 1, 0, 0, 0], [0, 0, 1, 1, 1, 1, 0, 0, 1, 1], [1, 1, 0, 0, 0, 1, 1, 1, 1, 1], [1, 1, 0, 0, 1, 0, 1, 0, 0, 1], [1, 1, 0, 1, 0, 0, 1, 0, 0, 0], [1, 1, 1, 0, 0, 0, 1, 0, 1, 1], [1, 0, 1, 1, 1, 1, 0, 0, 1, 1], [0, 0, 1, 0, 0, 0, 0, 0, 1, 0], [0, 1, 1, 0, 0, 1, 1, 1, 0, 0], [0, 1, 1, 1, 0, 1, 1, 0, 0, 0]]",3.0,4.0,Y,"{0: 7, 1: 39, 2: 35, 3: 31, 4: 27, 5: 19, 6: 15, 7: 3, 8: 11, 9: 23}","{(0, 2): 3, (0, 3): 1, (0, 4): 1, (0, 5): 1, (0, 6): 1, (1, 2): 10, (1, 3): 1, (1, 4): 1, (1, 5): 1, (1, 8): 7, (1, 9): 19, (2, 5): 13, (2, 6): 5, (2, 7): 2, (2, 8): 1, (2, 9): 1, (3, 4): 24, (3, 6): 4, (3, 9): 1, (4, 6): 1, (5, 6): 2, (5, 8): 1, (5, 9): 1, (6, 8): 1, (6, 9): 1, (7, 8): 1}",1547.0000000021855
32.0,Graph with 10 nodes and 26 edges,"[[0, 0, 1, 1, 1, 1, 1, 0, 0, 0], [0, 0, 1, 1, 1, 1, 0, 0, 1, 1], [1, 1, 0, 0, 0, 1, 1, 1, 1, 1], [1, 1, 0, 0, 1, 0, 1, 0, 0, 1], [1, 1, 0, 1, 0, 0, 1, 0, 0, 0], [1, 1, 1, 0, 0, 0, 1, 0, 1, 1], [1, 0, 1, 1, 1, 1, 0, 0, 1, 1], [0, 0, 1, 0, 0, 0, 0, 0, 1, 0], [0, 1, 1, 0, 0, 1, 1, 1, 0, 0], [0, 1, 1, 1, 0, 1, 1, 0, 0, 0]]",4.0,3.0,Y,"{0: 7, 1: 31, 2: 28, 3: 25, 4: 4, 5: 22, 6: 19, 7: 16, 8: 10, 9: 13}","{(0, 2): 1, (0, 3): 3, (0, 4): 1, (0, 5): 1, (0, 6): 1, (1, 2): 5, (1, 3): 1, (1, 4): 1, (1, 5): 17, (1, 8): 3, (1, 9): 3, (2, 5): 1, (2, 6): 1, (2, 7): 15, (2, 8): 3, (2, 9): 1, (3, 4): 1, (3, 6): 13, (3, 9): 7, (4, 6): 1, (5, 6): 1, (5, 8): 1, (5, 9): 1, (6, 8): 1, (6, 9): 1, (7, 8): 1}",1468.0000000026894
33.0,Graph with 10 nodes and 22 edges,"[[0, 0, 0, 1, 1, 0, 1, 1, 0, 1], [0, 0, 0, 1, 0, 1, 0, 1, 1, 1], [0, 0, 0, 0, 1, 1, 1, 0, 0, 1], [1, 1, 0, 0, 1, 1, 1, 0, 1, 0], [1, 0, 1, 1, 0, 0, 1, 0, 0, 0], [0, 1, 1, 1, 0, 0, 0, 0, 0, 1], [1, 0, 1, 1, 1, 0, 0, 0, 1, 1], [1, 1, 0, 0, 0, 0, 0, 0, 0, 0], [0, 1, 0, 1, 0, 0, 1, 0, 0, 0], [1, 1, 1, 0, 0, 1, 1, 0, 0, 0]]",2.0,1.0,Y,"{0: 5, 1: 11, 2: 4, 3: 6, 4: 8, 5: 9, 6: 10, 7: 2, 8: 3, 9: 7}","{(0, 3): 1, (0, 4): 1, (0, 6): 1, (0, 7): 1, (0, 9): 1, (1, 3): 1, (1, 5): 5, (1, 7): 1, (1, 8): 1, (1, 9): 2, (2, 4): 1, (2, 5): 1, (2, 6): 1, (2, 9): 1, (3, 4): 1, (3, 5): 1, (3, 6): 1, (3, 8): 1, (4, 6): 5, (5, 9): 1, (6, 8): 1, (6, 9): 1}",1480.9999999982892
34.0,Graph with 10 nodes and 22 edges,"[[0, 0, 1, 0, 0, 1, 0, 0, 1, 0], [0, 0, 1, 0, 0, 0, 1, 1, 1, 1], [1, 1, 0, 1, 0, 1, 0, 1, 0, 1], [0, 0, 1, 0, 0, 1, 1, 0, 1, 1], [0, 0, 0, 0, 0, 0, 0, 0, 1, 1], [1, 0, 1, 1, 0, 0, 0, 1, 0, 1], [0, 1, 0, 1, 0, 0, 0, 1, 0, 0], [0, 1, 1, 0, 0, 1, 1, 0, 0, 0], [1, 1, 0, 1, 1, 0, 0, 0, 0, 1], [0, 1, 1, 1, 1, 1, 0, 0, 1, 0]]",2.0,1.0,Y,"{0: 3, 1: 5, 2: 6, 3: 11, 4: 2, 5: 10, 6: 4, 7: 7, 8: 8, 9: 9}","{(0, 2): 1, (0, 5): 1, (0, 8): 1, (1, 2): 1, (1, 6): 1, (1, 7): 1, (1, 8): 1, (1, 9): 1, (2, 3): 1, (2, 5): 1, (2, 7): 1, (2, 9): 1, (3, 5): 1, (3, 6): 2, (3, 8): 4, (3, 9): 2, (4, 8): 1, (4, 9): 1, (5, 7): 4, (5, 9): 2, (6, 7): 1, (8, 9): 1}",1559.0000000003101
34.0,Graph with 10 nodes and 22 edges,"[[0, 0, 1, 0, 0, 1, 0, 0, 1, 0], [0, 0, 1, 0, 0, 0, 1, 1, 1, 1], [1, 1, 0, 1, 0, 1, 0, 1, 0, 1], [0, 0, 1, 0, 0, 1, 1, 0, 1, 1], [0, 0, 0, 0, 0, 0, 0, 0, 1, 1], [1, 0, 1, 1, 0, 0, 0, 1, 0, 1], [0, 1, 0, 1, 0, 0, 0, 1, 0, 0], [0, 1, 1, 0, 0, 1, 1, 0, 0, 0], [1, 1, 0, 1, 1, 0, 0, 0, 0, 1], [0, 1, 1, 1, 1, 1, 0, 0, 1, 0]]",2.0,4.0,Y,"{0: 6, 1: 38, 2: 34, 3: 30, 4: 2, 5: 26, 6: 18, 7: 14, 8: 10, 9: 22}","{(0, 2): 1, (0, 5): 1, (0, 8): 4, (1, 2): 1, (1, 6): 16, (1, 7): 1, (1, 8): 3, (1, 9): 17, (2, 3): 22, (2, 5): 8, (2, 7): 1, (2, 9): 1, (3, 5): 5, (3, 6): 1, (3, 8): 1, (3, 9): 1, (4, 8): 1, (4, 9): 1, (5, 7): 11, (5, 9): 1, (6, 7): 1, (8, 9): 1}",1373.0000000009568
34.0,Graph with 10 nodes and 22 edges,"[[0, 0, 1, 0, 0, 1, 0, 0, 1, 0], [0, 0, 1, 0, 0, 0, 1, 1, 1, 1], [1, 1, 0, 1, 0, 1, 0, 1, 0, 1], [0, 0, 1, 0, 0, 1, 1, 0, 1, 1], [0, 0, 0, 0, 0, 0, 0, 0, 1, 1], [1, 0, 1, 1, 0, 0, 0, 1, 0, 1], [0, 1, 0, 1, 0, 0, 0, 1, 0, 0], [0, 1, 1, 0, 0, 1, 1, 0, 0, 0], [1, 1, 0, 1, 1, 0, 0, 0, 0, 1], [0, 1, 1, 1, 1, 1, 0, 0, 1, 0]]",3.0,5.0,Y,"{0: 3, 1: 8, 2: 48, 3: 43, 4: 38, 5: 33, 6: 13, 7: 18, 8: 23, 9: 28}","{(0, 2): 1, (0, 5): 1, (0, 8): 1, (1, 2): 1, (1, 6): 4, (1, 7): 1, (1, 8): 1, (1, 9): 1, (2, 3): 32, (2, 5): 11, (2, 7): 1, (2, 9): 1, (3, 5): 1, (3, 6): 7, (3, 8): 1, (3, 9): 1, (4, 8): 19, (4, 9): 19, (5, 7): 14, (5, 9): 5, (6, 7): 1, (8, 9): 1}",1743.000000004713
34.0,Graph with 10 nodes and 22 edges,"[[0, 0, 1, 0, 0, 1, 0, 0, 1, 0], [0, 0, 1, 0, 0, 0, 1, 1, 1, 1], [1, 1, 0, 1, 0, 1, 0, 1, 0, 1], [0, 0, 1, 0, 0, 1, 1, 0, 1, 1], [0, 0, 0, 0, 0, 0, 0, 0, 1, 1], [1, 0, 1, 1, 0, 0, 0, 1, 0, 1], [0, 1, 0, 1, 0, 0, 0, 1, 0, 0], [0, 1, 1, 0, 0, 1, 1, 0, 0, 0], [1, 1, 0, 1, 1, 0, 0, 0, 0, 1], [0, 1, 1, 1, 1, 1, 0, 0, 1, 0]]",3.0,7.0,Y,"{0: 17, 1: 66, 2: 59, 3: 52, 4: 10, 5: 31, 6: 3, 7: 38, 8: 24, 9: 45}","{(0, 2): 1, (0, 5): 15, (0, 8): 1, (1, 2): 1, (1, 6): 1, (1, 7): 35, (1, 8): 1, (1, 9): 28, (2, 3): 45, (2, 5): 10, (2, 7): 1, (2, 9): 1, (3, 5): 4, (3, 6): 1, (3, 8): 1, (3, 9): 1, (4, 8): 8, (4, 9): 1, (5, 7): 1, (5, 9): 1, (6, 7): 1, (8, 9): 12}",1621.0000000000946
35.0,Graph with 10 nodes and 29 edges,"[[0, 1, 1, 0, 1, 1, 1, 0, 1, 0], [1, 0, 0, 1, 1, 0, 1, 0, 0, 1], [1, 0, 0, 1, 1, 1, 1, 0, 1, 1], [0, 1, 1, 0, 1, 1, 1, 1, 0, 1], [1, 1, 1, 1, 0, 0, 1, 1, 1, 0], [1, 0, 1, 1, 0, 0, 0, 1, 1, 1], [1, 1, 1, 1, 1, 0, 0, 1, 0, 0], [0, 0, 0, 1, 1, 1, 1, 0, 0, 0], [1, 0, 1, 0, 1, 1, 0, 0, 0, 1], [0, 1, 1, 1, 0, 1, 0, 0, 1, 0]]",4.0,3.0,Y,"{0: 7, 1: 31, 2: 28, 3: 25, 4: 22, 5: 16, 6: 13, 7: 4, 8: 10, 9: 19}","{(0, 1): 1, (0, 2): 1, (0, 4): 1, (0, 5): 1, (0, 6): 2, (0, 8): 1, (1, 3): 13, (1, 4): 1, (1, 6): 1, (1, 9): 15, (2, 3): 1, (2, 4): 11, (2, 5): 11, (2, 6): 1, (2, 8): 1, (2, 9): 1, (3, 4): 1, (3, 5): 1, (3, 6): 7, (3, 7): 1, (3, 9): 1, (4, 6): 1, (4, 7): 1, (4, 8): 5, (5, 7): 1, (5, 8): 1, (5, 9): 1, (6, 7): 1, (8, 9): 1}",1547.0000000021855
36.0,Graph with 10 nodes and 25 edges,"[[0, 0, 1, 0, 1, 0, 1, 1, 1, 0], [0, 0, 1, 1, 1, 0, 1, 1, 0, 0], [1, 1, 0, 0, 1, 1, 1, 0, 0, 1], [0, 1, 0, 0, 0, 1, 0, 1, 0, 1], [1, 1, 1, 0, 0, 0, 0, 1, 1, 0], [0, 0, 1, 1, 0, 0, 1, 1, 0, 0], [1, 1, 1, 0, 0, 1, 0, 1, 1, 0], [1, 1, 0, 1, 1, 1, 1, 0, 1, 1], [1, 0, 0, 0, 1, 0, 1, 1, 0, 0], [0, 0, 1, 1, 0, 0, 0, 1, 0, 0]]",3.0,7.0,Y,"{0: 10, 1: 66, 2: 59, 3: 52, 4: 45, 5: 31, 6: 24, 7: 17, 8: 38, 9: 3}","{(0, 2): 1, (0, 4): 1, (0, 6): 1, (0, 7): 1, (0, 8): 6, (1, 2): 1, (1, 3): 49, (1, 4): 13, (1, 6): 1, (1, 7): 1, (2, 4): 26, (2, 5): 28, (2, 6): 1, (2, 9): 1, (3, 5): 1, (3, 7): 1, (3, 9): 1, (4, 7): 1, (4, 8): 3, (5, 6): 1, (5, 7): 1, (6, 7): 1, (6, 8): 19, (7, 8): 10, (7, 9): 1}",1661.9999999960555
36.0,Graph with 10 nodes and 25 edges,"[[0, 0, 1, 0, 1, 0, 1, 1, 1, 0], [0, 0, 1, 1, 1, 0, 1, 1, 0, 0], [1, 1, 0, 0, 1, 1, 1, 0, 0, 1], [0, 1, 0, 0, 0, 1, 0, 1, 0, 1], [1, 1, 1, 0, 0, 0, 0, 1, 1, 0], [0, 0, 1, 1, 0, 0, 1, 1, 0, 0], [1, 1, 1, 0, 0, 1, 0, 1, 1, 0], [1, 1, 0, 1, 1, 1, 1, 0, 1, 1], [1, 0, 0, 0, 1, 0, 1, 1, 0, 0], [0, 0, 1, 1, 0, 0, 0, 1, 0, 0]]",4.0,5.0,Y,"{0: 39, 1: 49, 2: 34, 3: 19, 4: 24, 5: 9, 6: 29, 7: 44, 8: 4, 9: 14}","{(0, 2): 1, (0, 4): 8, (0, 6): 5, (0, 7): 23, (0, 8): 1, (1, 2): 29, (1, 3): 5, (1, 4): 13, (1, 6): 1, (1, 7): 1, (2, 4): 1, (2, 5): 1, (2, 6): 1, (2, 9): 1, (3, 5): 1, (3, 7): 1, (3, 9): 12, (4, 7): 1, (4, 8): 1, (5, 6): 6, (5, 7): 1, (6, 7): 14, (6, 8): 1, (7, 8): 1, (7, 9): 1}",1577.9999999949723
39.0,Graph with 10 nodes and 25 edges,"[[0, 0, 0, 1, 0, 0, 1, 1, 0, 0], [0, 0, 1, 0, 0, 0, 1, 0, 1, 1], [0, 1, 0, 0, 0, 0, 1, 1, 1, 0], [1, 0, 0, 0, 1, 0, 0, 1, 1, 0], [0, 0, 0, 1, 0, 1, 1, 0, 1, 1], [0, 0, 0, 0, 1, 0, 1, 1, 0, 0], [1, 1, 1, 0, 1, 1, 0, 1, 1, 1], [1, 0, 1, 1, 0, 1, 1, 0, 1, 1], [0, 1, 1, 1, 1, 0, 1, 1, 0, 1], [0, 1, 0, 0, 1, 0, 1, 1, 1, 0]]",3.0,4.0,Y,"{0: 3, 1: 11, 2: 23, 3: 15, 4: 19, 5: 7, 6: 39, 7: 27, 8: 35, 9: 31}","{(0, 3): 1, (0, 6): 1, (0, 7): 1, (1, 2): 1, (1, 6): 7, (1, 8): 1, (1, 9): 2, (2, 6): 8, (2, 7): 13, (2, 8): 1, (3, 4): 1, (3, 7): 9, (3, 8): 4, (4, 5): 1, (4, 6): 15, (4, 8): 1, (4, 9): 1, (5, 6): 5, (5, 7): 1, (6, 7): 1, (6, 8): 1, (6, 9): 1, (7, 8): 1, (7, 9): 1, (8, 9): 26}",1744.9999999996635
39.0,Graph with 10 nodes and 25 edges,"[[0, 0, 0, 1, 0, 0, 1, 1, 0, 0], [0, 0, 1, 0, 0, 0, 1, 0, 1, 1], [0, 1, 0, 0, 0, 0, 1, 1, 1, 0], [1, 0, 0, 0, 1, 0, 0, 1, 1, 0], [0, 0, 0, 1, 0, 1, 1, 0, 1, 1], [0, 0, 0, 0, 1, 0, 1, 1, 0, 0], [1, 1, 1, 0, 1, 1, 0, 1, 1, 1], [1, 0, 1, 1, 0, 1, 1, 0, 1, 1], [0, 1, 1, 1, 1, 0, 1, 1, 0, 1], [0, 1, 0, 0, 1, 0, 1, 1, 1, 0]]",4.0,3.0,Y,"{0: 13, 1: 4, 2: 16, 3: 7, 4: 25, 5: 10, 6: 31, 7: 22, 8: 28, 9: 19}","{(0, 3): 1, (0, 6): 11, (0, 7): 1, (1, 2): 1, (1, 6): 1, (1, 8): 1, (1, 9): 1, (2, 6): 7, (2, 7): 7, (2, 8): 1, (3, 4): 1, (3, 7): 4, (3, 8): 1, (4, 5): 1, (4, 6): 1, (4, 8): 17, (4, 9): 4, (5, 6): 8, (5, 7): 1, (6, 7): 1, (6, 8): 1, (6, 9): 1, (7, 8): 1, (7, 9): 7, (8, 9): 5}",1612.0000000086065
40.0,Graph with 10 nodes and 24 edges,"[[0, 0, 1, 0, 0, 1, 0, 0, 1, 1], [0, 0, 0, 0, 0, 0, 1, 0, 0, 1], [1, 0, 0, 0, 1, 1, 1, 0, 1, 0], [0, 0, 0, 0, 1, 1, 1, 0, 0, 0], [0, 0, 1, 1, 0, 1, 1, 1, 1, 0], [1, 0, 1, 1, 1, 0, 1, 0, 1, 0], [0, 1, 1, 1, 1, 1, 0, 1, 1, 1], [0, 0, 0, 0, 1, 0, 1, 0, 0, 1], [1, 0, 1, 0, 1, 1, 1, 0, 0, 1], [1, 1, 0, 0, 0, 0, 1, 1, 1, 0]]",2.0,3.0,Y,"{0: 17, 1: 2, 2: 5, 3: 14, 4: 26, 5: 23, 6: 20, 7: 11, 8: 29, 9: 8}","{(0, 2): 1, (0, 5): 1, (0, 8): 14, (0, 9): 1, (1, 6): 1, (1, 9): 1, (2, 4): 1, (2, 5): 1, (2, 6): 1, (2, 8): 1, (3, 4): 11, (3, 5): 1, (3, 6): 2, (4, 5): 9, (4, 6): 1, (4, 7): 1, (4, 8): 2, (5, 6): 1, (5, 8): 9, (6, 7): 9, (6, 8): 1, (6, 9): 4, (7, 9): 1, (8, 9): 1}",1722.0000000008895
40.0,Graph with 10 nodes and 24 edges,"[[0, 0, 1, 0, 0, 1, 0, 0, 1, 1], [0, 0, 0, 0, 0, 0, 1, 0, 0, 1], [1, 0, 0, 0, 1, 1, 1, 0, 1, 0], [0, 0, 0, 0, 1, 1, 1, 0, 0, 0], [0, 0, 1, 1, 0, 1, 1, 1, 1, 0], [1, 0, 1, 1, 1, 0, 1, 0, 1, 0], [0, 1, 1, 1, 1, 1, 0, 1, 1, 1], [0, 0, 0, 0, 1, 0, 1, 0, 0, 1], [1, 0, 1, 0, 1, 1, 1, 0, 0, 1], [1, 1, 0, 0, 0, 0, 1, 1, 1, 0]]",3.0,8.0,Y,"{0: 11, 1: 3, 2: 75, 3: 67, 4: 59, 5: 51, 6: 43, 7: 35, 8: 27, 9: 19}","{(0, 2): 4, (0, 5): 5, (0, 8): 1, (0, 9): 1, (1, 6): 2, (1, 9): 1, (2, 4): 1, (2, 5): 31, (2, 6): 17, (2, 8): 22, (3, 4): 54, (3, 5): 12, (3, 6): 1, (4, 5): 1, (4, 6): 1, (4, 7): 1, (4, 8): 1, (5, 6): 1, (5, 8): 1, (6, 7): 19, (6, 8): 1, (6, 9): 1, (7, 9): 15, (8, 9): 1}",1529.0000000049986
41.0,Graph with 10 nodes and 20 edges,"[[0, 1, 0, 0, 0, 1, 1, 0, 1, 0], [1, 0, 0, 1, 1, 0, 0, 1, 0, 0], [0, 0, 0, 1, 0, 0, 0, 1, 1, 0], [0, 1, 1, 0, 0, 1, 0, 1, 0, 1], [0, 1, 0, 0, 0, 1, 1, 1, 0, 0], [1, 0, 0, 1, 1, 0, 1, 0, 0, 0], [1, 0, 0, 0, 1, 1, 0, 0, 1, 1], [0, 1, 1, 1, 1, 0, 0, 0, 1, 0], [1, 0, 1, 0, 0, 0, 1, 1, 0, 0], [0, 0, 0, 1, 0, 0, 1, 0, 0, 0]]",2.0,2.0,Y,"{0: 18, 1: 8, 2: 4, 3: 6, 4: 20, 5: 12, 6: 14, 7: 16, 8: 10, 9: 2}","{(0, 1): 1, (0, 5): 7, (0, 6): 3, (0, 8): 7, (1, 3): 1, (1, 4): 2, (1, 7): 4, (2, 3): 1, (2, 7): 2, (2, 8): 1, (3, 5): 2, (3, 7): 1, (3, 9): 1, (4, 5): 2, (4, 6): 8, (4, 7): 8, (5, 6): 1, (6, 8): 1, (6, 9): 1, (7, 8): 1}",1053.9999999963356
41.0,Graph with 10 nodes and 20 edges,"[[0, 1, 0, 0, 0, 1, 1, 0, 1, 0], [1, 0, 0, 1, 1, 0, 0, 1, 0, 0], [0, 0, 0, 1, 0, 0, 0, 1, 1, 0], [0, 1, 1, 0, 0, 1, 0, 1, 0, 1], [0, 1, 0, 0, 0, 1, 1, 1, 0, 0], [1, 0, 0, 1, 1, 0, 1, 0, 0, 0], [1, 0, 0, 0, 1, 1, 0, 0, 1, 1], [0, 1, 1, 1, 1, 0, 0, 0, 1, 0], [1, 0, 1, 0, 0, 0, 1, 1, 0, 0], [0, 0, 0, 1, 0, 0, 1, 0, 0, 0]]",2.0,3.0,Y,"{0: 29, 1: 26, 2: 20, 3: 23, 4: 17, 5: 14, 6: 11, 7: 8, 8: 5, 9: 2}","{(0, 1): 9, (0, 5): 11, (0, 6): 7, (0, 8): 2, (1, 3): 2, (1, 4): 12, (1, 7): 2, (2, 3): 18, (2, 7): 1, (2, 8): 1, (3, 5): 1, (3, 7): 1, (3, 9): 1, (4, 5): 1, (4, 6): 1, (4, 7): 2, (5, 6): 1, (6, 8): 1, (6, 9): 1, (7, 8): 1}",2307.0000000018354
42.0,Graph with 10 nodes and 19 edges,"[[0, 1, 1, 0, 0, 1, 0, 0, 0, 1], [1, 0, 0, 1, 0, 0, 1, 1, 0, 0], [1, 0, 0, 0, 1, 1, 0, 1, 0, 1], [0, 1, 0, 0, 0, 0, 0, 1, 0, 1], [0, 0, 1, 0, 0, 0, 0, 1, 1, 0], [1, 0, 1, 0, 0, 0, 1, 1, 0, 0], [0, 1, 0, 0, 0, 1, 0, 0, 0, 1], [0, 1, 1, 1, 1, 1, 0, 0, 0, 0], [0, 0, 0, 0, 1, 0, 0, 0, 0, 1], [1, 0, 1, 1, 0, 0, 1, 0, 1, 0]]",2.0,5.0,Y,"{0: 12, 1: 17, 2: 22, 3: 27, 4: 32, 5: 37, 6: 42, 7: 47, 8: 2, 9: 7}","{(0, 1): 7, (0, 2): 1, (0, 5): 1, (0, 9): 3, (1, 3): 2, (1, 6): 7, (1, 7): 1, (2, 4): 14, (2, 5): 1, (2, 7): 4, (2, 9): 1, (3, 7): 24, (3, 9): 1, (4, 7): 16, (4, 8): 1, (5, 6): 34, (5, 7): 1, (6, 9): 1, (8, 9): 1}",1991.0000000038508
42.0,Graph with 10 nodes and 19 edges,"[[0, 1, 1, 0, 0, 1, 0, 0, 0, 1], [1, 0, 0, 1, 0, 0, 1, 1, 0, 0], [1, 0, 0, 0, 1, 1, 0, 1, 0, 1], [0, 1, 0, 0, 0, 0, 0, 1, 0, 1], [0, 0, 1, 0, 0, 0, 0, 1, 1, 0], [1, 0, 1, 0, 0, 0, 1, 1, 0, 0], [0, 1, 0, 0, 0, 1, 0, 0, 0, 1], [0, 1, 1, 1, 1, 1, 0, 0, 0, 0], [0, 0, 0, 0, 1, 0, 0, 0, 0, 1], [1, 0, 1, 1, 0, 0, 1, 0, 1, 0]]",4.0,5.0,Y,"{0: 34, 1: 29, 2: 44, 3: 14, 4: 24, 5: 19, 6: 9, 7: 49, 8: 4, 9: 39}","{(0, 1): 1, (0, 2): 1, (0, 5): 1, (0, 9): 31, (1, 3): 1, (1, 6): 1, (1, 7): 26, (2, 4): 22, (2, 5): 9, (2, 7): 8, (2, 9): 3, (3, 7): 12, (3, 9): 1, (4, 7): 1, (4, 8): 1, (5, 6): 7, (5, 7): 1, (6, 9): 1, (8, 9): 3}",1677.0000000008167
42.0,Graph with 10 nodes and 19 edges,"[[0, 1, 1, 0, 0, 1, 0, 0, 0, 1], [1, 0, 0, 1, 0, 0, 1, 1, 0, 0], [1, 0, 0, 0, 1, 1, 0, 1, 0, 1], [0, 1, 0, 0, 0, 0, 0, 1, 0, 1], [0, 0, 1, 0, 0, 0, 0, 1, 1, 0], [1, 0, 1, 0, 0, 0, 1, 1, 0, 0], [0, 1, 0, 0, 0, 1, 0, 0, 0, 1], [0, 1, 1, 1, 1, 1, 0, 0, 0, 0], [0, 0, 0, 0, 1, 0, 0, 0, 0, 1], [1, 0, 1, 1, 0, 0, 1, 0, 1, 0]]",4.0,8.0,Y,"{0: 52, 1: 44, 2: 68, 3: 20, 4: 36, 5: 28, 6: 12, 7: 76, 8: 4, 9: 60}","{(0, 1): 1, (0, 2): 1, (0, 5): 3, (0, 9): 47, (1, 3): 1, (1, 6): 1, (1, 7): 41, (2, 4): 32, (2, 5): 21, (2, 7): 13, (2, 9): 1, (3, 7): 18, (3, 9): 1, (4, 7): 1, (4, 8): 3, (5, 6): 1, (5, 7): 3, (6, 9): 10, (8, 9): 1}",1721.0000000034142
43.0,Graph with 10 nodes and 21 edges,"[[0, 1, 1, 1, 0, 0, 0, 0, 0, 1], [1, 0, 0, 0, 1, 0, 0, 1, 1, 1], [1, 0, 0, 1, 0, 0, 0, 1, 0, 0], [1, 0, 1, 0, 0, 0, 1, 1, 1, 0], [0, 1, 0, 0, 0, 0, 1, 1, 1, 0], [0, 0, 0, 0, 0, 0, 1, 0, 0, 0], [0, 0, 0, 1, 1, 1, 0, 1, 1, 1], [0, 1, 1, 1, 1, 0, 1, 0, 0, 0], [0, 1, 0, 1, 1, 0, 1, 0, 0, 1], [1, 1, 0, 0, 0, 0, 1, 0, 1, 0]]",4.0,5.0,Y,"{0: 4, 1: 49, 2: 19, 3: 39, 4: 14, 5: 9, 6: 34, 7: 29, 8: 44, 9: 24}","{(0, 1): 1, (0, 2): 1, (0, 3): 1, (0, 9): 1, (1, 4): 1, (1, 7): 25, (1, 8): 16, (1, 9): 5, (2, 3): 17, (2, 7): 1, (3, 6): 11, (3, 7): 1, (3, 8): 9, (4, 6): 11, (4, 7): 1, (4, 8): 1, (5, 6): 9, (6, 7): 1, (6, 8): 1, (6, 9): 1, (8, 9): 16}",1501.0000000046375
44.0,Graph with 10 nodes and 23 edges,"[[0, 0, 0, 0, 0, 1, 1, 1, 0, 0], [0, 0, 1, 1, 1, 1, 1, 1, 1, 1], [0, 1, 0, 0, 1, 1, 0, 0, 1, 1], [0, 1, 0, 0, 1, 0, 0, 1, 0, 1], [0, 1, 1, 1, 0, 0, 0, 1, 1, 0], [1, 1, 1, 0, 0, 0, 0, 0, 0, 1], [1, 1, 0, 0, 0, 0, 0, 0, 0, 1], [1, 1, 0, 1, 1, 0, 0, 0, 0, 1], [0, 1, 1, 0, 1, 0, 0, 0, 0, 0], [0, 1, 1, 1, 0, 1, 1, 1, 0, 0]]",3.0,4.0,Y,"{0: 7, 1: 39, 2: 27, 3: 19, 4: 15, 5: 35, 6: 3, 7: 31, 8: 11, 9: 23}","{(0, 5): 4, (0, 6): 1, (0, 7): 2, (1, 2): 18, (1, 3): 1, (1, 4): 1, (1, 5): 7, (1, 6): 1, (1, 7): 1, (1, 8): 9, (1, 9): 1, (2, 4): 1, (2, 5): 6, (2, 8): 1, (2, 9): 1, (3, 4): 1, (3, 7): 16, (3, 9): 1, (4, 7): 11, (4, 8): 1, (5, 9): 18, (6, 9): 1, (7, 9): 1}",1540.000000005648
44.0,Graph with 10 nodes and 23 edges,"[[0, 0, 0, 0, 0, 1, 1, 1, 0, 0], [0, 0, 1, 1, 1, 1, 1, 1, 1, 1], [0, 1, 0, 0, 1, 1, 0, 0, 1, 1], [0, 1, 0, 0, 1, 0, 0, 1, 0, 1], [0, 1, 1, 1, 0, 0, 0, 1, 1, 0], [1, 1, 1, 0, 0, 0, 0, 0, 0, 1], [1, 1, 0, 0, 0, 0, 0, 0, 0, 1], [1, 1, 0, 1, 1, 0, 0, 0, 0, 1], [0, 1, 1, 0, 1, 0, 0, 0, 0, 0], [0, 1, 1, 1, 0, 1, 1, 1, 0, 0]]",4.0,3.0,Y,"{0: 10, 1: 31, 2: 28, 3: 16, 4: 25, 5: 7, 6: 13, 7: 22, 8: 4, 9: 19}","{(0, 5): 1, (0, 6): 1, (0, 7): 8, (1, 2): 24, (1, 3): 1, (1, 4): 1, (1, 5): 1, (1, 6): 1, (1, 7): 1, (1, 8): 1, (1, 9): 1, (2, 4): 1, (2, 5): 1, (2, 8): 1, (2, 9): 1, (3, 4): 11, (3, 7): 2, (3, 9): 1, (4, 7): 9, (4, 8): 2, (5, 9): 4, (6, 9): 11, (7, 9): 1}",1496.0000000030504
44.0,Graph with 10 nodes and 23 edges,"[[0, 0, 0, 0, 0, 1, 1, 1, 0, 0], [0, 0, 1, 1, 1, 1, 1, 1, 1, 1], [0, 1, 0, 0, 1, 1, 0, 0, 1, 1], [0, 1, 0, 0, 1, 0, 0, 1, 0, 1], [0, 1, 1, 1, 0, 0, 0, 1, 1, 0], [1, 1, 1, 0, 0, 0, 0, 0, 0, 1], [1, 1, 0, 0, 0, 0, 0, 0, 0, 1], [1, 1, 0, 1, 1, 0, 0, 0, 0, 1], [0, 1, 1, 0, 1, 0, 0, 0, 0, 0], [0, 1, 1, 1, 0, 1, 1, 1, 0, 0]]",4.0,4.0,Y,"{0: 4, 1: 8, 2: 40, 3: 36, 4: 32, 5: 28, 6: 12, 7: 20, 8: 16, 9: 24}","{(0, 5): 1, (0, 6): 2, (0, 7): 1, (1, 2): 1, (1, 3): 1, (1, 4): 1, (1, 5): 1, (1, 6): 1, (1, 7): 1, (1, 8): 1, (1, 9): 1, (2, 4): 1, (2, 5): 19, (2, 8): 14, (2, 9): 5, (3, 4): 23, (3, 7): 11, (3, 9): 1, (4, 7): 6, (4, 8): 1, (5, 9): 7, (6, 9): 9, (7, 9): 1}",1778.9999999990869
44.0,Graph with 10 nodes and 23 edges,"[[0, 0, 0, 0, 0, 1, 1, 1, 0, 0], [0, 0, 1, 1, 1, 1, 1, 1, 1, 1], [0, 1, 0, 0, 1, 1, 0, 0, 1, 1], [0, 1, 0, 0, 1, 0, 0, 1, 0, 1], [0, 1, 1, 1, 0, 0, 0, 1, 1, 0], [1, 1, 1, 0, 0, 0, 0, 0, 0, 1], [1, 1, 0, 0, 0, 0, 0, 0, 0, 1], [1, 1, 0, 1, 1, 0, 0, 0, 0, 1], [0, 1, 1, 0, 1, 0, 0, 0, 0, 0], [0, 1, 1, 1, 0, 1, 1, 1, 0, 0]]",4.0,9.0,Y,"{0: 4, 1: 13, 2: 85, 3: 76, 4: 67, 5: 58, 6: 22, 7: 40, 8: 31, 9: 49}","{(0, 5): 2, (0, 6): 1, (0, 7): 1, (1, 2): 1, (1, 3): 1, (1, 4): 1, (1, 5): 6, (1, 6): 1, (1, 7): 1, (1, 8): 1, (1, 9): 1, (2, 4): 27, (2, 5): 26, (2, 8): 29, (2, 9): 1, (3, 4): 36, (3, 7): 36, (3, 9): 2, (4, 7): 1, (4, 8): 1, (5, 9): 23, (6, 9): 20, (7, 9): 1}",1453.9999999954034
45.0,Graph with 10 nodes and 18 edges,"[[0, 0, 0, 0, 1, 0, 0, 0, 0, 0], [0, 0, 1, 0, 1, 0, 0, 1, 0, 1], [0, 1, 0, 1, 1, 0, 1, 0, 0, 0], [0, 0, 1, 0, 1, 1, 0, 0, 0, 0], [1, 1, 1, 1, 0, 1, 1, 1, 0, 0], [0, 0, 0, 1, 1, 0, 0, 1, 1, 1], [0, 0, 1, 0, 1, 0, 0, 0, 1, 1], [0, 1, 0, 0, 1, 1, 0, 0, 0, 0], [0, 0, 0, 0, 0, 1, 1, 0, 0, 0], [0, 1, 0, 0, 0, 1, 1, 0, 0, 0]]",2.0,2.0,Y,"{0: 4, 1: 10, 2: 16, 3: 12, 4: 20, 5: 18, 6: 14, 7: 8, 8: 2, 9: 6}","{(0, 4): 4, (1, 2): 3, (1, 4): 5, (1, 7): 1, (1, 9): 1, (2, 3): 1, (2, 4): 1, (2, 6): 11, (3, 4): 1, (3, 5): 10, (4, 5): 2, (4, 6): 1, (4, 7): 6, (5, 7): 1, (5, 8): 1, (5, 9): 4, (6, 8): 1, (6, 9): 1}",1632.9999999982192
45.0,Graph with 10 nodes and 18 edges,"[[0, 0, 0, 0, 1, 0, 0, 0, 0, 0], [0, 0, 1, 0, 1, 0, 0, 1, 0, 1], [0, 1, 0, 1, 1, 0, 1, 0, 0, 0], [0, 0, 1, 0, 1, 1, 0, 0, 0, 0], [1, 1, 1, 1, 0, 1, 1, 1, 0, 0], [0, 0, 0, 1, 1, 0, 0, 1, 1, 1], [0, 0, 1, 0, 1, 0, 0, 0, 1, 1], [0, 1, 0, 0, 1, 1, 0, 0, 0, 0], [0, 0, 0, 0, 0, 1, 1, 0, 0, 0], [0, 1, 0, 0, 0, 1, 1, 0, 0, 0]]",3.0,6.0,Y,"{0: 3, 1: 9, 2: 57, 3: 51, 4: 45, 5: 39, 6: 33, 7: 15, 8: 27, 9: 21}","{(0, 4): 3, (1, 2): 1, (1, 4): 6, (1, 7): 1, (1, 9): 1, (2, 3): 49, (2, 4): 3, (2, 6): 4, (3, 4): 1, (3, 5): 1, (4, 5): 1, (4, 6): 18, (4, 7): 13, (5, 7): 1, (5, 8): 26, (5, 9): 10, (6, 8): 1, (6, 9): 10}",2015.0000000001
45.0,Graph with 10 nodes and 18 edges,"[[0, 0, 0, 0, 1, 0, 0, 0, 0, 0], [0, 0, 1, 0, 1, 0, 0, 1, 0, 1], [0, 1, 0, 1, 1, 0, 1, 0, 0, 0], [0, 0, 1, 0, 1, 1, 0, 0, 0, 0], [1, 1, 1, 1, 0, 1, 1, 1, 0, 0], [0, 0, 0, 1, 1, 0, 0, 1, 1, 1], [0, 0, 1, 0, 1, 0, 0, 0, 1, 1], [0, 1, 0, 0, 1, 1, 0, 0, 0, 0], [0, 0, 0, 0, 0, 1, 1, 0, 0, 0], [0, 1, 0, 0, 0, 1, 1, 0, 0, 0]]",4.0,8.0,Y,"{0: 4, 1: 76, 2: 68, 3: 60, 4: 12, 5: 52, 6: 44, 7: 28, 8: 20, 9: 36}","{(0, 4): 4, (1, 2): 13, (1, 4): 3, (1, 7): 26, (1, 9): 34, (2, 3): 21, (2, 4): 1, (2, 6): 33, (3, 4): 1, (3, 5): 38, (4, 5): 1, (4, 6): 1, (4, 7): 1, (5, 7): 1, (5, 8): 11, (5, 9): 1, (6, 8): 9, (6, 9): 1}",1600.9999999937463
45.0,Graph with 10 nodes and 18 edges,"[[0, 0, 0, 0, 1, 0, 0, 0, 0, 0], [0, 0, 1, 0, 1, 0, 0, 1, 0, 1], [0, 1, 0, 1, 1, 0, 1, 0, 0, 0], [0, 0, 1, 0, 1, 1, 0, 0, 0, 0], [1, 1, 1, 1, 0, 1, 1, 1, 0, 0], [0, 0, 0, 1, 1, 0, 0, 1, 1, 1], [0, 0, 1, 0, 1, 0, 0, 0, 1, 1], [0, 1, 0, 0, 1, 1, 0, 0, 0, 0], [0, 0, 0, 0, 0, 1, 1, 0, 0, 0], [0, 1, 0, 0, 0, 1, 1, 0, 0, 0]]",4.0,9.0,Y,"{0: 4, 1: 85, 2: 76, 3: 67, 4: 13, 5: 58, 6: 49, 7: 31, 8: 22, 9: 40}","{(0, 4): 4, (1, 2): 14, (1, 4): 4, (1, 7): 29, (1, 9): 38, (2, 3): 23, (2, 4): 1, (2, 6): 37, (3, 4): 1, (3, 5): 42, (4, 5): 1, (4, 6): 1, (4, 7): 1, (5, 7): 1, (5, 8): 12, (5, 9): 1, (6, 8): 9, (6, 9): 1}",1703.0000000062273
46.0,Graph with 10 nodes and 22 edges,"[[0, 1, 1, 1, 0, 1, 0, 0, 1, 0], [1, 0, 1, 0, 1, 0, 0, 1, 1, 1], [1, 1, 0, 0, 0, 1, 0, 1, 0, 1], [1, 0, 0, 0, 1, 0, 0, 1, 1, 0], [0, 1, 0, 1, 0, 1, 1, 0, 0, 0], [1, 0, 1, 0, 1, 0, 0, 1, 0, 0], [0, 0, 0, 0, 1, 0, 0, 0, 0, 0], [0, 1, 1, 1, 0, 1, 0, 0, 1, 1], [1, 1, 0, 1, 0, 0, 0, 1, 0, 1], [0, 1, 1, 0, 0, 0, 0, 1, 1, 0]]",2.0,6.0,Y,"{0: 8, 1: 56, 2: 50, 3: 44, 4: 38, 5: 26, 6: 2, 7: 20, 8: 14, 9: 32}","{(0, 1): 1, (0, 2): 1, (0, 3): 4, (0, 5): 1, (0, 8): 1, (1, 2): 14, (1, 4): 10, (1, 7): 1, (1, 8): 1, (1, 9): 29, (2, 5): 23, (2, 7): 11, (2, 9): 1, (3, 4): 25, (3, 7): 5, (3, 8): 10, (4, 5): 1, (4, 6): 2, (5, 7): 1, (7, 8): 1, (7, 9): 1, (8, 9): 1}",1594.999999994684
46.0,Graph with 10 nodes and 22 edges,"[[0, 1, 1, 1, 0, 1, 0, 0, 1, 0], [1, 0, 1, 0, 1, 0, 0, 1, 1, 1], [1, 1, 0, 0, 0, 1, 0, 1, 0, 1], [1, 0, 0, 0, 1, 0, 0, 1, 1, 0], [0, 1, 0, 1, 0, 1, 1, 0, 0, 0], [1, 0, 1, 0, 1, 0, 0, 1, 0, 0], [0, 0, 0, 0, 1, 0, 0, 0, 0, 0], [0, 1, 1, 1, 0, 1, 0, 0, 1, 1], [1, 1, 0, 1, 0, 0, 0, 1, 0, 1], [0, 1, 1, 0, 0, 0, 0, 1, 1, 0]]",2.0,8.0,Y,"{0: 10, 1: 74, 2: 66, 3: 58, 4: 50, 5: 34, 6: 2, 7: 26, 8: 18, 9: 42}","{(0, 1): 1, (0, 2): 1, (0, 3): 6, (0, 5): 1, (0, 8): 1, (1, 2): 17, (1, 4): 15, (1, 7): 1, (1, 8): 1, (1, 9): 39, (2, 5): 31, (2, 7): 16, (2, 9): 1, (3, 4): 32, (3, 7): 6, (3, 8): 14, (4, 5): 1, (4, 6): 2, (5, 7): 1, (7, 8): 1, (7, 9): 1, (8, 9): 1}",1530.0000000024738
46.0,Graph with 10 nodes and 22 edges,"[[0, 1, 1, 1, 0, 1, 0, 0, 1, 0], [1, 0, 1, 0, 1, 0, 0, 1, 1, 1], [1, 1, 0, 0, 0, 1, 0, 1, 0, 1], [1, 0, 0, 0, 1, 0, 0, 1, 1, 0], [0, 1, 0, 1, 0, 1, 1, 0, 0, 0], [1, 0, 1, 0, 1, 0, 0, 1, 0, 0], [0, 0, 0, 0, 1, 0, 0, 0, 0, 0], [0, 1, 1, 1, 0, 1, 0, 0, 1, 1], [1, 1, 0, 1, 0, 0, 0, 1, 0, 1], [0, 1, 1, 0, 0, 0, 0, 1, 1, 0]]",3.0,5.0,Y,"{0: 8, 1: 48, 2: 43, 3: 38, 4: 33, 5: 23, 6: 3, 7: 18, 8: 13, 9: 28}","{(0, 1): 1, (0, 2): 1, (0, 3): 4, (0, 5): 1, (0, 8): 1, (1, 2): 11, (1, 4): 8, (1, 7): 1, (1, 8): 1, (1, 9): 25, (2, 5): 20, (2, 7): 9, (2, 9): 1, (3, 4): 20, (3, 7): 4, (3, 8): 9, (4, 5): 1, (4, 6): 3, (5, 7): 1, (7, 8): 1, (7, 9): 1, (8, 9): 1}",1553.0000000012478
46.0,Graph with 10 nodes and 22 edges,"[[0, 1, 1, 1, 0, 1, 0, 0, 1, 0], [1, 0, 1, 0, 1, 0, 0, 1, 1, 1], [1, 1, 0, 0, 0, 1, 0, 1, 0, 1], [1, 0, 0, 0, 1, 0, 0, 1, 1, 0], [0, 1, 0, 1, 0, 1, 1, 0, 0, 0], [1, 0, 1, 0, 1, 0, 0, 1, 0, 0], [0, 0, 0, 0, 1, 0, 0, 0, 0, 0], [0, 1, 1, 1, 0, 1, 0, 0, 1, 1], [1, 1, 0, 1, 0, 0, 0, 1, 0, 1], [0, 1, 1, 0, 0, 0, 0, 1, 1, 0]]",4.0,8.0,Y,"{0: 12, 1: 76, 2: 68, 3: 4, 4: 60, 5: 52, 6: 36, 7: 28, 8: 44, 9: 20}","{(0, 1): 1, (0, 2): 8, (0, 3): 1, (0, 5): 1, (0, 8): 1, (1, 2): 9, (1, 4): 22, (1, 7): 21, (1, 8): 22, (1, 9): 1, (2, 5): 49, (2, 7): 1, (2, 9): 1, (3, 4): 1, (3, 7): 1, (3, 8): 1, (4, 5): 1, (4, 6): 36, (5, 7): 1, (7, 8): 3, (7, 9): 1, (8, 9): 17}",1798.00000000796
47.0,Graph with 10 nodes and 24 edges,"[[0, 1, 1, 1, 1, 1, 0, 1, 1, 0], [1, 0, 1, 0, 1, 1, 0, 0, 0, 1], [1, 1, 0, 1, 1, 1, 0, 0, 0, 0], [1, 0, 1, 0, 0, 0, 1, 0, 1, 0], [1, 1, 1, 0, 0, 0, 1, 0, 0, 0], [1, 1, 1, 0, 0, 0, 1, 1, 1, 1], [0, 0, 0, 1, 1, 1, 0, 0, 0, 0], [1, 0, 0, 0, 0, 1, 0, 0, 1, 1], [1, 0, 0, 1, 0, 1, 0, 1, 0, 1], [0, 1, 0, 0, 0, 1, 0, 1, 1, 0]]",4.0,2.0,Y,"{0: 8, 1: 6, 2: 22, 3: 4, 4: 20, 5: 18, 6: 14, 7: 16, 8: 10, 9: 12}","{(0, 1): 1, (0, 2): 2, (0, 3): 1, (0, 4): 1, (0, 5): 1, (0, 7): 1, (0, 8): 1, (1, 2): 2, (1, 4): 1, (1, 5): 1, (1, 9): 1, (2, 3): 1, (2, 4): 6, (2, 5): 11, (3, 6): 1, (3, 8): 1, (4, 6): 12, (5, 6): 1, (5, 7): 1, (5, 8): 2, (5, 9): 1, (7, 8): 5, (7, 9): 9, (8, 9): 1}",1547.0000000021855
47.0,Graph with 10 nodes and 24 edges,"[[0, 1, 1, 1, 1, 1, 0, 1, 1, 0], [1, 0, 1, 0, 1, 1, 0, 0, 0, 1], [1, 1, 0, 1, 1, 1, 0, 0, 0, 0], [1, 0, 1, 0, 0, 0, 1, 0, 1, 0], [1, 1, 1, 0, 0, 0, 1, 0, 0, 0], [1, 1, 1, 0, 0, 0, 1, 1, 1, 1], [0, 0, 0, 1, 1, 1, 0, 0, 0, 0], [1, 0, 0, 0, 0, 1, 0, 0, 1, 1], [1, 0, 0, 1, 0, 1, 0, 1, 0, 1], [0, 1, 0, 0, 0, 1, 0, 1, 1, 0]]",4.0,5.0,Y,"{0: 9, 1: 49, 2: 44, 3: 4, 4: 39, 5: 34, 6: 29, 7: 24, 8: 19, 9: 14}","{(0, 1): 1, (0, 2): 3, (0, 3): 1, (0, 4): 1, (0, 5): 1, (0, 7): 1, (0, 8): 1, (1, 2): 21, (1, 4): 10, (1, 5): 11, (1, 9): 5, (2, 3): 1, (2, 4): 1, (2, 5): 17, (3, 6): 1, (3, 8): 1, (4, 6): 27, (5, 6): 1, (5, 7): 1, (5, 8): 1, (5, 9): 1, (7, 8): 15, (7, 9): 7, (8, 9): 1}",1492.0000000131495
49.0,Graph with 10 nodes and 20 edges,"[[0, 1, 1, 1, 0, 1, 0, 0, 0, 0], [1, 0, 0, 0, 1, 0, 0, 1, 1, 0], [1, 0, 0, 0, 0, 0, 1, 0, 1, 0], [1, 0, 0, 0, 0, 0, 0, 0, 1, 0], [0, 1, 0, 0, 0, 1, 1, 0, 1, 1], [1, 0, 0, 0, 1, 0, 1, 0, 1, 1], [0, 0, 1, 0, 1, 1, 0, 1, 1, 0], [0, 1, 0, 0, 0, 0, 1, 0, 0, 1], [0, 1, 1, 1, 1, 1, 1, 0, 0, 0], [0, 0, 0, 0, 1, 1, 0, 1, 0, 0]]",2.0,5.0,Y,"{0: 47, 1: 42, 2: 22, 3: 2, 4: 32, 5: 37, 6: 27, 7: 12, 8: 17, 9: 7}","{(0, 1): 12, (0, 2): 1, (0, 3): 1, (0, 5): 33, (1, 4): 14, (1, 7): 10, (1, 8): 5, (2, 6): 20, (2, 8): 1, (3, 8): 1, (4, 5): 1, (4, 6): 4, (4, 8): 7, (4, 9): 5, (5, 6): 1, (5, 8): 1, (5, 9): 1, (6, 7): 1, (6, 8): 1, (7, 9): 1}",1631.0000000032687
49.0,Graph with 10 nodes and 20 edges,"[[0, 1, 1, 1, 0, 1, 0, 0, 0, 0], [1, 0, 0, 0, 1, 0, 0, 1, 1, 0], [1, 0, 0, 0, 0, 0, 1, 0, 1, 0], [1, 0, 0, 0, 0, 0, 0, 0, 1, 0], [0, 1, 0, 0, 0, 1, 1, 0, 1, 1], [1, 0, 0, 0, 1, 0, 1, 0, 1, 1], [0, 0, 1, 0, 1, 1, 0, 1, 1, 0], [0, 1, 0, 0, 0, 0, 1, 0, 0, 1], [0, 1, 1, 1, 1, 1, 1, 0, 0, 0], [0, 0, 0, 0, 1, 1, 0, 1, 0, 0]]",2.0,8.0,Y,"{0: 74, 1: 66, 2: 34, 3: 2, 4: 50, 5: 58, 6: 42, 7: 18, 8: 26, 9: 10}","{(0, 1): 18, (0, 2): 1, (0, 3): 1, (0, 5): 54, (1, 4): 22, (1, 7): 16, (1, 8): 10, (2, 6): 32, (2, 8): 1, (3, 8): 1, (4, 5): 1, (4, 6): 7, (4, 8): 12, (4, 9): 8, (5, 6): 1, (5, 8): 1, (5, 9): 1, (6, 7): 1, (6, 8): 1, (7, 9): 1}",1440.9999999998035
49.0,Graph with 10 nodes and 20 edges,"[[0, 1, 1, 1, 0, 1, 0, 0, 0, 0], [1, 0, 0, 0, 1, 0, 0, 1, 1, 0], [1, 0, 0, 0, 0, 0, 1, 0, 1, 0], [1, 0, 0, 0, 0, 0, 0, 0, 1, 0], [0, 1, 0, 0, 0, 1, 1, 0, 1, 1], [1, 0, 0, 0, 1, 0, 1, 0, 1, 1], [0, 0, 1, 0, 1, 1, 0, 1, 1, 0], [0, 1, 0, 0, 0, 0, 1, 0, 0, 1], [0, 1, 1, 1, 1, 1, 1, 0, 0, 0], [0, 0, 0, 0, 1, 1, 0, 1, 0, 0]]",4.0,9.0,Y,"{0: 22, 1: 13, 2: 40, 3: 4, 4: 85, 5: 58, 6: 67, 7: 31, 8: 76, 9: 49}","{(0, 1): 1, (0, 2): 1, (0, 3): 1, (0, 5): 19, (1, 4): 1, (1, 7): 1, (1, 8): 10, (2, 6): 1, (2, 8): 38, (3, 8): 3, (4, 5): 7, (4, 6): 52, (4, 8): 23, (4, 9): 1, (5, 6): 11, (5, 8): 1, (5, 9): 19, (6, 7): 1, (6, 8): 1, (7, 9): 29}",1982.9999999956271
