,Unnamed: 0.9,Unnamed: 0.8,Unnamed: 0.7,Unnamed: 0.6,Unnamed: 0.5,Unnamed: 0.4,Unnamed: 0.3,Unnamed: 0.2,Unnamed: 0.1,Unnamed: 0,sample_2000_20,qpu_access_time_2000_20,optimal_2000_20,sample_3000_20,qpu_access_time_3000_20,optimal_3000_20,sample_5000_20,qpu_access_time_5000_20,optimal_5000_20,sample_4000_60,qpu_access_time_4000_60,optimal_4000_60,sample_2000_200,qpu_access_time_2000_200,optimal_2000_200,sample_2000_300,qpu_access_time_2000_300,optimal_2000_300,sample_1000_700,qpu_access_time_1000_700,optimal_1000_700,sample_1000_500,qpu_access_time_1000_500,optimal_1000_500,sample_2000_100,qpu_access_time_2000_100,optimal_2000_100,sample_3000_100,qpu_access_time_3000_100,optimal_3000_100,sample_1000_300,qpu_access_time_1000_300,optimal_1000_300
0,0,0,0,0,0,0,0,0,0,0,"{'T00': 0, 'T01': 0, 'T02': 1, 'T03': 0, 'T10': 0, 'T11': 1, 'T12': 0, 'T13': 0, 'T20': 1, 'T21': 0, 'T22': 0, 'T23': 0, 'T30': 0, 'T31': 0, 'T32': 0, 'T33': 1, 'y00': 1, 'y01': 0, 'y10': 1, 'y11': 0, 'y20': 0, 'y21': 1}",288805.57,Y,"{'T00': 0, 'T01': 0, 'T02': 0, 'T03': 1, 'T10': 1, 'T11': 0, 'T12': 0, 'T13': 0, 'T20': 0, 'T21': 1, 'T22': 0, 'T23': 0, 'T30': 0, 'T31': 0, 'T32': 1, 'T33': 0, 'y00': 0, 'y01': 1, 'y10': 1, 'y11': 0, 'y20': 1, 'y21': 0}",425245.57,Y,"{'T00': 0, 'T01': 0, 'T02': 0, 'T03': 1, 'T10': 1, 'T11': 0, 'T12': 0, 'T13': 0, 'T20': 0, 'T21': 1, 'T22': 0, 'T23': 0, 'T30': 0, 'T31': 0, 'T32': 1, 'T33': 0, 'y00': 0, 'y01': 1, 'y10': 1, 'y11': 0, 'y20': 1, 'y21': 0}",698125.57,Y,"{'T00': 0, 'T01': 0, 'T02': 1, 'T03': 0, 'T10': 0, 'T11': 1, 'T12': 0, 'T13': 0, 'T20': 1, 'T21': 0, 'T22': 0, 'T23': 0, 'T30': 0, 'T31': 0, 'T32': 0, 'T33': 1, 'y00': 1, 'y01': 0, 'y10': 1, 'y11': 0, 'y20': 0, 'y21': 1}",721689.57,Y,"{'T00': 0, 'T01': 0, 'T02': 0, 'T03': 1, 'T10': 1, 'T11': 0, 'T12': 0, 'T13': 0, 'T20': 0, 'T21': 1, 'T22': 0, 'T23': 0, 'T30': 0, 'T31': 0, 'T32': 1, 'T33': 0, 'y00': 0, 'y01': 1, 'y10': 1, 'y11': 0, 'y20': 1, 'y21': 0}",648807.57,Y,"{'T00': 0, 'T01': 0, 'T02': 1, 'T03': 0, 'T10': 0, 'T11': 1, 'T12': 0, 'T13': 0, 'T20': 1, 'T21': 0, 'T22': 0, 'T23': 0, 'T30': 0, 'T31': 0, 'T32': 0, 'T33': 1, 'y00': 1, 'y01': 0, 'y10': 1, 'y11': 0, 'y20': 0, 'y21': 1}",848807.57,Y,"{'T00': 0, 'T01': 0, 'T02': 0, 'T03': 1, 'T10': 1, 'T11': 0, 'T12': 0, 'T13': 0, 'T20': 0, 'T21': 1, 'T22': 0, 'T23': 0, 'T30': 0, 'T31': 0, 'T32': 1, 'T33': 0, 'y00': 0, 'y01': 1, 'y10': 1, 'y11': 0, 'y20': 1, 'y21': 0}",832363.97,Y,"{'T00': 0, 'T01': 0, 'T02': 1, 'T03': 0, 'T10': 0, 'T11': 1, 'T12': 0, 'T13': 0, 'T20': 1, 'T21': 0, 'T22': 0, 'T23': 0, 'T30': 0, 'T31': 0, 'T32': 0, 'T33': 1, 'y00': 1, 'y01': 0, 'y10': 1, 'y11': 0, 'y20': 0, 'y21': 1}",632363.97,Y,"{'T00': 0, 'T01': 0, 'T02': 0, 'T03': 1, 'T10': 1, 'T11': 0, 'T12': 0, 'T13': 0, 'T20': 0, 'T21': 1, 'T22': 0, 'T23': 0, 'T30': 0, 'T31': 0, 'T32': 1, 'T33': 0, 'y00': 0, 'y01': 1, 'y10': 1, 'y11': 0, 'y20': 1, 'y21': 0}",448809.57,Y,"{'T00': 0, 'T01': 0, 'T02': 1, 'T03': 0, 'T10': 0, 'T11': 1, 'T12': 0, 'T13': 0, 'T20': 1, 'T21': 0, 'T22': 0, 'T23': 0, 'T30': 0, 'T31': 0, 'T32': 0, 'T33': 1, 'y00': 1, 'y01': 0, 'y10': 1, 'y11': 0, 'y20': 0, 'y21': 1}",665247.57,Y,"{'T00': 0, 'T01': 0, 'T02': 0, 'T03': 1, 'T10': 1, 'T11': 0, 'T12': 0, 'T13': 0, 'T20': 0, 'T21': 1, 'T22': 0, 'T23': 0, 'T30': 0, 'T31': 0, 'T32': 1, 'T33': 0, 'y00': 0, 'y01': 1, 'y10': 1, 'y11': 0, 'y20': 1, 'y21': 0}",432367.17,Y
1,1,1,1,1,1,1,1,1,1,1,"{'T00': 0, 'T01': 1, 'T02': 0, 'T03': 0, 'T10': 0, 'T11': 0, 'T12': 1, 'T13': 0, 'T20': 1, 'T21': 0, 'T22': 0, 'T23': 0, 'T30': 1, 'T31': 0, 'T32': 0, 'T33': 1, 'y00': 1, 'y01': 0, 'y02': 0, 'y10': 1, 'y11': 0, 'y12': 0, 'y20': 1, 'y21': 0, 'y22': 1}",205245.97,N,"{'T00': 1, 'T01': 1, 'T02': 0, 'T03': 0, 'T10': 0, 'T11': 0, 'T12': 1, 'T13': 0, 'T20': 1, 'T21': 0, 'T22': 0, 'T23': 0, 'T30': 0, 'T31': 0, 'T32': 0, 'T33': 1, 'y00': 1, 'y01': 0, 'y02': 0, 'y10': 1, 'y11': 0, 'y12': 0, 'y20': 1, 'y21': 0, 'y22': 1}",299905.97,N,"{'T00': 0, 'T01': 0, 'T02': 1, 'T03': 0, 'T10': 0, 'T11': 0, 'T12': 1, 'T13': 0, 'T20': 0, 'T21': 1, 'T22': 0, 'T23': 0, 'T30': 1, 'T31': 0, 'T32': 0, 'T33': 1, 'y00': 1, 'y01': 1, 'y02': 0, 'y10': 1, 'y11': 0, 'y12': 0, 'y20': 1, 'y21': 0, 'y22': 1}",489225.97,N,"{'T00': 0, 'T01': 1, 'T02': 0, 'T03': 0, 'T10': 0, 'T11': 0, 'T12': 1, 'T13': 0, 'T20': 0, 'T21': 0, 'T22': 0, 'T23': 0, 'T30': 0, 'T31': 0, 'T32': 0, 'T33': 1, 'y00': 1, 'y01': 0, 'y02': 0, 'y10': 1, 'y11': 0, 'y12': 0, 'y20': 1, 'y21': 0, 'y22': 1}",554569.97,N,"{'T00': 0, 'T01': 0, 'T02': 0, 'T03': 1, 'T10': 0, 'T11': 0, 'T12': 0, 'T13': 0, 'T20': 0, 'T21': 1, 'T22': 0, 'T23': 0, 'T30': 0, 'T31': 0, 'T32': 1, 'T33': 0, 'y00': 1, 'y01': 1, 'y02': 0, 'y10': 1, 'y11': 1, 'y12': 0, 'y20': 1, 'y21': 0, 'y22': 0}",565247.57,N,"{'T00': 0, 'T01': 0, 'T02': 0, 'T03': 1, 'T10': 1, 'T11': 0, 'T12': 0, 'T13': 0, 'T20': 1, 'T21': 0, 'T22': 0, 'T23': 0, 'T30': 0, 'T31': 1, 'T32': 1, 'T33': 0, 'y00': 1, 'y01': 0, 'y02': 0, 'y10': 1, 'y11': 0, 'y12': 1, 'y20': 1, 'y21': 0, 'y22': 0}",765246.77,N,"{'T00': 0, 'T01': 0, 'T02': 1, 'T03': 0, 'T10': 0, 'T11': 1, 'T12': 0, 'T13': 0, 'T20': 0, 'T21': 0, 'T22': 0, 'T23': 0, 'T30': 1, 'T31': 0, 'T32': 0, 'T33': 1, 'y00': 0, 'y01': 1, 'y02': 0, 'y10': 1, 'y11': 1, 'y12': 0, 'y20': 1, 'y21': 1, 'y22': 0}",790583.17,N,"{'T00': 0, 'T01': 0, 'T02': 0, 'T03': 1, 'T10': 1, 'T11': 0, 'T12': 0, 'T13': 0, 'T20': 1, 'T21': 0, 'T22': 1, 'T23': 0, 'T30': 0, 'T31': 1, 'T32': 0, 'T33': 0, 'y00': 1, 'y01': 0, 'y02': 1, 'y10': 1, 'y11': 0, 'y12': 0, 'y20': 1, 'y21': 0, 'y22': 0}",590583.17,N,"{'T00': 0, 'T01': 0, 'T02': 0, 'T03': 1, 'T10': 1, 'T11': 0, 'T12': 0, 'T13': 0, 'T20': 0, 'T21': 1, 'T22': 0, 'T23': 0, 'T30': 0, 'T31': 0, 'T32': 1, 'T33': 0, 'y00': 1, 'y01': 1, 'y02': 0, 'y10': 0, 'y11': 1, 'y12': 0, 'y20': 0, 'y21': 1, 'y22': 0}",365247.97,N,"{'T00': 0, 'T01': 1, 'T02': 0, 'T03': 0, 'T10': 0, 'T11': 1, 'T12': 0, 'T13': 0, 'T20': 1, 'T21': 0, 'T22': 0, 'T23': 0, 'T30': 1, 'T31': 0, 'T32': 1, 'T33': 0, 'y00': 1, 'y01': 0, 'y02': 0, 'y10': 1, 'y11': 0, 'y12': 0, 'y20': 1, 'y21': 1, 'y22': 0}",539908.77,N,"{'T00': 0, 'T01': 0, 'T02': 1, 'T03': 0, 'T10': 0, 'T11': 0, 'T12': 0, 'T13': 1, 'T20': 0, 'T21': 1, 'T22': 0, 'T23': 0, 'T30': 0, 'T31': 1, 'T32': 0, 'T33': 1, 'y00': 1, 'y01': 1, 'y02': 0, 'y10': 1, 'y11': 0, 'y12': 0, 'y20': 1, 'y21': 1, 'y22': 1}",390586.77,N
2,2,2,2,2,2,2,2,2,2,2,"{'T00': 0, 'T01': 0, 'T02': 1, 'T03': 0, 'T10': 1, 'T11': 0, 'T12': 0, 'T13': 0, 'T20': 0, 'T21': 1, 'T22': 0, 'T23': 0, 'T30': 0, 'T31': 1, 'T32': 0, 'T33': 0, 'y00': 0, 'y01': 0, 'y02': 1, 'y10': 0, 'y11': 1, 'y12': 0, 'y20': 1, 'y21': 0, 'y22': 0}",268965.97,N,"{'T00': 0, 'T01': 0, 'T02': 0, 'T03': 1, 'T10': 1, 'T11': 0, 'T12': 0, 'T13': 0, 'T20': 1, 'T21': 1, 'T22': 0, 'T23': 0, 'T30': 0, 'T31': 0, 'T32': 1, 'T33': 0, 'y00': 0, 'y01': 0, 'y02': 1, 'y10': 1, 'y11': 0, 'y12': 1, 'y20': 1, 'y21': 0, 'y22': 0}",395485.97,N,"{'T00': 1, 'T01': 0, 'T02': 1, 'T03': 0, 'T10': 0, 'T11': 0, 'T12': 1, 'T13': 0, 'T20': 0, 'T21': 1, 'T22': 0, 'T23': 0, 'T30': 0, 'T31': 0, 'T32': 0, 'T33': 1, 'y00': 0, 'y01': 0, 'y02': 1, 'y10': 0, 'y11': 1, 'y12': 0, 'y20': 1, 'y21': 1, 'y22': 1}",648525.97,N,"{'T00': 0, 'T01': 0, 'T02': 0, 'T03': 1, 'T10': 1, 'T11': 0, 'T12': 0, 'T13': 0, 'T20': 1, 'T21': 1, 'T22': 0, 'T23': 0, 'T30': 0, 'T31': 0, 'T32': 1, 'T33': 0, 'y00': 0, 'y01': 0, 'y02': 1, 'y10': 1, 'y11': 0, 'y12': 1, 'y20': 1, 'y21': 0, 'y22': 0}",682009.97,N,"{'T00': 1, 'T01': 0, 'T02': 0, 'T03': 1, 'T10': 0, 'T11': 0, 'T12': 0, 'T13': 0, 'T20': 0, 'T21': 0, 'T22': 1, 'T23': 0, 'T30': 0, 'T31': 1, 'T32': 0, 'T33': 0, 'y00': 1, 'y01': 1, 'y02': 1, 'y10': 0, 'y11': 1, 'y12': 0, 'y20': 1, 'y21': 0, 'y22': 0}",628967.57,N,"{'T00': 0, 'T01': 0, 'T02': 0, 'T03': 1, 'T10': 1, 'T11': 0, 'T12': 0, 'T13': 0, 'T20': 0, 'T21': 0, 'T22': 1, 'T23': 0, 'T30': 0, 'T31': 1, 'T32': 0, 'T33': 0, 'y00': 1, 'y01': 1, 'y02': 1, 'y10': 0, 'y11': 1, 'y12': 0, 'y20': 1, 'y21': 0, 'y22': 0}",828967.97,Y,"{'T00': 0, 'T01': 1, 'T02': 0, 'T03': 0, 'T10': 0, 'T11': 0, 'T12': 1, 'T13': 0, 'T20': 1, 'T21': 0, 'T22': 0, 'T23': 0, 'T30': 0, 'T31': 0, 'T32': 0, 'T33': 1, 'y00': 1, 'y01': 0, 'y02': 0, 'y10': 1, 'y11': 0, 'y12': 0, 'y20': 1, 'y21': 1, 'y22': 1}",822444.37,N,"{'T00': 0, 'T01': 0, 'T02': 0, 'T03': 1, 'T10': 1, 'T11': 0, 'T12': 0, 'T13': 0, 'T20': 0, 'T21': 0, 'T22': 1, 'T23': 0, 'T30': 0, 'T31': 1, 'T32': 0, 'T33': 0, 'y00': 1, 'y01': 1, 'y02': 1, 'y10': 0, 'y11': 1, 'y12': 0, 'y20': 1, 'y21': 0, 'y22': 0}",622444.37,Y,"{'T00': 0, 'T01': 0, 'T02': 0, 'T03': 1, 'T10': 0, 'T11': 0, 'T12': 0, 'T13': 0, 'T20': 1, 'T21': 0, 'T22': 1, 'T23': 0, 'T30': 0, 'T31': 1, 'T32': 0, 'T33': 0, 'y00': 1, 'y01': 1, 'y02': 1, 'y10': 0, 'y11': 1, 'y12': 0, 'y20': 1, 'y21': 0, 'y22': 0}",428969.57,N,"{'T00': 1, 'T01': 0, 'T02': 1, 'T03': 0, 'T10': 0, 'T11': 0, 'T12': 1, 'T13': 0, 'T20': 0, 'T21': 1, 'T22': 0, 'T23': 0, 'T30': 1, 'T31': 0, 'T32': 0, 'T33': 1, 'y00': 0, 'y01': 0, 'y02': 1, 'y10': 0, 'y11': 1, 'y12': 0, 'y20': 1, 'y21': 1, 'y22': 1}",635488.37,N,"{'T00': 0, 'T01': 0, 'T02': 1, 'T03': 0, 'T10': 1, 'T11': 0, 'T12': 0, 'T13': 0, 'T20': 0, 'T21': 1, 'T22': 0, 'T23': 0, 'T30': 0, 'T31': 1, 'T32': 0, 'T33': 0, 'y00': 1, 'y01': 0, 'y02': 1, 'y10': 1, 'y11': 0, 'y12': 0, 'y20': 0, 'y21': 1, 'y22': 0}",422447.17,N
3,3,3,3,3,3,3,3,3,3,3,"{'T00': 1, 'T01': 0, 'T02': 0, 'T03': 1, 'T10': 1, 'T11': 0, 'T12': 0, 'T13': 0, 'T20': 0, 'T21': 1, 'T22': 0, 'T23': 0, 'T30': 0, 'T31': 0, 'T32': 1, 'T33': 0, 'y00': 1, 'y01': 1, 'y02': 0, 'y10': 1, 'y11': 0, 'y12': 0, 'y20': 0, 'y21': 1, 'y22': 0}",290765.97,N,"{'T00': 0, 'T01': 0, 'T02': 0, 'T03': 1, 'T10': 1, 'T11': 0, 'T12': 0, 'T13': 0, 'T20': 0, 'T21': 1, 'T22': 0, 'T23': 0, 'T30': 1, 'T31': 0, 'T32': 1, 'T33': 0, 'y00': 1, 'y01': 1, 'y02': 0, 'y10': 1, 'y11': 0, 'y12': 0, 'y20': 0, 'y21': 1, 'y22': 0}",428185.97,N,"{'T00': 0, 'T01': 0, 'T02': 0, 'T03': 1, 'T10': 1, 'T11': 0, 'T12': 0, 'T13': 0, 'T20': 0, 'T21': 1, 'T22': 0, 'T23': 0, 'T30': 0, 'T31': 0, 'T32': 1, 'T33': 0, 'y00': 1, 'y01': 1, 'y02': 0, 'y10': 1, 'y11': 0, 'y12': 0, 'y20': 0, 'y21': 1, 'y22': 0}",703025.97,Y,"{'T00': 0, 'T01': 1, 'T02': 0, 'T03': 0, 'T10': 0, 'T11': 0, 'T12': 1, 'T13': 0, 'T20': 0, 'T21': 0, 'T22': 0, 'T23': 0, 'T30': 1, 'T31': 0, 'T32': 0, 'T33': 1, 'y00': 0, 'y01': 1, 'y02': 0, 'y10': 0, 'y11': 0, 'y12': 0, 'y20': 0, 'y21': 0, 'y22': 1}",725609.57,N,"{'T00': 1, 'T01': 0, 'T02': 1, 'T03': 0, 'T10': 0, 'T11': 1, 'T12': 0, 'T13': 0, 'T20': 1, 'T21': 0, 'T22': 0, 'T23': 0, 'T30': 0, 'T31': 0, 'T32': 0, 'T33': 1, 'y00': 0, 'y01': 1, 'y02': 0, 'y10': 1, 'y11': 0, 'y12': 0, 'y20': 1, 'y21': 1, 'y22': 0}",650767.57,N,"{'T00': 0, 'T01': 0, 'T02': 1, 'T03': 0, 'T10': 0, 'T11': 1, 'T12': 0, 'T13': 0, 'T20': 1, 'T21': 0, 'T22': 0, 'T23': 0, 'T30': 0, 'T31': 0, 'T32': 0, 'T33': 1, 'y00': 0, 'y01': 1, 'y02': 0, 'y10': 1, 'y11': 0, 'y12': 0, 'y20': 1, 'y21': 1, 'y22': 0}",850767.97,Y,"{'T00': 0, 'T01': 1, 'T02': 0, 'T03': 0, 'T10': 0, 'T11': 0, 'T12': 1, 'T13': 0, 'T20': 1, 'T21': 0, 'T22': 0, 'T23': 0, 'T30': 0, 'T31': 0, 'T32': 0, 'T33': 1, 'y00': 0, 'y01': 1, 'y02': 0, 'y10': 0, 'y11': 0, 'y12': 0, 'y20': 0, 'y21': 0, 'y22': 1}",833343.97,Y,"{'T00': 0, 'T01': 1, 'T02': 0, 'T03': 0, 'T10': 0, 'T11': 0, 'T12': 1, 'T13': 0, 'T20': 1, 'T21': 0, 'T22': 0, 'T23': 0, 'T30': 0, 'T31': 0, 'T32': 0, 'T33': 1, 'y00': 0, 'y01': 1, 'y02': 0, 'y10': 0, 'y11': 0, 'y12': 0, 'y20': 0, 'y21': 0, 'y22': 1}",633343.97,Y,"{'T00': 0, 'T01': 0, 'T02': 0, 'T03': 1, 'T10': 0, 'T11': 1, 'T12': 0, 'T13': 0, 'T20': 0, 'T21': 0, 'T22': 1, 'T23': 0, 'T30': 1, 'T31': 1, 'T32': 0, 'T33': 0, 'y00': 0, 'y01': 0, 'y02': 1, 'y10': 0, 'y11': 0, 'y12': 0, 'y20': 0, 'y21': 1, 'y22': 0}",450769.97,N,"{'T00': 0, 'T01': 0, 'T02': 0, 'T03': 1, 'T10': 1, 'T11': 0, 'T12': 0, 'T13': 0, 'T20': 0, 'T21': 1, 'T22': 0, 'T23': 0, 'T30': 0, 'T31': 0, 'T32': 1, 'T33': 0, 'y00': 1, 'y01': 1, 'y02': 0, 'y10': 1, 'y11': 0, 'y12': 0, 'y20': 0, 'y21': 1, 'y22': 0}",668187.97,Y,"{'T00': 0, 'T01': 0, 'T02': 1, 'T03': 0, 'T10': 1, 'T11': 1, 'T12': 0, 'T13': 0, 'T20': 1, 'T21': 0, 'T22': 0, 'T23': 0, 'T30': 0, 'T31': 0, 'T32': 0, 'T33': 1, 'y00': 0, 'y01': 1, 'y02': 0, 'y10': 1, 'y11': 0, 'y12': 0, 'y20': 1, 'y21': 1, 'y22': 0}",433347.57,N
4,4,4,4,4,4,4,4,4,4,4,"{'T00': 0, 'T01': 1, 'T02': 1, 'T03': 0, 'T10': 1, 'T11': 0, 'T12': 0, 'T13': 0, 'T20': 0, 'T21': 0, 'T22': 0, 'T23': 0, 'T30': 0, 'T31': 0, 'T32': 0, 'T33': 1, 'y00': 0, 'y01': 1, 'y02': 0, 'y10': 1, 'y11': 0, 'y12': 1, 'y20': 0, 'y21': 1, 'y22': 0}",190805.97,N,"{'T00': 0, 'T01': 0, 'T02': 0, 'T03': 1, 'T10': 1, 'T11': 0, 'T12': 0, 'T13': 0, 'T20': 0, 'T21': 0, 'T22': 1, 'T23': 0, 'T30': 0, 'T31': 1, 'T32': 0, 'T33': 0, 'y00': 0, 'y01': 1, 'y02': 1, 'y10': 1, 'y11': 0, 'y12': 0, 'y20': 0, 'y21': 1, 'y22': 0}",278245.97,Y,"{'T00': 0, 'T01': 0, 'T02': 1, 'T03': 0, 'T10': 0, 'T11': 0, 'T12': 1, 'T13': 0, 'T20': 0, 'T21': 1, 'T22': 0, 'T23': 0, 'T30': 0, 'T31': 0, 'T32': 0, 'T33': 1, 'y00': 0, 'y01': 0, 'y02': 1, 'y10': 1, 'y11': 0, 'y12': 0, 'y20': 0, 'y21': 1, 'y22': 1}",453125.97,N,"{'T00': 1, 'T01': 0, 'T02': 1, 'T03': 0, 'T10': 0, 'T11': 0, 'T12': 1, 'T13': 0, 'T20': 0, 'T21': 1, 'T22': 0, 'T23': 0, 'T30': 0, 'T31': 0, 'T32': 0, 'T33': 1, 'y00': 0, 'y01': 0, 'y02': 1, 'y10': 1, 'y11': 0, 'y12': 0, 'y20': 0, 'y21': 1, 'y22': 1}",525689.17,N,"{'T00': 0, 'T01': 1, 'T02': 0, 'T03': 0, 'T10': 0, 'T11': 0, 'T12': 1, 'T13': 0, 'T20': 1, 'T21': 0, 'T22': 0, 'T23': 0, 'T30': 0, 'T31': 0, 'T32': 0, 'T33': 1, 'y00': 0, 'y01': 1, 'y02': 0, 'y10': 1, 'y11': 0, 'y12': 0, 'y20': 0, 'y21': 1, 'y22': 1}",550806.77,Y,"{'T00': 0, 'T01': 1, 'T02': 0, 'T03': 0, 'T10': 0, 'T11': 0, 'T12': 1, 'T13': 0, 'T20': 1, 'T21': 0, 'T22': 0, 'T23': 0, 'T30': 1, 'T31': 0, 'T32': 0, 'T33': 1, 'y00': 0, 'y01': 1, 'y02': 0, 'y10': 1, 'y11': 0, 'y12': 0, 'y20': 0, 'y21': 1, 'y22': 1}",750807.17,N,"{'T00': 0, 'T01': 1, 'T02': 0, 'T03': 0, 'T10': 0, 'T11': 0, 'T12': 1, 'T13': 0, 'T20': 1, 'T21': 0, 'T22': 0, 'T23': 0, 'T30': 0, 'T31': 0, 'T32': 0, 'T33': 1, 'y00': 0, 'y01': 1, 'y02': 0, 'y10': 1, 'y11': 0, 'y12': 0, 'y20': 0, 'y21': 1, 'y22': 1}",783363.57,Y,"{'T00': 0, 'T01': 0, 'T02': 1, 'T03': 0, 'T10': 1, 'T11': 0, 'T12': 1, 'T13': 0, 'T20': 1, 'T21': 1, 'T22': 0, 'T23': 0, 'T30': 0, 'T31': 0, 'T32': 0, 'T33': 1, 'y00': 0, 'y01': 0, 'y02': 1, 'y10': 1, 'y11': 0, 'y12': 0, 'y20': 0, 'y21': 1, 'y22': 1}",583363.57,N,"{'T00': 0, 'T01': 0, 'T02': 0, 'T03': 1, 'T10': 0, 'T11': 0, 'T12': 0, 'T13': 0, 'T20': 0, 'T21': 1, 'T22': 0, 'T23': 0, 'T30': 1, 'T31': 0, 'T32': 1, 'T33': 0, 'y00': 0, 'y01': 0, 'y02': 1, 'y10': 1, 'y11': 1, 'y12': 0, 'y20': 0, 'y21': 1, 'y22': 0}",350808.37,N,"{'T00': 0, 'T01': 0, 'T02': 1, 'T03': 0, 'T10': 0, 'T11': 1, 'T12': 0, 'T13': 0, 'T20': 1, 'T21': 0, 'T22': 0, 'T23': 0, 'T30': 0, 'T31': 0, 'T32': 0, 'T33': 1, 'y00': 0, 'y01': 1, 'y02': 0, 'y10': 1, 'y11': 1, 'y12': 0, 'y20': 0, 'y21': 0, 'y22': 1}",518247.97,Y,"{'T00': 0, 'T01': 0, 'T02': 1, 'T03': 0, 'T10': 0, 'T11': 0, 'T12': 1, 'T13': 0, 'T20': 0, 'T21': 1, 'T22': 0, 'T23': 0, 'T30': 1, 'T31': 0, 'T32': 0, 'T33': 1, 'y00': 0, 'y01': 0, 'y02': 1, 'y10': 1, 'y11': 0, 'y12': 0, 'y20': 0, 'y21': 1, 'y22': 1}",383366.77,N
5,5,5,5,5,5,5,5,5,5,5,"{'T00': 0, 'T01': 0, 'T02': 0, 'T03': 1, 'T10': 1, 'T11': 1, 'T12': 0, 'T13': 0, 'T20': 0, 'T21': 0, 'T22': 0, 'T23': 0, 'T30': 0, 'T31': 1, 'T32': 0, 'T33': 1, 'y00': 0, 'y01': 1, 'y02': 0, 'y03': 0, 'y10': 0, 'y11': 0, 'y12': 0, 'y13': 1, 'y20': 1, 'y21': 0, 'y22': 1, 'y23': 0}",295044.77,N,"{'T00': 0, 'T01': 0, 'T02': 1, 'T03': 0, 'T10': 0, 'T11': 1, 'T12': 0, 'T13': 0, 'T20': 1, 'T21': 0, 'T22': 0, 'T23': 0, 'T30': 0, 'T31': 1, 'T32': 1, 'T33': 0, 'y00': 0, 'y01': 1, 'y02': 0, 'y03': 0, 'y10': 1, 'y11': 0, 'y12': 1, 'y13': 0, 'y20': 1, 'y21': 0, 'y22': 1, 'y23': 0}",434604.77,N,"{'T00': 1, 'T01': 0, 'T02': 1, 'T03': 0, 'T10': 1, 'T11': 1, 'T12': 0, 'T13': 0, 'T20': 0, 'T21': 0, 'T22': 0, 'T23': 0, 'T30': 0, 'T31': 0, 'T32': 0, 'T33': 1, 'y00': 0, 'y01': 1, 'y02': 0, 'y03': 0, 'y10': 1, 'y11': 0, 'y12': 1, 'y13': 0, 'y20': 1, 'y21': 0, 'y22': 1, 'y23': 0}",713724.77,N,"{'T00': 0, 'T01': 0, 'T02': 1, 'T03': 0, 'T10': 0, 'T11': 0, 'T12': 0, 'T13': 0, 'T20': 1, 'T21': 0, 'T22': 0, 'T23': 0, 'T30': 0, 'T31': 0, 'T32': 1, 'T33': 0, 'y00': 0, 'y01': 1, 'y02': 0, 'y03': 0, 'y10': 1, 'y11': 0, 'y12': 1, 'y13': 0, 'y20': 0, 'y21': 1, 'y22': 0, 'y23': 0}",734167.17,N,"{'T00': 1, 'T01': 0, 'T02': 1, 'T03': 0, 'T10': 0, 'T11': 0, 'T12': 1, 'T13': 0, 'T20': 0, 'T21': 0, 'T22': 0, 'T23': 0, 'T30': 0, 'T31': 1, 'T32': 0, 'T33': 1, 'y00': 0, 'y01': 1, 'y02': 0, 'y03': 0, 'y10': 1, 'y11': 0, 'y12': 1, 'y13': 0, 'y20': 1, 'y21': 1, 'y22': 1, 'y23': 0}",655045.57,N,"{'T00': 0, 'T01': 1, 'T02': 0, 'T03': 0, 'T10': 1, 'T11': 0, 'T12': 1, 'T13': 0, 'T20': 0, 'T21': 0, 'T22': 0, 'T23': 0, 'T30': 0, 'T31': 0, 'T32': 0, 'T33': 1, 'y00': 1, 'y01': 0, 'y02': 0, 'y03': 0, 'y10': 1, 'y11': 1, 'y12': 0, 'y13': 0, 'y20': 1, 'y21': 1, 'y22': 1, 'y23': 0}",855045.57,N,"{'T00': 0, 'T01': 0, 'T02': 0, 'T03': 0, 'T10': 0, 'T11': 1, 'T12': 1, 'T13': 0, 'T20': 1, 'T21': 0, 'T22': 0, 'T23': 0, 'T30': 0, 'T31': 0, 'T32': 0, 'T33': 1, 'y00': 1, 'y01': 0, 'y02': 0, 'y03': 0, 'y10': 0, 'y11': 0, 'y12': 0, 'y13': 0, 'y20': 0, 'y21': 1, 'y22': 0, 'y23': 1}",835481.97,N,"{'T00': 1, 'T01': 0, 'T02': 0, 'T03': 1, 'T10': 0, 'T11': 0, 'T12': 0, 'T13': 0, 'T20': 1, 'T21': 0, 'T22': 1, 'T23': 0, 'T30': 0, 'T31': 1, 'T32': 0, 'T33': 0, 'y00': 1, 'y01': 0, 'y02': 0, 'y03': 1, 'y10': 0, 'y11': 1, 'y12': 0, 'y13': 0, 'y20': 0, 'y21': 1, 'y22': 0, 'y23': 0}",635481.97,N,"{'T00': 0, 'T01': 1, 'T02': 0, 'T03': 0, 'T10': 0, 'T11': 0, 'T12': 1, 'T13': 0, 'T20': 1, 'T21': 0, 'T22': 0, 'T23': 0, 'T30': 0, 'T31': 0, 'T32': 0, 'T33': 1, 'y00': 0, 'y01': 1, 'y02': 0, 'y03': 0, 'y10': 1, 'y11': 1, 'y12': 0, 'y13': 0, 'y20': 1, 'y21': 1, 'y22': 1, 'y23': 0}",455046.77,N,"{'T00': 1, 'T01': 0, 'T02': 0, 'T03': 1, 'T10': 0, 'T11': 1, 'T12': 0, 'T13': 0, 'T20': 0, 'T21': 1, 'T22': 0, 'T23': 0, 'T30': 0, 'T31': 1, 'T32': 1, 'T33': 0, 'y00': 1, 'y01': 0, 'y02': 1, 'y03': 0, 'y10': 1, 'y11': 0, 'y12': 1, 'y13': 0, 'y20': 1, 'y21': 0, 'y22': 1, 'y23': 0}",674606.37,N,"{'T00': 0, 'T01': 0, 'T02': 0, 'T03': 1, 'T10': 0, 'T11': 0, 'T12': 1, 'T13': 0, 'T20': 1, 'T21': 0, 'T22': 0, 'T23': 0, 'T30': 0, 'T31': 0, 'T32': 1, 'T33': 1, 'y00': 0, 'y01': 1, 'y02': 0, 'y03': 0, 'y10': 0, 'y11': 0, 'y12': 0, 'y13': 1, 'y20': 1, 'y21': 0, 'y22': 0, 'y23': 1}",435485.17,N
6,6,6,6,6,6,6,6,6,6,6,"{'T00': 0, 'T01': 0, 'T02': 1, 'T03': 0, 'T10': 1, 'T11': 0, 'T12': 0, 'T13': 0, 'T20': 0, 'T21': 1, 'T22': 0, 'T23': 0, 'T30': 0, 'T31': 0, 'T32': 0, 'T33': 1, 'y00': 1, 'y01': 0, 'y10': 1, 'y11': 0, 'y20': 1, 'y21': 0, 'y30': 0, 'y31': 0}",201045.57,Y,"{'T00': 0, 'T01': 0, 'T02': 1, 'T03': 0, 'T10': 1, 'T11': 1, 'T12': 0, 'T13': 0, 'T20': 0, 'T21': 0, 'T22': 1, 'T23': 0, 'T30': 0, 'T31': 0, 'T32': 0, 'T33': 1, 'y00': 0, 'y01': 1, 'y10': 0, 'y11': 0, 'y20': 0, 'y21': 1, 'y30': 0, 'y31': 0}",293605.57,N,"{'T00': 0, 'T01': 0, 'T02': 1, 'T03': 0, 'T10': 1, 'T11': 0, 'T12': 0, 'T13': 0, 'T20': 0, 'T21': 1, 'T22': 0, 'T23': 0, 'T30': 0, 'T31': 0, 'T32': 0, 'T33': 1, 'y00': 1, 'y01': 0, 'y10': 1, 'y11': 0, 'y20': 1, 'y21': 0, 'y30': 0, 'y31': 0}",478725.57,Y,"{'T00': 0, 'T01': 0, 'T02': 1, 'T03': 0, 'T10': 1, 'T11': 0, 'T12': 0, 'T13': 0, 'T20': 0, 'T21': 1, 'T22': 0, 'T23': 0, 'T30': 0, 'T31': 0, 'T32': 0, 'T33': 1, 'y00': 1, 'y01': 0, 'y10': 1, 'y11': 0, 'y20': 1, 'y21': 0, 'y30': 0, 'y31': 0}",546168.37,Y,"{'T00': 0, 'T01': 0, 'T02': 1, 'T03': 0, 'T10': 1, 'T11': 0, 'T12': 0, 'T13': 0, 'T20': 0, 'T21': 1, 'T22': 1, 'T23': 0, 'T30': 0, 'T31': 0, 'T32': 0, 'T33': 1, 'y00': 0, 'y01': 1, 'y10': 0, 'y11': 0, 'y20': 1, 'y21': 0, 'y30': 1, 'y31': 0}",561047.97,N,"{'T00': 0, 'T01': 0, 'T02': 1, 'T03': 0, 'T10': 1, 'T11': 0, 'T12': 0, 'T13': 0, 'T20': 0, 'T21': 1, 'T22': 0, 'T23': 0, 'T30': 0, 'T31': 0, 'T32': 0, 'T33': 1, 'y00': 1, 'y01': 0, 'y10': 1, 'y11': 0, 'y20': 1, 'y21': 0, 'y30': 0, 'y31': 0}",761046.77,Y,"{'T00': 0, 'T01': 0, 'T02': 1, 'T03': 0, 'T10': 1, 'T11': 0, 'T12': 0, 'T13': 0, 'T20': 0, 'T21': 0, 'T22': 0, 'T23': 1, 'T30': 0, 'T31': 0, 'T32': 0, 'T33': 1, 'y00': 0, 'y01': 1, 'y10': 0, 'y11': 0, 'y20': 1, 'y21': 0, 'y30': 1, 'y31': 0}",788483.57,N,"{'T00': 0, 'T01': 1, 'T02': 0, 'T03': 0, 'T10': 0, 'T11': 0, 'T12': 0, 'T13': 0, 'T20': 0, 'T21': 0, 'T22': 1, 'T23': 0, 'T30': 0, 'T31': 0, 'T32': 0, 'T33': 1, 'y00': 1, 'y01': 0, 'y10': 0, 'y11': 0, 'y20': 1, 'y21': 0, 'y30': 1, 'y31': 0}",588483.57,N,"{'T00': 0, 'T01': 0, 'T02': 1, 'T03': 0, 'T10': 1, 'T11': 0, 'T12': 0, 'T13': 0, 'T20': 0, 'T21': 1, 'T22': 0, 'T23': 0, 'T30': 0, 'T31': 0, 'T32': 0, 'T33': 1, 'y00': 1, 'y01': 0, 'y10': 1, 'y11': 0, 'y20': 1, 'y21': 0, 'y30': 0, 'y31': 0}",361049.17,Y,"{'T00': 0, 'T01': 0, 'T02': 1, 'T03': 0, 'T10': 1, 'T11': 0, 'T12': 0, 'T13': 0, 'T20': 0, 'T21': 1, 'T22': 0, 'T23': 0, 'T30': 0, 'T31': 0, 'T32': 0, 'T33': 1, 'y00': 1, 'y01': 0, 'y10': 1, 'y11': 0, 'y20': 1, 'y21': 0, 'y30': 0, 'y31': 0}",533608.37,Y,"{'T00': 0, 'T01': 0, 'T02': 1, 'T03': 0, 'T10': 1, 'T11': 0, 'T12': 0, 'T13': 0, 'T20': 0, 'T21': 1, 'T22': 0, 'T23': 0, 'T30': 0, 'T31': 0, 'T32': 0, 'T33': 1, 'y00': 1, 'y01': 0, 'y10': 1, 'y11': 0, 'y20': 1, 'y21': 0, 'y30': 0, 'y31': 0}",388486.37,Y
7,7,7,7,7,7,7,7,7,7,7,"{'T00': 0, 'T01': 1, 'T02': 0, 'T03': 0, 'T10': 0, 'T11': 0, 'T12': 1, 'T13': 0, 'T20': 1, 'T21': 1, 'T22': 0, 'T23': 0, 'T30': 0, 'T31': 0, 'T32': 0, 'T33': 1, 'y00': 0, 'y01': 1, 'y02': 0, 'y10': 0, 'y11': 0, 'y12': 0, 'y20': 1, 'y21': 0, 'y22': 1, 'y30': 0, 'y31': 0, 'y32': 0}",211365.97,N,"{'T00': 0, 'T01': 1, 'T02': 0, 'T03': 0, 'T10': 1, 'T11': 0, 'T12': 0, 'T13': 0, 'T20': 0, 'T21': 1, 'T22': 1, 'T23': 0, 'T30': 0, 'T31': 0, 'T32': 0, 'T33': 1, 'y00': 0, 'y01': 1, 'y02': 0, 'y10': 0, 'y11': 0, 'y12': 0, 'y20': 1, 'y21': 0, 'y22': 0, 'y30': 0, 'y31': 0, 'y32': 1}",309085.97,N,"{'T00': 0, 'T01': 0, 'T02': 1, 'T03': 0, 'T10': 0, 'T11': 1, 'T12': 0, 'T13': 0, 'T20': 1, 'T21': 0, 'T22': 0, 'T23': 0, 'T30': 0, 'T31': 1, 'T32': 0, 'T33': 1, 'y00': 0, 'y01': 0, 'y02': 0, 'y10': 0, 'y11': 0, 'y12': 1, 'y20': 1, 'y21': 1, 'y22': 0, 'y30': 0, 'y31': 0, 'y32': 0}",504525.97,N,"{'T00': 0, 'T01': 1, 'T02': 0, 'T03': 0, 'T10': 1, 'T11': 0, 'T12': 0, 'T13': 0, 'T20': 0, 'T21': 0, 'T22': 1, 'T23': 0, 'T30': 0, 'T31': 0, 'T32': 1, 'T33': 0, 'y00': 0, 'y01': 1, 'y02': 0, 'y10': 0, 'y11': 0, 'y12': 0, 'y20': 1, 'y21': 0, 'y22': 0, 'y30': 0, 'y31': 1, 'y32': 0}",566809.17,N,"{'T00': 0, 'T01': 0, 'T02': 0, 'T03': 0, 'T10': 0, 'T11': 0, 'T12': 0, 'T13': 0, 'T20': 0, 'T21': 1, 'T22': 0, 'T23': 0, 'T30': 0, 'T31': 0, 'T32': 1, 'T33': 0, 'y00': 0, 'y01': 0, 'y02': 0, 'y10': 0, 'y11': 0, 'y12': 0, 'y20': 1, 'y21': 0, 'y22': 0, 'y30': 0, 'y31': 1, 'y32': 0}",571367.57,N,"{'T00': 0, 'T01': 0, 'T02': 0, 'T03': 1, 'T10': 0, 'T11': 0, 'T12': 0, 'T13': 0, 'T20': 0, 'T21': 1, 'T22': 1, 'T23': 0, 'T30': 1, 'T31': 0, 'T32': 1, 'T33': 0, 'y00': 1, 'y01': 0, 'y02': 1, 'y10': 1, 'y11': 0, 'y12': 0, 'y20': 1, 'y21': 0, 'y22': 0, 'y30': 1, 'y31': 0, 'y32': 0}",771366.77,N,"{'T00': 0, 'T01': 1, 'T02': 0, 'T03': 0, 'T10': 1, 'T11': 0, 'T12': 0, 'T13': 0, 'T20': 0, 'T21': 1, 'T22': 1, 'T23': 0, 'T30': 1, 'T31': 0, 'T32': 0, 'T33': 1, 'y00': 0, 'y01': 1, 'y02': 0, 'y10': 0, 'y11': 0, 'y12': 0, 'y20': 1, 'y21': 0, 'y22': 0, 'y30': 0, 'y31': 0, 'y32': 1}",793643.17,N,"{'T00': 1, 'T01': 0, 'T02': 1, 'T03': 0, 'T10': 1, 'T11': 0, 'T12': 0, 'T13': 0, 'T20': 0, 'T21': 0, 'T22': 1, 'T23': 1, 'T30': 0, 'T31': 1, 'T32': 0, 'T33': 1, 'y00': 0, 'y01': 0, 'y02': 1, 'y10': 0, 'y11': 0, 'y12': 0, 'y20': 1, 'y21': 0, 'y22': 0, 'y30': 0, 'y31': 1, 'y32': 1}",593643.17,N,"{'T00': 1, 'T01': 0, 'T02': 0, 'T03': 0, 'T10': 0, 'T11': 1, 'T12': 0, 'T13': 0, 'T20': 0, 'T21': 1, 'T22': 1, 'T23': 0, 'T30': 0, 'T31': 0, 'T32': 1, 'T33': 1, 'y00': 0, 'y01': 0, 'y02': 0, 'y10': 0, 'y11': 0, 'y12': 0, 'y20': 1, 'y21': 1, 'y22': 0, 'y30': 0, 'y31': 1, 'y32': 1}",371368.77,N,"{'T00': 0, 'T01': 1, 'T02': 0, 'T03': 0, 'T10': 1, 'T11': 0, 'T12': 0, 'T13': 0, 'T20': 0, 'T21': 1, 'T22': 0, 'T23': 0, 'T30': 0, 'T31': 0, 'T32': 0, 'T33': 1, 'y00': 0, 'y01': 0, 'y02': 0, 'y10': 0, 'y11': 1, 'y12': 0, 'y20': 1, 'y21': 0, 'y22': 0, 'y30': 0, 'y31': 1, 'y32': 0}",549087.17,N,"{'T00': 0, 'T01': 0, 'T02': 1, 'T03': 0, 'T10': 0, 'T11': 0, 'T12': 0, 'T13': 0, 'T20': 0, 'T21': 1, 'T22': 0, 'T23': 0, 'T30': 0, 'T31': 0, 'T32': 0, 'T33': 1, 'y00': 1, 'y01': 0, 'y02': 0, 'y10': 1, 'y11': 1, 'y12': 0, 'y20': 1, 'y21': 0, 'y22': 0, 'y30': 1, 'y31': 0, 'y32': 0}",393647.17,N
8,8,8,8,8,8,8,8,8,8,8,"{'T00': 0, 'T01': 0, 'T02': 1, 'T03': 0, 'T10': 0, 'T11': 1, 'T12': 0, 'T13': 0, 'T20': 0, 'T21': 1, 'T22': 0, 'T23': 0, 'T30': 0, 'T31': 0, 'T32': 0, 'T33': 1, 'y00': 1, 'y01': 1, 'y02': 0, 'y10': 0, 'y11': 0, 'y12': 1, 'y20': 0, 'y21': 0, 'y22': 1, 'y30': 0, 'y31': 0, 'y32': 0}",235403.97,N,"{'T00': 1, 'T01': 1, 'T02': 0, 'T03': 0, 'T10': 0, 'T11': 0, 'T12': 0, 'T13': 0, 'T20': 0, 'T21': 0, 'T22': 1, 'T23': 0, 'T30': 0, 'T31': 0, 'T32': 1, 'T33': 0, 'y00': 0, 'y01': 1, 'y02': 0, 'y10': 1, 'y11': 0, 'y12': 0, 'y20': 1, 'y21': 0, 'y22': 0, 'y30': 0, 'y31': 0, 'y32': 1}",345143.97,N,"{'T00': 0, 'T01': 1, 'T02': 1, 'T03': 0, 'T10': 0, 'T11': 0, 'T12': 0, 'T13': 0, 'T20': 0, 'T21': 0, 'T22': 1, 'T23': 0, 'T30': 1, 'T31': 0, 'T32': 0, 'T33': 1, 'y00': 0, 'y01': 0, 'y02': 1, 'y10': 1, 'y11': 0, 'y12': 1, 'y20': 1, 'y21': 0, 'y22': 0, 'y30': 0, 'y31': 1, 'y32': 0}",564623.97,N,"{'T00': 0, 'T01': 1, 'T02': 0, 'T03': 0, 'T10': 0, 'T11': 0, 'T12': 0, 'T13': 0, 'T20': 1, 'T21': 1, 'T22': 0, 'T23': 0, 'T30': 0, 'T31': 0, 'T32': 1, 'T33': 0, 'y00': 1, 'y01': 0, 'y02': 0, 'y10': 0, 'y11': 1, 'y12': 0, 'y20': 1, 'y21': 0, 'y22': 0, 'y30': 0, 'y31': 1, 'y32': 0}",614887.97,N,"{'T00': 0, 'T01': 1, 'T02': 0, 'T03': 0, 'T10': 0, 'T11': 0, 'T12': 0, 'T13': 0, 'T20': 0, 'T21': 1, 'T22': 0, 'T23': 0, 'T30': 0, 'T31': 0, 'T32': 1, 'T33': 0, 'y00': 1, 'y01': 0, 'y02': 0, 'y10': 0, 'y11': 1, 'y12': 0, 'y20': 1, 'y21': 0, 'y22': 0, 'y30': 0, 'y31': 1, 'y32': 0}",595407.97,N,"{'T00': 1, 'T01': 1, 'T02': 0, 'T03': 0, 'T10': 1, 'T11': 0, 'T12': 0, 'T13': 0, 'T20': 0, 'T21': 0, 'T22': 1, 'T23': 0, 'T30': 0, 'T31': 0, 'T32': 0, 'T33': 1, 'y00': 1, 'y01': 0, 'y02': 0, 'y10': 0, 'y11': 1, 'y12': 0, 'y20': 1, 'y21': 0, 'y22': 0, 'y30': 1, 'y31': 0, 'y32': 1}",795405.17,N,"{'T00': 0, 'T01': 1, 'T02': 1, 'T03': 0, 'T10': 1, 'T11': 0, 'T12': 0, 'T13': 0, 'T20': 0, 'T21': 0, 'T22': 0, 'T23': 1, 'T30': 0, 'T31': 0, 'T32': 1, 'T33': 0, 'y00': 1, 'y01': 1, 'y02': 1, 'y10': 1, 'y11': 1, 'y12': 0, 'y20': 1, 'y21': 0, 'y22': 0, 'y30': 0, 'y31': 1, 'y32': 0}",805662.77,N,"{'T00': 0, 'T01': 0, 'T02': 1, 'T03': 0, 'T10': 0, 'T11': 1, 'T12': 0, 'T13': 0, 'T20': 0, 'T21': 0, 'T22': 0, 'T23': 1, 'T30': 1, 'T31': 0, 'T32': 0, 'T33': 1, 'y00': 1, 'y01': 0, 'y02': 1, 'y10': 1, 'y11': 0, 'y12': 0, 'y20': 0, 'y21': 0, 'y22': 1, 'y30': 1, 'y31': 1, 'y32': 0}",605662.77,N,"{'T00': 1, 'T01': 1, 'T02': 0, 'T03': 0, 'T10': 0, 'T11': 0, 'T12': 1, 'T13': 0, 'T20': 0, 'T21': 1, 'T22': 0, 'T23': 0, 'T30': 0, 'T31': 0, 'T32': 0, 'T33': 1, 'y00': 1, 'y01': 1, 'y02': 0, 'y10': 0, 'y11': 0, 'y12': 0, 'y20': 1, 'y21': 1, 'y22': 1, 'y30': 1, 'y31': 0, 'y32': 0}",395406.77,N,"{'T00': 0, 'T01': 0, 'T02': 0, 'T03': 0, 'T10': 1, 'T11': 0, 'T12': 0, 'T13': 0, 'T20': 0, 'T21': 0, 'T22': 1, 'T23': 0, 'T30': 0, 'T31': 0, 'T32': 0, 'T33': 1, 'y00': 0, 'y01': 0, 'y02': 0, 'y10': 0, 'y11': 0, 'y12': 0, 'y20': 0, 'y21': 1, 'y22': 0, 'y30': 0, 'y31': 1, 'y32': 1}",585148.37,N,"{'T00': 0, 'T01': 0, 'T02': 1, 'T03': 0, 'T10': 0, 'T11': 1, 'T12': 0, 'T13': 0, 'T20': 1, 'T21': 1, 'T22': 0, 'T23': 0, 'T30': 0, 'T31': 0, 'T32': 0, 'T33': 1, 'y00': 1, 'y01': 1, 'y02': 0, 'y10': 1, 'y11': 1, 'y12': 0, 'y20': 1, 'y21': 0, 'y22': 1, 'y30': 0, 'y31': 0, 'y32': 0}",405665.97,N
9,9,9,9,9,9,9,9,9,9,9,"{'T00': 0, 'T01': 1, 'T02': 0, 'T03': 1, 'T10': 1, 'T11': 0, 'T12': 0, 'T13': 0, 'T20': 0, 'T21': 0, 'T22': 1, 'T23': 0, 'T30': 0, 'T31': 0, 'T32': 0, 'T33': 1, 'y00': 0, 'y01': 0, 'y02': 1, 'y10': 1, 'y11': 0, 'y12': 0, 'y20': 0, 'y21': 1, 'y22': 0, 'y30': 0, 'y31': 0, 'y32': 0}",227526.37,N,"{'T00': 0, 'T01': 1, 'T02': 0, 'T03': 0, 'T10': 0, 'T11': 1, 'T12': 0, 'T13': 0, 'T20': 0, 'T21': 0, 'T22': 1, 'T23': 0, 'T30': 1, 'T31': 0, 'T32': 0, 'T33': 1, 'y00': 0, 'y01': 1, 'y02': 0, 'y10': 0, 'y11': 0, 'y12': 0, 'y20': 1, 'y21': 1, 'y22': 0, 'y30': 0, 'y31': 0, 'y32': 0}",333326.37,N,"{'T00': 0, 'T01': 0, 'T02': 1, 'T03': 0, 'T10': 1, 'T11': 0, 'T12': 0, 'T13': 0, 'T20': 0, 'T21': 0, 'T22': 1, 'T23': 0, 'T30': 0, 'T31': 1, 'T32': 0, 'T33': 1, 'y00': 0, 'y01': 1, 'y02': 0, 'y10': 1, 'y11': 0, 'y12': 0, 'y20': 0, 'y21': 1, 'y22': 0, 'y30': 1, 'y31': 0, 'y32': 0}",544926.37,N,"{'T00': 0, 'T01': 0, 'T02': 1, 'T03': 0, 'T10': 1, 'T11': 0, 'T12': 0, 'T13': 0, 'T20': 0, 'T21': 1, 'T22': 0, 'T23': 0, 'T30': 0, 'T31': 0, 'T32': 0, 'T33': 1, 'y00': 0, 'y01': 1, 'y02': 0, 'y10': 1, 'y11': 0, 'y12': 0, 'y20': 0, 'y21': 1, 'y22': 0, 'y30': 0, 'y31': 0, 'y32': 0}",599129.57,Y,"{'T00': 0, 'T01': 1, 'T02': 1, 'T03': 0, 'T10': 1, 'T11': 0, 'T12': 0, 'T13': 0, 'T20': 0, 'T21': 0, 'T22': 1, 'T23': 0, 'T30': 0, 'T31': 0, 'T32': 0, 'T33': 1, 'y00': 1, 'y01': 1, 'y02': 0, 'y10': 1, 'y11': 0, 'y12': 0, 'y20': 0, 'y21': 1, 'y22': 0, 'y30': 0, 'y31': 0, 'y32': 0}",587527.57,N,"{'T00': 0, 'T01': 0, 'T02': 1, 'T03': 0, 'T10': 1, 'T11': 0, 'T12': 0, 'T13': 0, 'T20': 0, 'T21': 0, 'T22': 1, 'T23': 0, 'T30': 0, 'T31': 1, 'T32': 0, 'T33': 1, 'y00': 0, 'y01': 1, 'y02': 0, 'y10': 1, 'y11': 0, 'y12': 0, 'y20': 0, 'y21': 1, 'y22': 0, 'y30': 1, 'y31': 0, 'y32': 0}",787527.57,N,"{'T00': 0, 'T01': 0, 'T02': 0, 'T03': 1, 'T10': 1, 'T11': 0, 'T12': 0, 'T13': 0, 'T20': 0, 'T21': 0, 'T22': 1, 'T23': 0, 'T30': 0, 'T31': 0, 'T32': 1, 'T33': 0, 'y00': 1, 'y01': 1, 'y02': 0, 'y10': 1, 'y11': 0, 'y12': 0, 'y20': 1, 'y21': 0, 'y22': 0, 'y30': 0, 'y31': 0, 'y32': 0}",801723.97,N,"{'T00': 0, 'T01': 0, 'T02': 0, 'T03': 1, 'T10': 1, 'T11': 0, 'T12': 0, 'T13': 0, 'T20': 1, 'T21': 0, 'T22': 1, 'T23': 0, 'T30': 0, 'T31': 1, 'T32': 1, 'T33': 0, 'y00': 1, 'y01': 1, 'y02': 0, 'y10': 1, 'y11': 0, 'y12': 0, 'y20': 0, 'y21': 1, 'y22': 0, 'y30': 0, 'y31': 0, 'y32': 0}",601723.97,N,"{'T00': 0, 'T01': 0, 'T02': 0, 'T03': 1, 'T10': 1, 'T11': 0, 'T12': 0, 'T13': 0, 'T20': 0, 'T21': 0, 'T22': 1, 'T23': 0, 'T30': 0, 'T31': 1, 'T32': 1, 'T33': 0, 'y00': 1, 'y01': 1, 'y02': 0, 'y10': 1, 'y11': 0, 'y12': 0, 'y20': 0, 'y21': 1, 'y22': 0, 'y30': 0, 'y31': 0, 'y32': 0}",387528.77,N,"{'T00': 0, 'T01': 1, 'T02': 0, 'T03': 0, 'T10': 1, 'T11': 0, 'T12': 0, 'T13': 0, 'T20': 0, 'T21': 0, 'T22': 1, 'T23': 0, 'T30': 1, 'T31': 0, 'T32': 0, 'T33': 1, 'y00': 0, 'y01': 1, 'y02': 0, 'y10': 0, 'y11': 0, 'y12': 0, 'y20': 0, 'y21': 1, 'y22': 0, 'y30': 1, 'y31': 0, 'y32': 0}",573328.37,N,"{'T00': 0, 'T01': 1, 'T02': 1, 'T03': 0, 'T10': 1, 'T11': 0, 'T12': 0, 'T13': 0, 'T20': 1, 'T21': 0, 'T22': 0, 'T23': 0, 'T30': 0, 'T31': 0, 'T32': 1, 'T33': 1, 'y00': 1, 'y01': 0, 'y02': 0, 'y10': 1, 'y11': 1, 'y12': 0, 'y20': 0, 'y21': 1, 'y22': 0, 'y30': 0, 'y31': 0, 'y32': 0}",401727.17,N
10,10,10,10,10,10,10,10,10,10,10,"{'T00': 1, 'T01': 0, 'T02': 0, 'T03': 0, 'T10': 0, 'T11': 0, 'T12': 1, 'T13': 0, 'T20': 1, 'T21': 0, 'T22': 0, 'T23': 0, 'T30': 0, 'T31': 1, 'T32': 0, 'T33': 1, 'y00': 0, 'y01': 0, 'y02': 0, 'y10': 1, 'y11': 0, 'y12': 0, 'y20': 0, 'y21': 1, 'y22': 1, 'y30': 1, 'y31': 0, 'y32': 0}",204844.77,N,"{'T00': 1, 'T01': 0, 'T02': 0, 'T03': 0, 'T10': 0, 'T11': 0, 'T12': 1, 'T13': 0, 'T20': 1, 'T21': 0, 'T22': 0, 'T23': 0, 'T30': 0, 'T31': 0, 'T32': 0, 'T33': 1, 'y00': 1, 'y01': 0, 'y02': 0, 'y10': 0, 'y11': 0, 'y12': 0, 'y20': 0, 'y21': 1, 'y22': 1, 'y30': 0, 'y31': 0, 'y32': 0}",299304.77,N,"{'T00': 1, 'T01': 0, 'T02': 0, 'T03': 0, 'T10': 0, 'T11': 0, 'T12': 1, 'T13': 0, 'T20': 1, 'T21': 0, 'T22': 0, 'T23': 0, 'T30': 0, 'T31': 0, 'T32': 0, 'T33': 1, 'y00': 1, 'y01': 0, 'y02': 0, 'y10': 0, 'y11': 0, 'y12': 0, 'y20': 0, 'y21': 1, 'y22': 1, 'y30': 0, 'y31': 0, 'y32': 0}",488224.77,N,"{'T00': 0, 'T01': 0, 'T02': 0, 'T03': 0, 'T10': 0, 'T11': 0, 'T12': 1, 'T13': 0, 'T20': 1, 'T21': 0, 'T22': 0, 'T23': 0, 'T30': 0, 'T31': 1, 'T32': 0, 'T33': 1, 'y00': 0, 'y01': 0, 'y02': 0, 'y10': 1, 'y11': 0, 'y12': 0, 'y20': 0, 'y21': 1, 'y22': 1, 'y30': 1, 'y31': 0, 'y32': 0}",553768.77,N,"{'T00': 1, 'T01': 0, 'T02': 0, 'T03': 0, 'T10': 0, 'T11': 0, 'T12': 1, 'T13': 0, 'T20': 1, 'T21': 0, 'T22': 0, 'T23': 0, 'T30': 0, 'T31': 1, 'T32': 0, 'T33': 1, 'y00': 0, 'y01': 0, 'y02': 0, 'y10': 0, 'y11': 0, 'y12': 0, 'y20': 1, 'y21': 1, 'y22': 1, 'y30': 1, 'y31': 0, 'y32': 0}",564846.77,N,"{'T00': 1, 'T01': 0, 'T02': 0, 'T03': 0, 'T10': 1, 'T11': 0, 'T12': 1, 'T13': 0, 'T20': 0, 'T21': 0, 'T22': 0, 'T23': 0, 'T30': 0, 'T31': 1, 'T32': 0, 'T33': 1, 'y00': 0, 'y01': 0, 'y02': 0, 'y10': 1, 'y11': 0, 'y12': 0, 'y20': 0, 'y21': 1, 'y22': 1, 'y30': 1, 'y31': 0, 'y32': 0}",764845.97,N,"{'T00': 0, 'T01': 0, 'T02': 0, 'T03': 0, 'T10': 1, 'T11': 0, 'T12': 1, 'T13': 0, 'T20': 1, 'T21': 0, 'T22': 0, 'T23': 0, 'T30': 0, 'T31': 1, 'T32': 0, 'T33': 1, 'y00': 0, 'y01': 0, 'y02': 0, 'y10': 1, 'y11': 0, 'y12': 0, 'y20': 0, 'y21': 1, 'y22': 1, 'y30': 1, 'y31': 0, 'y32': 0}",790383.17,N,"{'T00': 0, 'T01': 0, 'T02': 0, 'T03': 0, 'T10': 0, 'T11': 0, 'T12': 1, 'T13': 0, 'T20': 1, 'T21': 0, 'T22': 0, 'T23': 0, 'T30': 0, 'T31': 1, 'T32': 0, 'T33': 1, 'y00': 0, 'y01': 0, 'y02': 0, 'y10': 0, 'y11': 0, 'y12': 0, 'y20': 0, 'y21': 1, 'y22': 1, 'y30': 0, 'y31': 1, 'y32': 0}",590383.17,N,"{'T00': 0, 'T01': 0, 'T02': 0, 'T03': 0, 'T10': 0, 'T11': 0, 'T12': 1, 'T13': 0, 'T20': 1, 'T21': 0, 'T22': 0, 'T23': 0, 'T30': 0, 'T31': 1, 'T32': 0, 'T33': 1, 'y00': 1, 'y01': 0, 'y02': 0, 'y10': 0, 'y11': 0, 'y12': 0, 'y20': 1, 'y21': 1, 'y22': 1, 'y30': 0, 'y31': 0, 'y32': 0}",364848.37,N,"{'T00': 1, 'T01': 0, 'T02': 0, 'T03': 0, 'T10': 1, 'T11': 0, 'T12': 1, 'T13': 0, 'T20': 0, 'T21': 1, 'T22': 0, 'T23': 0, 'T30': 0, 'T31': 1, 'T32': 0, 'T33': 1, 'y00': 1, 'y01': 0, 'y02': 0, 'y10': 0, 'y11': 0, 'y12': 0, 'y20': 0, 'y21': 1, 'y22': 1, 'y30': 0, 'y31': 1, 'y32': 0}",539307.17,N,"{'T00': 1, 'T01': 0, 'T02': 0, 'T03': 0, 'T10': 0, 'T11': 0, 'T12': 1, 'T13': 0, 'T20': 1, 'T21': 0, 'T22': 0, 'T23': 0, 'T30': 0, 'T31': 0, 'T32': 0, 'T33': 1, 'y00': 1, 'y01': 0, 'y02': 0, 'y10': 0, 'y11': 0, 'y12': 0, 'y20': 0, 'y21': 1, 'y22': 1, 'y30': 0, 'y31': 0, 'y32': 0}",390386.37,N
11,11,11,11,11,11,11,11,11,11,11,"{'T00': 0, 'T01': 0, 'T02': 0, 'T03': 1, 'T10': 1, 'T11': 0, 'T12': 0, 'T13': 0, 'T20': 0, 'T21': 0, 'T22': 0, 'T23': 1, 'T30': 0, 'T31': 0, 'T32': 1, 'T33': 1, 'y00': 0, 'y01': 0, 'y02': 1, 'y03': 0, 'y10': 1, 'y11': 0, 'y12': 1, 'y13': 0, 'y20': 1, 'y21': 1, 'y22': 0, 'y23': 0, 'y30': 0, 'y31': 1, 'y32': 1, 'y33': 0}",237645.57,N,"{'T00': 0, 'T01': 1, 'T02': 0, 'T03': 1, 'T10': 0, 'T11': 0, 'T12': 0, 'T13': 0, 'T20': 1, 'T21': 1, 'T22': 0, 'T23': 0, 'T30': 0, 'T31': 0, 'T32': 1, 'T33': 1, 'y00': 1, 'y01': 0, 'y02': 0, 'y03': 0, 'y10': 1, 'y11': 1, 'y12': 0, 'y13': 1, 'y20': 1, 'y21': 0, 'y22': 0, 'y23': 0, 'y30': 1, 'y31': 1, 'y32': 0, 'y33': 0}",348505.57,N,"{'T00': 0, 'T01': 1, 'T02': 0, 'T03': 1, 'T10': 1, 'T11': 0, 'T12': 0, 'T13': 0, 'T20': 0, 'T21': 0, 'T22': 0, 'T23': 1, 'T30': 0, 'T31': 0, 'T32': 1, 'T33': 1, 'y00': 0, 'y01': 0, 'y02': 1, 'y03': 0, 'y10': 1, 'y11': 0, 'y12': 0, 'y13': 1, 'y20': 1, 'y21': 0, 'y22': 0, 'y23': 0, 'y30': 0, 'y31': 1, 'y32': 1, 'y33': 0}",570225.57,N,"{'T00': 0, 'T01': 1, 'T02': 0, 'T03': 0, 'T10': 1, 'T11': 0, 'T12': 0, 'T13': 0, 'T20': 0, 'T21': 0, 'T22': 1, 'T23': 0, 'T30': 0, 'T31': 0, 'T32': 1, 'T33': 1, 'y00': 0, 'y01': 0, 'y02': 0, 'y03': 0, 'y10': 1, 'y11': 0, 'y12': 1, 'y13': 0, 'y20': 1, 'y21': 1, 'y22': 0, 'y23': 0, 'y30': 0, 'y31': 1, 'y32': 1, 'y33': 0}",619368.77,N,"{'T00': 0, 'T01': 0, 'T02': 0, 'T03': 1, 'T10': 0, 'T11': 1, 'T12': 0, 'T13': 0, 'T20': 1, 'T21': 0, 'T22': 0, 'T23': 1, 'T30': 0, 'T31': 0, 'T32': 1, 'T33': 1, 'y00': 0, 'y01': 1, 'y02': 1, 'y03': 0, 'y10': 1, 'y11': 0, 'y12': 1, 'y13': 0, 'y20': 1, 'y21': 0, 'y22': 1, 'y23': 0, 'y30': 0, 'y31': 0, 'y32': 1, 'y33': 0}",597646.77,N,"{'T00': 0, 'T01': 0, 'T02': 1, 'T03': 0, 'T10': 1, 'T11': 1, 'T12': 0, 'T13': 0, 'T20': 0, 'T21': 0, 'T22': 1, 'T23': 0, 'T30': 0, 'T31': 0, 'T32': 1, 'T33': 1, 'y00': 0, 'y01': 1, 'y02': 0, 'y03': 0, 'y10': 1, 'y11': 0, 'y12': 1, 'y13': 0, 'y20': 0, 'y21': 0, 'y22': 1, 'y23': 0, 'y30': 1, 'y31': 0, 'y32': 1, 'y33': 0}",797646.77,N,"{'T00': 0, 'T01': 1, 'T02': 0, 'T03': 1, 'T10': 0, 'T11': 0, 'T12': 0, 'T13': 0, 'T20': 1, 'T21': 0, 'T22': 0, 'T23': 1, 'T30': 0, 'T31': 0, 'T32': 1, 'T33': 1, 'y00': 0, 'y01': 0, 'y02': 1, 'y03': 0, 'y10': 0, 'y11': 0, 'y12': 0, 'y13': 1, 'y20': 0, 'y21': 1, 'y22': 0, 'y23': 0, 'y30': 0, 'y31': 1, 'y32': 1, 'y33': 0}",806783.17,N,"{'T00': 0, 'T01': 1, 'T02': 1, 'T03': 0, 'T10': 1, 'T11': 0, 'T12': 0, 'T13': 0, 'T20': 0, 'T21': 0, 'T22': 0, 'T23': 1, 'T30': 1, 'T31': 0, 'T32': 1, 'T33': 1, 'y00': 0, 'y01': 0, 'y02': 1, 'y03': 0, 'y10': 1, 'y11': 0, 'y12': 1, 'y13': 0, 'y20': 1, 'y21': 1, 'y22': 0, 'y23': 0, 'y30': 0, 'y31': 1, 'y32': 1, 'y33': 0}",606783.17,N,"{'T00': 0, 'T01': 1, 'T02': 1, 'T03': 0, 'T10': 1, 'T11': 0, 'T12': 0, 'T13': 0, 'T20': 0, 'T21': 0, 'T22': 0, 'T23': 1, 'T30': 0, 'T31': 0, 'T32': 1, 'T33': 1, 'y00': 0, 'y01': 0, 'y02': 1, 'y03': 0, 'y10': 1, 'y11': 0, 'y12': 1, 'y13': 0, 'y20': 1, 'y21': 1, 'y22': 0, 'y23': 0, 'y30': 0, 'y31': 1, 'y32': 1, 'y33': 0}",397648.37,N,"{'T00': 0, 'T01': 0, 'T02': 0, 'T03': 1, 'T10': 1, 'T11': 0, 'T12': 0, 'T13': 0, 'T20': 1, 'T21': 1, 'T22': 1, 'T23': 0, 'T30': 0, 'T31': 0, 'T32': 1, 'T33': 1, 'y00': 0, 'y01': 0, 'y02': 1, 'y03': 0, 'y10': 0, 'y11': 1, 'y12': 1, 'y13': 0, 'y20': 0, 'y21': 1, 'y22': 0, 'y23': 0, 'y30': 0, 'y31': 1, 'y32': 1, 'y33': 0}",588507.97,N,"{'T00': 0, 'T01': 0, 'T02': 0, 'T03': 1, 'T10': 1, 'T11': 0, 'T12': 0, 'T13': 0, 'T20': 1, 'T21': 1, 'T22': 1, 'T23': 0, 'T30': 0, 'T31': 0, 'T32': 1, 'T33': 1, 'y00': 0, 'y01': 0, 'y02': 1, 'y03': 0, 'y10': 1, 'y11': 0, 'y12': 1, 'y13': 0, 'y20': 1, 'y21': 1, 'y22': 0, 'y23': 0, 'y30': 0, 'y31': 1, 'y32': 1, 'y33': 0}",406786.37,N
12,12,12,12,12,12,12,12,12,12,12,"{'T00': 1, 'T01': 0, 'T02': 0, 'T03': 0, 'T10': 0, 'T11': 0, 'T12': 0, 'T13': 1, 'T20': 0, 'T21': 1, 'T22': 0, 'T23': 0, 'T30': 0, 'T31': 0, 'T32': 1, 'T33': 0, 'y00': 0, 'y01': 0, 'y10': 0, 'y11': 0, 'y20': 1, 'y21': 0, 'y30': 0, 'y31': 1}",227726.37,Y,"{'T00': 1, 'T01': 0, 'T02': 0, 'T03': 0, 'T10': 0, 'T11': 0, 'T12': 0, 'T13': 1, 'T20': 0, 'T21': 1, 'T22': 0, 'T23': 0, 'T30': 0, 'T31': 0, 'T32': 1, 'T33': 0, 'y00': 0, 'y01': 0, 'y10': 0, 'y11': 0, 'y20': 1, 'y21': 0, 'y30': 0, 'y31': 1}",333626.37,Y,"{'T00': 0, 'T01': 1, 'T02': 0, 'T03': 0, 'T10': 0, 'T11': 0, 'T12': 1, 'T13': 0, 'T20': 1, 'T21': 0, 'T22': 0, 'T23': 0, 'T30': 0, 'T31': 0, 'T32': 0, 'T33': 1, 'y00': 0, 'y01': 0, 'y10': 1, 'y11': 0, 'y20': 0, 'y21': 0, 'y30': 0, 'y31': 1}",545426.37,Y,"{'T00': 0, 'T01': 0, 'T02': 0, 'T03': 1, 'T10': 1, 'T11': 0, 'T12': 0, 'T13': 0, 'T20': 0, 'T21': 0, 'T22': 1, 'T23': 0, 'T30': 0, 'T31': 1, 'T32': 0, 'T33': 0, 'y00': 0, 'y01': 1, 'y10': 1, 'y11': 0, 'y20': 0, 'y21': 0, 'y30': 0, 'y31': 0}",599529.57,Y,"{'T00': 1, 'T01': 0, 'T02': 0, 'T03': 0, 'T10': 0, 'T11': 0, 'T12': 0, 'T13': 1, 'T20': 0, 'T21': 1, 'T22': 0, 'T23': 0, 'T30': 0, 'T31': 0, 'T32': 1, 'T33': 0, 'y00': 0, 'y01': 0, 'y10': 0, 'y11': 0, 'y20': 1, 'y21': 0, 'y30': 0, 'y31': 1}",587727.57,Y,"{'T00': 1, 'T01': 0, 'T02': 0, 'T03': 0, 'T10': 0, 'T11': 0, 'T12': 0, 'T13': 1, 'T20': 0, 'T21': 0, 'T22': 1, 'T23': 0, 'T30': 0, 'T31': 1, 'T32': 0, 'T33': 0, 'y00': 0, 'y01': 0, 'y10': 0, 'y11': 0, 'y20': 0, 'y21': 1, 'y30': 1, 'y31': 0}",787727.97,Y,"{'T00': 1, 'T01': 0, 'T02': 0, 'T03': 0, 'T10': 0, 'T11': 0, 'T12': 0, 'T13': 1, 'T20': 0, 'T21': 0, 'T22': 1, 'T23': 0, 'T30': 0, 'T31': 1, 'T32': 0, 'T33': 0, 'y00': 0, 'y01': 0, 'y10': 0, 'y11': 0, 'y20': 0, 'y21': 1, 'y30': 1, 'y31': 0}",801823.97,Y,"{'T00': 1, 'T01': 0, 'T02': 0, 'T03': 0, 'T10': 0, 'T11': 0, 'T12': 0, 'T13': 1, 'T20': 0, 'T21': 1, 'T22': 0, 'T23': 0, 'T30': 0, 'T31': 0, 'T32': 1, 'T33': 0, 'y00': 0, 'y01': 0, 'y10': 0, 'y11': 0, 'y20': 1, 'y21': 0, 'y30': 0, 'y31': 1}",601823.97,Y,"{'T00': 1, 'T01': 0, 'T02': 0, 'T03': 0, 'T10': 0, 'T11': 0, 'T12': 0, 'T13': 1, 'T20': 0, 'T21': 1, 'T22': 0, 'T23': 0, 'T30': 0, 'T31': 0, 'T32': 1, 'T33': 0, 'y00': 0, 'y01': 0, 'y10': 0, 'y11': 0, 'y20': 1, 'y21': 0, 'y30': 0, 'y31': 1}",387729.57,Y,"{'T00': 1, 'T01': 0, 'T02': 0, 'T03': 0, 'T10': 0, 'T11': 0, 'T12': 0, 'T13': 1, 'T20': 0, 'T21': 0, 'T22': 1, 'T23': 0, 'T30': 0, 'T31': 1, 'T32': 0, 'T33': 0, 'y00': 0, 'y01': 0, 'y10': 0, 'y11': 0, 'y20': 0, 'y21': 1, 'y30': 1, 'y31': 0}",573628.37,Y,"{'T00': 0, 'T01': 1, 'T02': 0, 'T03': 0, 'T10': 0, 'T11': 0, 'T12': 1, 'T13': 0, 'T20': 1, 'T21': 0, 'T22': 0, 'T23': 0, 'T30': 0, 'T31': 0, 'T32': 0, 'T33': 1, 'y00': 0, 'y01': 0, 'y10': 1, 'y11': 0, 'y20': 0, 'y21': 0, 'y30': 0, 'y31': 1}",401827.17,Y
13,13,13,13,13,13,13,13,13,13,13,"{'T00': 0, 'T01': 0, 'T02': 1, 'T03': 0, 'T10': 0, 'T11': 1, 'T12': 0, 'T13': 0, 'T20': 0, 'T21': 0, 'T22': 0, 'T23': 1, 'T30': 1, 'T31': 0, 'T32': 0, 'T33': 0, 'y00': 1, 'y01': 1, 'y02': 0, 'y10': 1, 'y11': 0, 'y12': 0, 'y20': 1, 'y21': 1, 'y22': 0, 'y30': 0, 'y31': 0, 'y32': 0}",197965.57,N,"{'T00': 1, 'T01': 0, 'T02': 0, 'T03': 0, 'T10': 0, 'T11': 0, 'T12': 1, 'T13': 0, 'T20': 1, 'T21': 0, 'T22': 0, 'T23': 0, 'T30': 0, 'T31': 0, 'T32': 1, 'T33': 0, 'y00': 0, 'y01': 0, 'y02': 0, 'y10': 0, 'y11': 0, 'y12': 0, 'y20': 0, 'y21': 0, 'y22': 0, 'y30': 0, 'y31': 0, 'y32': 1}",288985.57,N,"{'T00': 0, 'T01': 0, 'T02': 1, 'T03': 0, 'T10': 0, 'T11': 1, 'T12': 0, 'T13': 0, 'T20': 1, 'T21': 0, 'T22': 0, 'T23': 0, 'T30': 0, 'T31': 0, 'T32': 0, 'T33': 1, 'y00': 0, 'y01': 0, 'y02': 0, 'y10': 0, 'y11': 0, 'y12': 1, 'y20': 0, 'y21': 0, 'y22': 0, 'y30': 1, 'y31': 0, 'y32': 0}",471025.57,N,"{'T00': 0, 'T01': 1, 'T02': 1, 'T03': 0, 'T10': 0, 'T11': 0, 'T12': 0, 'T13': 0, 'T20': 0, 'T21': 0, 'T22': 0, 'T23': 0, 'T30': 1, 'T31': 0, 'T32': 0, 'T33': 1, 'y00': 0, 'y01': 0, 'y02': 0, 'y10': 0, 'y11': 1, 'y12': 1, 'y20': 0, 'y21': 0, 'y22': 0, 'y30': 0, 'y31': 0, 'y32': 0}",540009.57,N,"{'T00': 1, 'T01': 0, 'T02': 1, 'T03': 0, 'T10': 0, 'T11': 1, 'T12': 0, 'T13': 0, 'T20': 1, 'T21': 0, 'T22': 0, 'T23': 0, 'T30': 0, 'T31': 0, 'T32': 0, 'T33': 1, 'y00': 0, 'y01': 0, 'y02': 0, 'y10': 0, 'y11': 0, 'y12': 1, 'y20': 0, 'y21': 0, 'y22': 0, 'y30': 1, 'y31': 0, 'y32': 0}",557967.17,N,"{'T00': 0, 'T01': 0, 'T02': 1, 'T03': 0, 'T10': 0, 'T11': 1, 'T12': 0, 'T13': 0, 'T20': 1, 'T21': 0, 'T22': 0, 'T23': 0, 'T30': 1, 'T31': 0, 'T32': 0, 'T33': 1, 'y00': 0, 'y01': 0, 'y02': 0, 'y10': 0, 'y11': 0, 'y12': 1, 'y20': 0, 'y21': 0, 'y22': 0, 'y30': 1, 'y31': 0, 'y32': 0}",757967.17,N,"{'T00': 0, 'T01': 1, 'T02': 1, 'T03': 0, 'T10': 1, 'T11': 0, 'T12': 0, 'T13': 0, 'T20': 0, 'T21': 0, 'T22': 0, 'T23': 0, 'T30': 1, 'T31': 0, 'T32': 0, 'T33': 1, 'y00': 1, 'y01': 0, 'y02': 0, 'y10': 1, 'y11': 0, 'y12': 1, 'y20': 0, 'y21': 0, 'y22': 0, 'y30': 1, 'y31': 0, 'y32': 0}",786943.97,N,"{'T00': 1, 'T01': 0, 'T02': 0, 'T03': 1, 'T10': 0, 'T11': 1, 'T12': 1, 'T13': 0, 'T20': 0, 'T21': 0, 'T22': 1, 'T23': 0, 'T30': 0, 'T31': 0, 'T32': 0, 'T33': 1, 'y00': 0, 'y01': 0, 'y02': 0, 'y10': 1, 'y11': 0, 'y12': 1, 'y20': 1, 'y21': 0, 'y22': 1, 'y30': 1, 'y31': 0, 'y32': 0}",586943.97,N,"{'T00': 0, 'T01': 0, 'T02': 1, 'T03': 0, 'T10': 0, 'T11': 1, 'T12': 0, 'T13': 1, 'T20': 1, 'T21': 0, 'T22': 0, 'T23': 1, 'T30': 0, 'T31': 1, 'T32': 1, 'T33': 0, 'y00': 0, 'y01': 0, 'y02': 0, 'y10': 0, 'y11': 0, 'y12': 1, 'y20': 0, 'y21': 1, 'y22': 1, 'y30': 0, 'y31': 1, 'y32': 0}",357968.77,N,"{'T00': 1, 'T01': 1, 'T02': 0, 'T03': 0, 'T10': 0, 'T11': 0, 'T12': 1, 'T13': 0, 'T20': 0, 'T21': 1, 'T22': 0, 'T23': 0, 'T30': 0, 'T31': 0, 'T32': 0, 'T33': 1, 'y00': 0, 'y01': 1, 'y02': 0, 'y10': 0, 'y11': 0, 'y12': 0, 'y20': 0, 'y21': 0, 'y22': 0, 'y30': 1, 'y31': 0, 'y32': 1}",528987.17,N,"{'T00': 0, 'T01': 0, 'T02': 0, 'T03': 1, 'T10': 0, 'T11': 1, 'T12': 0, 'T13': 0, 'T20': 0, 'T21': 1, 'T22': 1, 'T23': 0, 'T30': 1, 'T31': 0, 'T32': 1, 'T33': 0, 'y00': 0, 'y01': 0, 'y02': 1, 'y10': 1, 'y11': 1, 'y12': 0, 'y20': 0, 'y21': 1, 'y22': 0, 'y30': 0, 'y31': 0, 'y32': 0}",386946.37,N
14,14,14,14,14,14,14,14,14,14,14,"{'T00': 1, 'T01': 0, 'T02': 0, 'T03': 1, 'T10': 1, 'T11': 0, 'T12': 0, 'T13': 0, 'T20': 0, 'T21': 1, 'T22': 0, 'T23': 0, 'T30': 0, 'T31': 0, 'T32': 1, 'T33': 0, 'y00': 1, 'y01': 1, 'y02': 0, 'y10': 0, 'y11': 1, 'y12': 1, 'y20': 0, 'y21': 0, 'y22': 0, 'y30': 1, 'y31': 0, 'y32': 0}",198165.57,N,"{'T00': 0, 'T01': 1, 'T02': 0, 'T03': 0, 'T10': 0, 'T11': 1, 'T12': 0, 'T13': 1, 'T20': 1, 'T21': 0, 'T22': 0, 'T23': 1, 'T30': 0, 'T31': 0, 'T32': 1, 'T33': 0, 'y00': 0, 'y01': 1, 'y02': 0, 'y10': 1, 'y11': 0, 'y12': 0, 'y20': 1, 'y21': 1, 'y22': 1, 'y30': 1, 'y31': 0, 'y32': 1}",289285.57,N,"{'T00': 0, 'T01': 1, 'T02': 0, 'T03': 1, 'T10': 1, 'T11': 1, 'T12': 0, 'T13': 0, 'T20': 0, 'T21': 0, 'T22': 0, 'T23': 1, 'T30': 0, 'T31': 0, 'T32': 1, 'T33': 0, 'y00': 0, 'y01': 1, 'y02': 1, 'y10': 0, 'y11': 1, 'y12': 1, 'y20': 1, 'y21': 1, 'y22': 0, 'y30': 0, 'y31': 0, 'y32': 0}",471525.57,N,"{'T00': 1, 'T01': 0, 'T02': 0, 'T03': 1, 'T10': 0, 'T11': 0, 'T12': 1, 'T13': 0, 'T20': 0, 'T21': 0, 'T22': 0, 'T23': 1, 'T30': 0, 'T31': 0, 'T32': 1, 'T33': 0, 'y00': 0, 'y01': 0, 'y02': 1, 'y10': 1, 'y11': 0, 'y12': 1, 'y20': 1, 'y21': 0, 'y22': 1, 'y30': 1, 'y31': 0, 'y32': 0}",540408.77,N,"{'T00': 0, 'T01': 0, 'T02': 0, 'T03': 1, 'T10': 0, 'T11': 1, 'T12': 0, 'T13': 0, 'T20': 1, 'T21': 0, 'T22': 1, 'T23': 0, 'T30': 0, 'T31': 0, 'T32': 1, 'T33': 0, 'y00': 0, 'y01': 0, 'y02': 1, 'y10': 1, 'y11': 0, 'y12': 1, 'y20': 0, 'y21': 1, 'y22': 0, 'y30': 1, 'y31': 0, 'y32': 0}",558166.77,N,"{'T00': 1, 'T01': 0, 'T02': 0, 'T03': 1, 'T10': 0, 'T11': 1, 'T12': 1, 'T13': 0, 'T20': 0, 'T21': 0, 'T22': 0, 'T23': 1, 'T30': 0, 'T31': 0, 'T32': 0, 'T33': 1, 'y00': 1, 'y01': 1, 'y02': 1, 'y10': 0, 'y11': 1, 'y12': 0, 'y20': 0, 'y21': 1, 'y22': 0, 'y30': 1, 'y31': 1, 'y32': 1}",758166.77,N,"{'T00': 1, 'T01': 0, 'T02': 1, 'T03': 0, 'T10': 0, 'T11': 1, 'T12': 0, 'T13': 0, 'T20': 0, 'T21': 0, 'T22': 1, 'T23': 0, 'T30': 0, 'T31': 1, 'T32': 0, 'T33': 0, 'y00': 0, 'y01': 1, 'y02': 1, 'y10': 0, 'y11': 0, 'y12': 0, 'y20': 0, 'y21': 0, 'y22': 0, 'y30': 1, 'y31': 1, 'y32': 0}",787043.97,N,"{'T00': 0, 'T01': 0, 'T02': 1, 'T03': 0, 'T10': 0, 'T11': 0, 'T12': 1, 'T13': 0, 'T20': 1, 'T21': 0, 'T22': 0, 'T23': 1, 'T30': 0, 'T31': 1, 'T32': 0, 'T33': 0, 'y00': 0, 'y01': 0, 'y02': 1, 'y10': 1, 'y11': 0, 'y12': 0, 'y20': 1, 'y21': 0, 'y22': 1, 'y30': 1, 'y31': 0, 'y32': 0}",587043.97,N,"{'T00': 0, 'T01': 0, 'T02': 0, 'T03': 1, 'T10': 1, 'T11': 0, 'T12': 1, 'T13': 0, 'T20': 0, 'T21': 1, 'T22': 0, 'T23': 0, 'T30': 0, 'T31': 1, 'T32': 0, 'T33': 1, 'y00': 1, 'y01': 1, 'y02': 0, 'y10': 0, 'y11': 1, 'y12': 1, 'y20': 0, 'y21': 0, 'y22': 0, 'y30': 0, 'y31': 1, 'y32': 1}",358168.37,N,"{'T00': 0, 'T01': 0, 'T02': 1, 'T03': 0, 'T10': 1, 'T11': 1, 'T12': 0, 'T13': 0, 'T20': 0, 'T21': 0, 'T22': 0, 'T23': 1, 'T30': 0, 'T31': 0, 'T32': 0, 'T33': 0, 'y00': 0, 'y01': 1, 'y02': 1, 'y10': 0, 'y11': 0, 'y12': 0, 'y20': 1, 'y21': 1, 'y22': 0, 'y30': 0, 'y31': 0, 'y32': 0}",529287.57,N,"{'T00': 1, 'T01': 0, 'T02': 0, 'T03': 0, 'T10': 0, 'T11': 0, 'T12': 0, 'T13': 1, 'T20': 1, 'T21': 0, 'T22': 1, 'T23': 0, 'T30': 0, 'T31': 1, 'T32': 0, 'T33': 0, 'y00': 0, 'y01': 0, 'y02': 0, 'y10': 0, 'y11': 0, 'y12': 0, 'y20': 0, 'y21': 1, 'y22': 1, 'y30': 0, 'y31': 1, 'y32': 0}",387046.77,N
15,15,15,15,15,15,15,15,15,15,15,"{'T00': 0, 'T01': 0, 'T02': 1, 'T03': 0, 'T10': 0, 'T11': 1, 'T12': 0, 'T13': 1, 'T20': 0, 'T21': 0, 'T22': 1, 'T23': 0, 'T30': 0, 'T31': 0, 'T32': 0, 'T33': 1, 'y00': 0, 'y01': 1, 'y02': 0, 'y10': 1, 'y11': 0, 'y12': 0, 'y20': 1, 'y21': 0, 'y22': 0, 'y30': 1, 'y31': 1, 'y32': 0}",223526.37,N,"{'T00': 0, 'T01': 1, 'T02': 0, 'T03': 0, 'T10': 0, 'T11': 0, 'T12': 1, 'T13': 0, 'T20': 0, 'T21': 0, 'T22': 1, 'T23': 0, 'T30': 1, 'T31': 0, 'T32': 0, 'T33': 0, 'y00': 0, 'y01': 1, 'y02': 0, 'y10': 0, 'y11': 0, 'y12': 0, 'y20': 1, 'y21': 0, 'y22': 0, 'y30': 1, 'y31': 0, 'y32': 0}",327326.37,N,"{'T00': 1, 'T01': 0, 'T02': 0, 'T03': 0, 'T10': 0, 'T11': 1, 'T12': 0, 'T13': 0, 'T20': 1, 'T21': 0, 'T22': 0, 'T23': 0, 'T30': 0, 'T31': 0, 'T32': 1, 'T33': 0, 'y00': 0, 'y01': 0, 'y02': 0, 'y10': 0, 'y11': 1, 'y12': 0, 'y20': 1, 'y21': 0, 'y22': 0, 'y30': 1, 'y31': 0, 'y32': 0}",534926.37,N,"{'T00': 0, 'T01': 1, 'T02': 0, 'T03': 0, 'T10': 0, 'T11': 0, 'T12': 1, 'T13': 0, 'T20': 0, 'T21': 1, 'T22': 0, 'T23': 1, 'T30': 1, 'T31': 0, 'T32': 0, 'T33': 0, 'y00': 0, 'y01': 1, 'y02': 0, 'y10': 0, 'y11': 0, 'y12': 0, 'y20': 1, 'y21': 1, 'y22': 0, 'y30': 0, 'y31': 0, 'y32': 0}",591129.17,N,"{'T00': 0, 'T01': 1, 'T02': 0, 'T03': 0, 'T10': 0, 'T11': 0, 'T12': 0, 'T13': 1, 'T20': 0, 'T21': 0, 'T22': 0, 'T23': 1, 'T30': 0, 'T31': 0, 'T32': 1, 'T33': 0, 'y00': 0, 'y01': 0, 'y02': 0, 'y10': 0, 'y11': 1, 'y12': 0, 'y20': 1, 'y21': 1, 'y22': 0, 'y30': 0, 'y31': 0, 'y32': 0}",583527.17,N,"{'T00': 1, 'T01': 0, 'T02': 1, 'T03': 0, 'T10': 0, 'T11': 0, 'T12': 0, 'T13': 1, 'T20': 0, 'T21': 1, 'T22': 0, 'T23': 1, 'T30': 0, 'T31': 1, 'T32': 0, 'T33': 0, 'y00': 0, 'y01': 1, 'y02': 0, 'y10': 1, 'y11': 0, 'y12': 0, 'y20': 1, 'y21': 1, 'y22': 0, 'y30': 1, 'y31': 0, 'y32': 0}",783527.17,N,"{'T00': 0, 'T01': 1, 'T02': 0, 'T03': 0, 'T10': 1, 'T11': 0, 'T12': 0, 'T13': 1, 'T20': 0, 'T21': 1, 'T22': 0, 'T23': 0, 'T30': 0, 'T31': 0, 'T32': 0, 'T33': 1, 'y00': 0, 'y01': 0, 'y02': 0, 'y10': 0, 'y11': 1, 'y12': 0, 'y20': 0, 'y21': 1, 'y22': 0, 'y30': 0, 'y31': 1, 'y32': 0}",799723.97,N,"{'T00': 0, 'T01': 0, 'T02': 1, 'T03': 0, 'T10': 1, 'T11': 0, 'T12': 0, 'T13': 1, 'T20': 0, 'T21': 0, 'T22': 0, 'T23': 1, 'T30': 0, 'T31': 0, 'T32': 1, 'T33': 0, 'y00': 1, 'y01': 0, 'y02': 0, 'y10': 0, 'y11': 1, 'y12': 0, 'y20': 1, 'y21': 1, 'y22': 0, 'y30': 0, 'y31': 0, 'y32': 0}",599723.97,N,"{'T00': 1, 'T01': 1, 'T02': 0, 'T03': 0, 'T10': 0, 'T11': 0, 'T12': 1, 'T13': 0, 'T20': 1, 'T21': 0, 'T22': 0, 'T23': 0, 'T30': 0, 'T31': 0, 'T32': 0, 'T33': 1, 'y00': 0, 'y01': 0, 'y02': 0, 'y10': 1, 'y11': 1, 'y12': 0, 'y20': 0, 'y21': 1, 'y22': 0, 'y30': 1, 'y31': 0, 'y32': 0}",383528.37,N,"{'T00': 0, 'T01': 0, 'T02': 0, 'T03': 1, 'T10': 1, 'T11': 0, 'T12': 1, 'T13': 0, 'T20': 1, 'T21': 0, 'T22': 0, 'T23': 0, 'T30': 0, 'T31': 1, 'T32': 0, 'T33': 1, 'y00': 0, 'y01': 0, 'y02': 0, 'y10': 0, 'y11': 0, 'y12': 1, 'y20': 1, 'y21': 0, 'y22': 0, 'y30': 1, 'y31': 0, 'y32': 0}",567327.97,N,"{'T00': 0, 'T01': 0, 'T02': 0, 'T03': 1, 'T10': 1, 'T11': 0, 'T12': 0, 'T13': 1, 'T20': 0, 'T21': 1, 'T22': 0, 'T23': 1, 'T30': 0, 'T31': 0, 'T32': 1, 'T33': 0, 'y00': 0, 'y01': 1, 'y02': 0, 'y10': 0, 'y11': 1, 'y12': 0, 'y20': 1, 'y21': 1, 'y22': 0, 'y30': 1, 'y31': 0, 'y32': 0}",399726.77,N
16,16,16,16,16,16,16,16,16,16,16,"{'T00': 1, 'T01': 0, 'T02': 0, 'T03': 0, 'T10': 0, 'T11': 0, 'T12': 0, 'T13': 1, 'T20': 0, 'T21': 0, 'T22': 0, 'T23': 0, 'T30': 0, 'T31': 0, 'T32': 0, 'T33': 1, 'y00': 0, 'y01': 0, 'y02': 0, 'y10': 1, 'y11': 0, 'y12': 0, 'y20': 1, 'y21': 0, 'y22': 0, 'y30': 0, 'y31': 1, 'y32': 1}",230726.37,N,"{'T00': 0, 'T01': 0, 'T02': 1, 'T03': 0, 'T10': 0, 'T11': 0, 'T12': 1, 'T13': 0, 'T20': 1, 'T21': 1, 'T22': 0, 'T23': 0, 'T30': 0, 'T31': 0, 'T32': 0, 'T33': 1, 'y00': 0, 'y01': 1, 'y02': 0, 'y10': 1, 'y11': 1, 'y12': 0, 'y20': 1, 'y21': 0, 'y22': 0, 'y30': 0, 'y31': 0, 'y32': 1}",338126.37,N,"{'T00': 1, 'T01': 0, 'T02': 0, 'T03': 1, 'T10': 0, 'T11': 1, 'T12': 0, 'T13': 0, 'T20': 0, 'T21': 0, 'T22': 1, 'T23': 0, 'T30': 0, 'T31': 0, 'T32': 1, 'T33': 0, 'y00': 0, 'y01': 1, 'y02': 0, 'y10': 1, 'y11': 0, 'y12': 1, 'y20': 1, 'y21': 1, 'y22': 0, 'y30': 0, 'y31': 0, 'y32': 0}",552926.37,N,"{'T00': 1, 'T01': 0, 'T02': 0, 'T03': 1, 'T10': 0, 'T11': 0, 'T12': 0, 'T13': 0, 'T20': 0, 'T21': 1, 'T22': 0, 'T23': 0, 'T30': 0, 'T31': 0, 'T32': 1, 'T33': 0, 'y00': 1, 'y01': 1, 'y02': 0, 'y10': 0, 'y11': 0, 'y12': 1, 'y20': 0, 'y21': 0, 'y22': 0, 'y30': 1, 'y31': 0, 'y32': 0}",605529.57,N,"{'T00': 0, 'T01': 0, 'T02': 1, 'T03': 0, 'T10': 0, 'T11': 0, 'T12': 1, 'T13': 0, 'T20': 1, 'T21': 1, 'T22': 0, 'T23': 0, 'T30': 0, 'T31': 0, 'T32': 0, 'T33': 1, 'y00': 0, 'y01': 1, 'y02': 0, 'y10': 1, 'y11': 1, 'y12': 0, 'y20': 1, 'y21': 0, 'y22': 0, 'y30': 0, 'y31': 0, 'y32': 1}",590727.57,N,"{'T00': 0, 'T01': 0, 'T02': 1, 'T03': 0, 'T10': 0, 'T11': 0, 'T12': 1, 'T13': 0, 'T20': 0, 'T21': 0, 'T22': 0, 'T23': 1, 'T30': 1, 'T31': 1, 'T32': 0, 'T33': 0, 'y00': 1, 'y01': 0, 'y02': 1, 'y10': 0, 'y11': 0, 'y12': 0, 'y20': 0, 'y21': 1, 'y22': 0, 'y30': 1, 'y31': 1, 'y32': 0}",790727.57,N,"{'T00': 0, 'T01': 0, 'T02': 0, 'T03': 0, 'T10': 0, 'T11': 0, 'T12': 0, 'T13': 1, 'T20': 1, 'T21': 0, 'T22': 0, 'T23': 0, 'T30': 0, 'T31': 1, 'T32': 1, 'T33': 0, 'y00': 1, 'y01': 0, 'y02': 0, 'y10': 0, 'y11': 0, 'y12': 0, 'y20': 0, 'y21': 0, 'y22': 0, 'y30': 1, 'y31': 1, 'y32': 1}",803323.97,N,"{'T00': 1, 'T01': 0, 'T02': 1, 'T03': 0, 'T10': 1, 'T11': 0, 'T12': 1, 'T13': 0, 'T20': 0, 'T21': 0, 'T22': 0, 'T23': 1, 'T30': 0, 'T31': 1, 'T32': 0, 'T33': 0, 'y00': 0, 'y01': 1, 'y02': 0, 'y10': 1, 'y11': 1, 'y12': 0, 'y20': 1, 'y21': 0, 'y22': 1, 'y30': 0, 'y31': 0, 'y32': 0}",603323.97,N,"{'T00': 0, 'T01': 0, 'T02': 1, 'T03': 0, 'T10': 0, 'T11': 0, 'T12': 1, 'T13': 0, 'T20': 0, 'T21': 1, 'T22': 0, 'T23': 0, 'T30': 1, 'T31': 0, 'T32': 0, 'T33': 1, 'y00': 1, 'y01': 0, 'y02': 0, 'y10': 0, 'y11': 0, 'y12': 1, 'y20': 0, 'y21': 1, 'y22': 0, 'y30': 1, 'y31': 1, 'y32': 0}",390729.17,N,"{'T00': 0, 'T01': 0, 'T02': 1, 'T03': 0, 'T10': 0, 'T11': 1, 'T12': 0, 'T13': 0, 'T20': 1, 'T21': 0, 'T22': 0, 'T23': 0, 'T30': 0, 'T31': 0, 'T32': 0, 'T33': 1, 'y00': 1, 'y01': 0, 'y02': 0, 'y10': 0, 'y11': 0, 'y12': 1, 'y20': 0, 'y21': 0, 'y22': 0, 'y30': 1, 'y31': 1, 'y32': 0}",578128.37,Y,"{'T00': 0, 'T01': 1, 'T02': 1, 'T03': 0, 'T10': 0, 'T11': 0, 'T12': 0, 'T13': 0, 'T20': 1, 'T21': 0, 'T22': 0, 'T23': 0, 'T30': 1, 'T31': 0, 'T32': 0, 'T33': 1, 'y00': 1, 'y01': 0, 'y02': 0, 'y10': 0, 'y11': 1, 'y12': 1, 'y20': 0, 'y21': 0, 'y22': 0, 'y30': 1, 'y31': 0, 'y32': 0}",403327.17,N
17,17,17,17,17,17,17,17,17,17,17,"{'T00': 0, 'T01': 0, 'T02': 0, 'T03': 1, 'T10': 0, 'T11': 1, 'T12': 1, 'T13': 0, 'T20': 1, 'T21': 1, 'T22': 0, 'T23': 0, 'T30': 0, 'T31': 0, 'T32': 1, 'T33': 1, 'y00': 0, 'y01': 0, 'y02': 0, 'y03': 0, 'y10': 0, 'y11': 1, 'y12': 0, 'y13': 1, 'y20': 0, 'y21': 0, 'y22': 1, 'y23': 0, 'y30': 0, 'y31': 1, 'y32': 1, 'y33': 0}",270764.37,N,"{'T00': 1, 'T01': 0, 'T02': 0, 'T03': 1, 'T10': 0, 'T11': 1, 'T12': 0, 'T13': 0, 'T20': 0, 'T21': 0, 'T22': 1, 'T23': 0, 'T30': 0, 'T31': 0, 'T32': 1, 'T33': 0, 'y00': 1, 'y01': 1, 'y02': 0, 'y03': 0, 'y10': 1, 'y11': 1, 'y12': 1, 'y13': 0, 'y20': 1, 'y21': 1, 'y22': 0, 'y23': 0, 'y30': 1, 'y31': 0, 'y32': 0, 'y33': 0}",398184.37,N,"{'T00': 0, 'T01': 0, 'T02': 0, 'T03': 1, 'T10': 1, 'T11': 0, 'T12': 1, 'T13': 0, 'T20': 0, 'T21': 0, 'T22': 0, 'T23': 1, 'T30': 1, 'T31': 0, 'T32': 1, 'T33': 0, 'y00': 0, 'y01': 0, 'y02': 0, 'y03': 1, 'y10': 0, 'y11': 1, 'y12': 0, 'y13': 0, 'y20': 0, 'y21': 1, 'y22': 0, 'y23': 0, 'y30': 1, 'y31': 0, 'y32': 1, 'y33': 0}",653024.37,N,"{'T00': 0, 'T01': 0, 'T02': 0, 'T03': 1, 'T10': 1, 'T11': 0, 'T12': 0, 'T13': 0, 'T20': 0, 'T21': 0, 'T22': 1, 'T23': 0, 'T30': 0, 'T31': 1, 'T32': 0, 'T33': 0, 'y00': 0, 'y01': 0, 'y02': 0, 'y03': 1, 'y10': 1, 'y11': 1, 'y12': 0, 'y13': 0, 'y20': 0, 'y21': 0, 'y22': 0, 'y23': 0, 'y30': 1, 'y31': 0, 'y32': 0, 'y33': 0}",685607.17,N,"{'T00': 0, 'T01': 0, 'T02': 0, 'T03': 1, 'T10': 1, 'T11': 0, 'T12': 1, 'T13': 0, 'T20': 0, 'T21': 1, 'T22': 0, 'T23': 1, 'T30': 0, 'T31': 1, 'T32': 0, 'T33': 0, 'y00': 0, 'y01': 0, 'y02': 0, 'y03': 1, 'y10': 0, 'y11': 1, 'y12': 0, 'y13': 0, 'y20': 1, 'y21': 0, 'y22': 1, 'y23': 0, 'y30': 0, 'y31': 1, 'y32': 0, 'y33': 0}",630764.77,N,"{'T00': 0, 'T01': 1, 'T02': 1, 'T03': 0, 'T10': 0, 'T11': 0, 'T12': 1, 'T13': 0, 'T20': 1, 'T21': 1, 'T22': 0, 'T23': 0, 'T30': 0, 'T31': 1, 'T32': 0, 'T33': 1, 'y00': 0, 'y01': 0, 'y02': 0, 'y03': 0, 'y10': 0, 'y11': 1, 'y12': 0, 'y13': 1, 'y20': 0, 'y21': 0, 'y22': 1, 'y23': 0, 'y30': 1, 'y31': 1, 'y32': 0, 'y33': 0}",830765.17,N,"{'T00': 0, 'T01': 1, 'T02': 0, 'T03': 0, 'T10': 0, 'T11': 0, 'T12': 1, 'T13': 1, 'T20': 0, 'T21': 0, 'T22': 1, 'T23': 1, 'T30': 1, 'T31': 1, 'T32': 0, 'T33': 0, 'y00': 0, 'y01': 0, 'y02': 1, 'y03': 0, 'y10': 0, 'y11': 0, 'y12': 0, 'y13': 0, 'y20': 1, 'y21': 0, 'y22': 1, 'y23': 1, 'y30': 0, 'y31': 0, 'y32': 1, 'y33': 0}",823341.17,N,"{'T00': 0, 'T01': 1, 'T02': 1, 'T03': 0, 'T10': 0, 'T11': 0, 'T12': 0, 'T13': 1, 'T20': 1, 'T21': 1, 'T22': 0, 'T23': 1, 'T30': 0, 'T31': 0, 'T32': 1, 'T33': 0, 'y00': 1, 'y01': 0, 'y02': 0, 'y03': 1, 'y10': 1, 'y11': 0, 'y12': 0, 'y13': 0, 'y20': 0, 'y21': 0, 'y22': 1, 'y23': 0, 'y30': 0, 'y31': 1, 'y32': 1, 'y33': 0}",623341.17,N,"{'T00': 0, 'T01': 1, 'T02': 0, 'T03': 1, 'T10': 1, 'T11': 1, 'T12': 0, 'T13': 0, 'T20': 1, 'T21': 0, 'T22': 1, 'T23': 0, 'T30': 0, 'T31': 0, 'T32': 0, 'T33': 1, 'y00': 0, 'y01': 1, 'y02': 1, 'y03': 0, 'y10': 1, 'y11': 1, 'y12': 1, 'y13': 0, 'y20': 0, 'y21': 0, 'y22': 0, 'y23': 0, 'y30': 1, 'y31': 1, 'y32': 0, 'y33': 0}",430766.37,N,"{'T00': 0, 'T01': 0, 'T02': 0, 'T03': 1, 'T10': 0, 'T11': 1, 'T12': 0, 'T13': 0, 'T20': 0, 'T21': 0, 'T22': 1, 'T23': 0, 'T30': 0, 'T31': 0, 'T32': 1, 'T33': 0, 'y00': 1, 'y01': 0, 'y02': 1, 'y03': 0, 'y10': 0, 'y11': 1, 'y12': 1, 'y13': 0, 'y20': 0, 'y21': 1, 'y22': 0, 'y23': 0, 'y30': 0, 'y31': 1, 'y32': 0, 'y33': 0}",638185.97,N,"{'T00': 0, 'T01': 0, 'T02': 0, 'T03': 1, 'T10': 0, 'T11': 0, 'T12': 0, 'T13': 0, 'T20': 0, 'T21': 0, 'T22': 1, 'T23': 0, 'T30': 0, 'T31': 1, 'T32': 0, 'T33': 0, 'y00': 1, 'y01': 1, 'y02': 1, 'y03': 0, 'y10': 1, 'y11': 1, 'y12': 0, 'y13': 0, 'y20': 0, 'y21': 0, 'y22': 0, 'y23': 0, 'y30': 1, 'y31': 0, 'y32': 0, 'y33': 0}",423345.17,N
18,18,18,18,18,18,18,18,18,18,18,"{'T00': 1, 'T01': 0, 'T02': 0, 'T03': 0, 'T10': 0, 'T11': 1, 'T12': 0, 'T13': 0, 'T20': 0, 'T21': 0, 'T22': 0, 'T23': 1, 'T30': 0, 'T31': 0, 'T32': 1, 'T33': 0, 'y00': 0, 'y01': 0, 'y10': 0, 'y11': 0, 'y20': 1, 'y21': 0, 'y30': 0, 'y31': 0, 'y40': 1, 'y41': 0}",207166.37,Y,"{'T00': 1, 'T01': 0, 'T02': 0, 'T03': 0, 'T10': 0, 'T11': 1, 'T12': 0, 'T13': 0, 'T20': 0, 'T21': 0, 'T22': 1, 'T23': 0, 'T30': 0, 'T31': 0, 'T32': 0, 'T33': 1, 'y00': 0, 'y01': 0, 'y10': 0, 'y11': 0, 'y20': 0, 'y21': 0, 'y30': 1, 'y31': 0, 'y40': 1, 'y41': 0}",302786.37,Y,"{'T00': 1, 'T01': 0, 'T02': 0, 'T03': 0, 'T10': 0, 'T11': 1, 'T12': 0, 'T13': 0, 'T20': 0, 'T21': 0, 'T22': 0, 'T23': 1, 'T30': 0, 'T31': 0, 'T32': 1, 'T33': 0, 'y00': 0, 'y01': 0, 'y10': 0, 'y11': 0, 'y20': 1, 'y21': 0, 'y30': 0, 'y31': 0, 'y40': 1, 'y41': 0}",494026.37,Y,"{'T00': 0, 'T01': 0, 'T02': 1, 'T03': 0, 'T10': 1, 'T11': 0, 'T12': 0, 'T13': 0, 'T20': 0, 'T21': 1, 'T22': 0, 'T23': 0, 'T30': 0, 'T31': 0, 'T32': 0, 'T33': 1, 'y00': 0, 'y01': 0, 'y10': 0, 'y11': 1, 'y20': 0, 'y21': 0, 'y30': 0, 'y31': 0, 'y40': 0, 'y41': 0}",558409.97,Y,"{'T00': 0, 'T01': 0, 'T02': 0, 'T03': 1, 'T10': 1, 'T11': 0, 'T12': 0, 'T13': 0, 'T20': 0, 'T21': 0, 'T22': 0, 'T23': 1, 'T30': 0, 'T31': 0, 'T32': 1, 'T33': 0, 'y00': 0, 'y01': 1, 'y10': 1, 'y11': 0, 'y20': 0, 'y21': 0, 'y30': 0, 'y31': 0, 'y40': 0, 'y41': 0}",567168.37,N,"{'T00': 1, 'T01': 0, 'T02': 0, 'T03': 0, 'T10': 0, 'T11': 1, 'T12': 0, 'T13': 0, 'T20': 0, 'T21': 0, 'T22': 0, 'T23': 1, 'T30': 0, 'T31': 0, 'T32': 1, 'T33': 0, 'y00': 0, 'y01': 0, 'y10': 0, 'y11': 0, 'y20': 1, 'y21': 0, 'y30': 0, 'y31': 0, 'y40': 1, 'y41': 0}",767167.57,Y,"{'T00': 1, 'T01': 0, 'T02': 1, 'T03': 0, 'T10': 0, 'T11': 0, 'T12': 0, 'T13': 0, 'T20': 0, 'T21': 1, 'T22': 0, 'T23': 0, 'T30': 0, 'T31': 0, 'T32': 0, 'T33': 1, 'y00': 0, 'y01': 0, 'y10': 0, 'y11': 1, 'y20': 0, 'y21': 0, 'y30': 0, 'y31': 0, 'y40': 0, 'y41': 0}",791543.17,N,"{'T00': 0, 'T01': 0, 'T02': 1, 'T03': 0, 'T10': 1, 'T11': 0, 'T12': 0, 'T13': 0, 'T20': 0, 'T21': 1, 'T22': 0, 'T23': 0, 'T30': 0, 'T31': 0, 'T32': 0, 'T33': 1, 'y00': 0, 'y01': 0, 'y10': 0, 'y11': 1, 'y20': 0, 'y21': 0, 'y30': 0, 'y31': 0, 'y40': 0, 'y41': 0}",591543.17,Y,"{'T00': 0, 'T01': 0, 'T02': 1, 'T03': 0, 'T10': 1, 'T11': 0, 'T12': 0, 'T13': 0, 'T20': 0, 'T21': 1, 'T22': 0, 'T23': 0, 'T30': 0, 'T31': 0, 'T32': 0, 'T33': 1, 'y00': 0, 'y01': 0, 'y10': 0, 'y11': 1, 'y20': 0, 'y21': 0, 'y30': 0, 'y31': 0, 'y40': 0, 'y41': 0}",367169.17,Y,"{'T00': 1, 'T01': 0, 'T02': 0, 'T03': 0, 'T10': 0, 'T11': 0, 'T12': 1, 'T13': 0, 'T20': 0, 'T21': 0, 'T22': 0, 'T23': 1, 'T30': 0, 'T31': 1, 'T32': 0, 'T33': 0, 'y00': 0, 'y01': 0, 'y10': 0, 'y11': 0, 'y20': 0, 'y21': 1, 'y30': 0, 'y31': 0, 'y40': 0, 'y41': 0}",542787.97,Y,"{'T00': 0, 'T01': 1, 'T02': 1, 'T03': 0, 'T10': 1, 'T11': 0, 'T12': 0, 'T13': 0, 'T20': 0, 'T21': 0, 'T22': 1, 'T23': 0, 'T30': 0, 'T31': 0, 'T32': 0, 'T33': 1, 'y00': 1, 'y01': 0, 'y10': 0, 'y11': 1, 'y20': 0, 'y21': 0, 'y30': 0, 'y31': 0, 'y40': 0, 'y41': 0}",391547.17,N
19,19,19,19,19,19,19,19,19,19,19,"{'T00': 0, 'T01': 0, 'T02': 1, 'T03': 0, 'T10': 1, 'T11': 1, 'T12': 0, 'T13': 0, 'T20': 0, 'T21': 0, 'T22': 0, 'T23': 1, 'T30': 0, 'T31': 0, 'T32': 1, 'T33': 0, 'y00': 1, 'y01': 1, 'y02': 0, 'y10': 1, 'y11': 0, 'y12': 0, 'y20': 1, 'y21': 0, 'y22': 0, 'y30': 1, 'y31': 0, 'y32': 0, 'y40': 0, 'y41': 0, 'y42': 0}",208166.37,N,"{'T00': 1, 'T01': 0, 'T02': 0, 'T03': 1, 'T10': 0, 'T11': 1, 'T12': 0, 'T13': 0, 'T20': 0, 'T21': 0, 'T22': 0, 'T23': 1, 'T30': 0, 'T31': 0, 'T32': 1, 'T33': 0, 'y00': 0, 'y01': 1, 'y02': 1, 'y10': 0, 'y11': 0, 'y12': 0, 'y20': 0, 'y21': 0, 'y22': 0, 'y30': 0, 'y31': 1, 'y32': 0, 'y40': 0, 'y41': 0, 'y42': 0}",304286.37,N,"{'T00': 1, 'T01': 1, 'T02': 0, 'T03': 0, 'T10': 0, 'T11': 1, 'T12': 1, 'T13': 0, 'T20': 0, 'T21': 0, 'T22': 0, 'T23': 1, 'T30': 0, 'T31': 0, 'T32': 1, 'T33': 0, 'y00': 0, 'y01': 0, 'y02': 0, 'y10': 0, 'y11': 1, 'y12': 0, 'y20': 1, 'y21': 0, 'y22': 1, 'y30': 1, 'y31': 0, 'y32': 0, 'y40': 0, 'y41': 0, 'y42': 0}",496526.37,N,"{'T00': 1, 'T01': 0, 'T02': 0, 'T03': 0, 'T10': 0, 'T11': 1, 'T12': 0, 'T13': 1, 'T20': 0, 'T21': 1, 'T22': 1, 'T23': 0, 'T30': 0, 'T31': 0, 'T32': 1, 'T33': 0, 'y00': 0, 'y01': 0, 'y02': 0, 'y10': 0, 'y11': 0, 'y12': 0, 'y20': 1, 'y21': 0, 'y22': 1, 'y30': 1, 'y31': 1, 'y32': 0, 'y40': 0, 'y41': 0, 'y42': 0}",560409.57,N,"{'T00': 0, 'T01': 1, 'T02': 0, 'T03': 0, 'T10': 1, 'T11': 0, 'T12': 0, 'T13': 0, 'T20': 1, 'T21': 0, 'T22': 0, 'T23': 1, 'T30': 0, 'T31': 0, 'T32': 0, 'T33': 1, 'y00': 1, 'y01': 0, 'y02': 0, 'y10': 1, 'y11': 0, 'y12': 0, 'y20': 0, 'y21': 0, 'y22': 0, 'y30': 0, 'y31': 0, 'y32': 0, 'y40': 0, 'y41': 0, 'y42': 1}",568167.57,N,"{'T00': 0, 'T01': 0, 'T02': 0, 'T03': 1, 'T10': 0, 'T11': 0, 'T12': 1, 'T13': 0, 'T20': 0, 'T21': 1, 'T22': 1, 'T23': 0, 'T30': 0, 'T31': 0, 'T32': 0, 'T33': 1, 'y00': 0, 'y01': 1, 'y02': 0, 'y10': 0, 'y11': 0, 'y12': 1, 'y20': 1, 'y21': 1, 'y22': 0, 'y30': 1, 'y31': 0, 'y32': 0, 'y40': 0, 'y41': 0, 'y42': 0}",768166.77,N,"{'T00': 0, 'T01': 0, 'T02': 1, 'T03': 0, 'T10': 1, 'T11': 0, 'T12': 0, 'T13': 1, 'T20': 0, 'T21': 1, 'T22': 0, 'T23': 1, 'T30': 0, 'T31': 1, 'T32': 0, 'T33': 0, 'y00': 0, 'y01': 1, 'y02': 0, 'y10': 0, 'y11': 1, 'y12': 0, 'y20': 0, 'y21': 1, 'y22': 1, 'y30': 0, 'y31': 0, 'y32': 0, 'y40': 0, 'y41': 0, 'y42': 0}",792044.37,N,"{'T00': 0, 'T01': 0, 'T02': 1, 'T03': 0, 'T10': 0, 'T11': 0, 'T12': 0, 'T13': 1, 'T20': 1, 'T21': 0, 'T22': 0, 'T23': 1, 'T30': 0, 'T31': 1, 'T32': 0, 'T33': 1, 'y00': 1, 'y01': 1, 'y02': 0, 'y10': 1, 'y11': 0, 'y12': 0, 'y20': 1, 'y21': 0, 'y22': 0, 'y30': 1, 'y31': 0, 'y32': 1, 'y40': 1, 'y41': 0, 'y42': 0}",592044.37,N,"{'T00': 1, 'T01': 0, 'T02': 0, 'T03': 0, 'T10': 0, 'T11': 0, 'T12': 1, 'T13': 0, 'T20': 0, 'T21': 1, 'T22': 0, 'T23': 0, 'T30': 0, 'T31': 0, 'T32': 0, 'T33': 1, 'y00': 1, 'y01': 0, 'y02': 0, 'y10': 0, 'y11': 0, 'y12': 0, 'y20': 0, 'y21': 0, 'y22': 0, 'y30': 1, 'y31': 0, 'y32': 1, 'y40': 0, 'y41': 0, 'y42': 0}",368169.17,N,"{'T00': 0, 'T01': 0, 'T02': 1, 'T03': 0, 'T10': 0, 'T11': 0, 'T12': 0, 'T13': 1, 'T20': 1, 'T21': 0, 'T22': 0, 'T23': 1, 'T30': 0, 'T31': 1, 'T32': 1, 'T33': 0, 'y00': 1, 'y01': 1, 'y02': 0, 'y10': 1, 'y11': 0, 'y12': 0, 'y20': 0, 'y21': 1, 'y22': 0, 'y30': 0, 'y31': 0, 'y32': 1, 'y40': 0, 'y41': 0, 'y42': 0}",544287.57,N,"{'T00': 0, 'T01': 0, 'T02': 0, 'T03': 1, 'T10': 0, 'T11': 1, 'T12': 0, 'T13': 0, 'T20': 0, 'T21': 0, 'T22': 1, 'T23': 1, 'T30': 1, 'T31': 1, 'T32': 0, 'T33': 0, 'y00': 1, 'y01': 1, 'y02': 1, 'y10': 0, 'y11': 0, 'y12': 0, 'y20': 1, 'y21': 0, 'y22': 0, 'y30': 0, 'y31': 0, 'y32': 0, 'y40': 1, 'y41': 0, 'y42': 0}",392047.17,N
20,20,20,20,20,20,20,20,20,20,20,"{'T00': 0, 'T01': 1, 'T02': 0, 'T03': 0, 'T10': 1, 'T11': 0, 'T12': 1, 'T13': 0, 'T20': 0, 'T21': 0, 'T22': 0, 'T23': 1, 'T30': 0, 'T31': 0, 'T32': 1, 'T33': 0, 'y00': 0, 'y01': 0, 'y02': 0, 'y10': 1, 'y11': 1, 'y12': 0, 'y20': 0, 'y21': 1, 'y22': 1, 'y30': 0, 'y31': 0, 'y32': 0, 'y40': 0, 'y41': 1, 'y42': 0}",209485.97,N,"{'T00': 1, 'T01': 0, 'T02': 0, 'T03': 0, 'T10': 0, 'T11': 0, 'T12': 1, 'T13': 0, 'T20': 0, 'T21': 1, 'T22': 0, 'T23': 1, 'T30': 0, 'T31': 0, 'T32': 1, 'T33': 0, 'y00': 0, 'y01': 0, 'y02': 0, 'y10': 0, 'y11': 0, 'y12': 0, 'y20': 0, 'y21': 1, 'y22': 1, 'y30': 1, 'y31': 0, 'y32': 0, 'y40': 0, 'y41': 0, 'y42': 1}",306265.97,N,"{'T00': 0, 'T01': 0, 'T02': 1, 'T03': 0, 'T10': 0, 'T11': 1, 'T12': 0, 'T13': 0, 'T20': 1, 'T21': 0, 'T22': 0, 'T23': 1, 'T30': 1, 'T31': 0, 'T32': 0, 'T33': 1, 'y00': 1, 'y01': 1, 'y02': 0, 'y10': 1, 'y11': 1, 'y12': 0, 'y20': 1, 'y21': 0, 'y22': 0, 'y30': 1, 'y31': 0, 'y32': 0, 'y40': 0, 'y41': 0, 'y42': 1}",499825.97,N,"{'T00': 1, 'T01': 0, 'T02': 1, 'T03': 0, 'T10': 0, 'T11': 0, 'T12': 0, 'T13': 1, 'T20': 0, 'T21': 1, 'T22': 1, 'T23': 0, 'T30': 0, 'T31': 0, 'T32': 0, 'T33': 1, 'y00': 0, 'y01': 1, 'y02': 1, 'y10': 0, 'y11': 0, 'y12': 0, 'y20': 0, 'y21': 1, 'y22': 0, 'y30': 1, 'y31': 1, 'y32': 1, 'y40': 0, 'y41': 0, 'y42': 0}",563048.77,N,"{'T00': 0, 'T01': 0, 'T02': 0, 'T03': 1, 'T10': 0, 'T11': 0, 'T12': 1, 'T13': 0, 'T20': 0, 'T21': 1, 'T22': 1, 'T23': 0, 'T30': 1, 'T31': 0, 'T32': 0, 'T33': 1, 'y00': 1, 'y01': 0, 'y02': 1, 'y10': 1, 'y11': 1, 'y12': 0, 'y20': 0, 'y21': 1, 'y22': 0, 'y30': 0, 'y31': 0, 'y32': 1, 'y40': 1, 'y41': 0, 'y42': 0}",569487.17,N,"{'T00': 1, 'T01': 1, 'T02': 0, 'T03': 0, 'T10': 0, 'T11': 0, 'T12': 1, 'T13': 0, 'T20': 0, 'T21': 0, 'T22': 0, 'T23': 1, 'T30': 0, 'T31': 0, 'T32': 1, 'T33': 1, 'y00': 1, 'y01': 0, 'y02': 0, 'y10': 0, 'y11': 1, 'y12': 0, 'y20': 1, 'y21': 0, 'y22': 0, 'y30': 1, 'y31': 0, 'y32': 1, 'y40': 0, 'y41': 1, 'y42': 1}",769486.77,N,"{'T00': 0, 'T01': 0, 'T02': 0, 'T03': 1, 'T10': 0, 'T11': 0, 'T12': 1, 'T13': 0, 'T20': 0, 'T21': 1, 'T22': 1, 'T23': 0, 'T30': 1, 'T31': 0, 'T32': 0, 'T33': 1, 'y00': 1, 'y01': 1, 'y02': 1, 'y10': 0, 'y11': 1, 'y12': 0, 'y20': 1, 'y21': 0, 'y22': 0, 'y30': 0, 'y31': 1, 'y32': 1, 'y40': 0, 'y41': 0, 'y42': 0}",792703.57,N,"{'T00': 0, 'T01': 0, 'T02': 0, 'T03': 1, 'T10': 1, 'T11': 0, 'T12': 1, 'T13': 0, 'T20': 0, 'T21': 0, 'T22': 0, 'T23': 1, 'T30': 1, 'T31': 0, 'T32': 1, 'T33': 0, 'y00': 1, 'y01': 1, 'y02': 0, 'y10': 0, 'y11': 1, 'y12': 1, 'y20': 0, 'y21': 1, 'y22': 1, 'y30': 0, 'y31': 0, 'y32': 0, 'y40': 0, 'y41': 0, 'y42': 0}",592703.57,N,"{'T00': 1, 'T01': 0, 'T02': 1, 'T03': 0, 'T10': 0, 'T11': 0, 'T12': 0, 'T13': 1, 'T20': 0, 'T21': 0, 'T22': 0, 'T23': 1, 'T30': 0, 'T31': 1, 'T32': 1, 'T33': 0, 'y00': 1, 'y01': 0, 'y02': 0, 'y10': 1, 'y11': 0, 'y12': 1, 'y20': 1, 'y21': 1, 'y22': 1, 'y30': 0, 'y31': 1, 'y32': 0, 'y40': 1, 'y41': 0, 'y42': 0}",369488.37,N,"{'T00': 0, 'T01': 0, 'T02': 0, 'T03': 1, 'T10': 1, 'T11': 1, 'T12': 0, 'T13': 0, 'T20': 0, 'T21': 0, 'T22': 1, 'T23': 0, 'T30': 1, 'T31': 0, 'T32': 0, 'T33': 1, 'y00': 1, 'y01': 1, 'y02': 0, 'y10': 0, 'y11': 1, 'y12': 1, 'y20': 1, 'y21': 0, 'y22': 0, 'y30': 1, 'y31': 0, 'y32': 0, 'y40': 1, 'y41': 0, 'y42': 0}",546266.77,N,"{'T00': 0, 'T01': 0, 'T02': 0, 'T03': 1, 'T10': 1, 'T11': 1, 'T12': 0, 'T13': 0, 'T20': 0, 'T21': 1, 'T22': 1, 'T23': 0, 'T30': 0, 'T31': 1, 'T32': 1, 'T33': 0, 'y00': 0, 'y01': 1, 'y02': 1, 'y10': 1, 'y11': 1, 'y12': 0, 'y20': 0, 'y21': 0, 'y22': 0, 'y30': 1, 'y31': 1, 'y32': 0, 'y40': 0, 'y41': 1, 'y42': 0}",392706.37,N
21,21,21,21,21,21,21,21,21,21,21,"{'T00': 0, 'T01': 0, 'T02': 0, 'T03': 0, 'T10': 0, 'T11': 0, 'T12': 1, 'T13': 0, 'T20': 0, 'T21': 1, 'T22': 0, 'T23': 0, 'T30': 0, 'T31': 0, 'T32': 0, 'T33': 1, 'y00': 1, 'y01': 0, 'y02': 0, 'y10': 0, 'y11': 0, 'y12': 0, 'y20': 0, 'y21': 0, 'y22': 0, 'y30': 1, 'y31': 1, 'y32': 0, 'y40': 0, 'y41': 0, 'y42': 0}",237887.17,N,"{'T00': 1, 'T01': 0, 'T02': 0, 'T03': 0, 'T10': 0, 'T11': 1, 'T12': 0, 'T13': 0, 'T20': 1, 'T21': 0, 'T22': 1, 'T23': 0, 'T30': 0, 'T31': 0, 'T32': 0, 'T33': 1, 'y00': 0, 'y01': 0, 'y02': 0, 'y10': 1, 'y11': 0, 'y12': 0, 'y20': 1, 'y21': 0, 'y22': 0, 'y30': 1, 'y31': 0, 'y32': 0, 'y40': 1, 'y41': 0, 'y42': 0}",348867.17,N,"{'T00': 1, 'T01': 0, 'T02': 1, 'T03': 0, 'T10': 0, 'T11': 0, 'T12': 0, 'T13': 0, 'T20': 0, 'T21': 1, 'T22': 0, 'T23': 0, 'T30': 1, 'T31': 0, 'T32': 0, 'T33': 1, 'y00': 0, 'y01': 0, 'y02': 0, 'y10': 1, 'y11': 1, 'y12': 0, 'y20': 1, 'y21': 0, 'y22': 0, 'y30': 0, 'y31': 0, 'y32': 0, 'y40': 0, 'y41': 0, 'y42': 0}",570827.17,N,"{'T00': 1, 'T01': 0, 'T02': 0, 'T03': 0, 'T10': 0, 'T11': 0, 'T12': 1, 'T13': 0, 'T20': 1, 'T21': 0, 'T22': 0, 'T23': 1, 'T30': 0, 'T31': 1, 'T32': 0, 'T33': 0, 'y00': 1, 'y01': 0, 'y02': 0, 'y10': 0, 'y11': 0, 'y12': 0, 'y20': 0, 'y21': 1, 'y22': 0, 'y30': 1, 'y31': 0, 'y32': 0, 'y40': 0, 'y41': 0, 'y42': 0}",619849.97,N,"{'T00': 0, 'T01': 0, 'T02': 0, 'T03': 0, 'T10': 0, 'T11': 0, 'T12': 1, 'T13': 0, 'T20': 0, 'T21': 0, 'T22': 0, 'T23': 1, 'T30': 0, 'T31': 1, 'T32': 0, 'T33': 0, 'y00': 1, 'y01': 0, 'y02': 0, 'y10': 0, 'y11': 0, 'y12': 0, 'y20': 0, 'y21': 1, 'y22': 0, 'y30': 1, 'y31': 0, 'y32': 0, 'y40': 0, 'y41': 0, 'y42': 0}",597887.97,N,"{'T00': 0, 'T01': 0, 'T02': 0, 'T03': 1, 'T10': 0, 'T11': 1, 'T12': 0, 'T13': 0, 'T20': 0, 'T21': 0, 'T22': 0, 'T23': 1, 'T30': 0, 'T31': 0, 'T32': 1, 'T33': 0, 'y00': 0, 'y01': 1, 'y02': 0, 'y10': 0, 'y11': 1, 'y12': 0, 'y20': 1, 'y21': 0, 'y22': 0, 'y30': 1, 'y31': 0, 'y32': 0, 'y40': 0, 'y41': 0, 'y42': 0}",797887.57,N,"{'T00': 0, 'T01': 0, 'T02': 0, 'T03': 1, 'T10': 1, 'T11': 1, 'T12': 0, 'T13': 0, 'T20': 0, 'T21': 0, 'T22': 1, 'T23': 0, 'T30': 0, 'T31': 0, 'T32': 1, 'T33': 1, 'y00': 0, 'y01': 1, 'y02': 0, 'y10': 1, 'y11': 1, 'y12': 0, 'y20': 0, 'y21': 0, 'y22': 0, 'y30': 0, 'y31': 1, 'y32': 0, 'y40': 0, 'y41': 0, 'y42': 0}",806904.37,N,"{'T00': 0, 'T01': 1, 'T02': 0, 'T03': 0, 'T10': 1, 'T11': 0, 'T12': 0, 'T13': 1, 'T20': 0, 'T21': 1, 'T22': 0, 'T23': 0, 'T30': 0, 'T31': 0, 'T32': 1, 'T33': 1, 'y00': 1, 'y01': 0, 'y02': 0, 'y10': 1, 'y11': 0, 'y12': 0, 'y20': 0, 'y21': 0, 'y22': 0, 'y30': 0, 'y31': 0, 'y32': 1, 'y40': 0, 'y41': 0, 'y42': 0}",606904.37,N,"{'T00': 0, 'T01': 1, 'T02': 0, 'T03': 0, 'T10': 1, 'T11': 0, 'T12': 0, 'T13': 0, 'T20': 0, 'T21': 0, 'T22': 0, 'T23': 1, 'T30': 0, 'T31': 0, 'T32': 1, 'T33': 0, 'y00': 1, 'y01': 0, 'y02': 0, 'y10': 1, 'y11': 0, 'y12': 0, 'y20': 1, 'y21': 0, 'y22': 0, 'y30': 0, 'y31': 0, 'y32': 0, 'y40': 0, 'y41': 1, 'y42': 0}",397889.57,N,"{'T00': 1, 'T01': 1, 'T02': 0, 'T03': 0, 'T10': 0, 'T11': 0, 'T12': 1, 'T13': 0, 'T20': 0, 'T21': 0, 'T22': 0, 'T23': 1, 'T30': 0, 'T31': 0, 'T32': 1, 'T33': 0, 'y00': 0, 'y01': 1, 'y02': 0, 'y10': 0, 'y11': 0, 'y12': 0, 'y20': 1, 'y21': 0, 'y22': 0, 'y30': 0, 'y31': 1, 'y32': 0, 'y40': 0, 'y41': 0, 'y42': 0}",588868.37,N,"{'T00': 1, 'T01': 1, 'T02': 0, 'T03': 0, 'T10': 0, 'T11': 1, 'T12': 0, 'T13': 0, 'T20': 0, 'T21': 0, 'T22': 1, 'T23': 0, 'T30': 1, 'T31': 0, 'T32': 0, 'T33': 1, 'y00': 0, 'y01': 0, 'y02': 0, 'y10': 1, 'y11': 1, 'y12': 0, 'y20': 0, 'y21': 1, 'y22': 0, 'y30': 0, 'y31': 0, 'y32': 0, 'y40': 0, 'y41': 0, 'y42': 0}",406906.77,N
22,22,22,22,22,22,22,22,22,22,22,"{'T00': 1, 'T01': 0, 'T02': 1, 'T03': 0, 'T10': 0, 'T11': 1, 'T12': 0, 'T13': 0, 'T20': 0, 'T21': 0, 'T22': 1, 'T23': 0, 'T30': 0, 'T31': 0, 'T32': 0, 'T33': 1, 'y00': 0, 'y01': 1, 'y02': 0, 'y10': 1, 'y11': 1, 'y12': 0, 'y20': 1, 'y21': 0, 'y22': 0, 'y30': 0, 'y31': 1, 'y32': 0, 'y40': 1, 'y41': 0, 'y42': 0}",296286.37,N,"{'T00': 0, 'T01': 0, 'T02': 0, 'T03': 0, 'T10': 0, 'T11': 1, 'T12': 0, 'T13': 0, 'T20': 0, 'T21': 0, 'T22': 1, 'T23': 0, 'T30': 1, 'T31': 1, 'T32': 0, 'T33': 0, 'y00': 0, 'y01': 0, 'y02': 0, 'y10': 1, 'y11': 0, 'y12': 0, 'y20': 1, 'y21': 1, 'y22': 0, 'y30': 0, 'y31': 0, 'y32': 0, 'y40': 1, 'y41': 0, 'y42': 0}",436466.37,N,"{'T00': 1, 'T01': 0, 'T02': 0, 'T03': 0, 'T10': 0, 'T11': 1, 'T12': 0, 'T13': 0, 'T20': 0, 'T21': 0, 'T22': 0, 'T23': 1, 'T30': 0, 'T31': 0, 'T32': 1, 'T33': 0, 'y00': 0, 'y01': 0, 'y02': 0, 'y10': 0, 'y11': 1, 'y12': 0, 'y20': 1, 'y21': 1, 'y22': 0, 'y30': 0, 'y31': 0, 'y32': 0, 'y40': 0, 'y41': 1, 'y42': 0}",716826.37,N,"{'T00': 0, 'T01': 0, 'T02': 0, 'T03': 1, 'T10': 0, 'T11': 1, 'T12': 0, 'T13': 0, 'T20': 0, 'T21': 0, 'T22': 0, 'T23': 1, 'T30': 0, 'T31': 0, 'T32': 1, 'T33': 0, 'y00': 1, 'y01': 0, 'y02': 1, 'y10': 0, 'y11': 1, 'y12': 0, 'y20': 1, 'y21': 0, 'y22': 0, 'y30': 0, 'y31': 1, 'y32': 0, 'y40': 0, 'y41': 0, 'y42': 0}",736649.17,N,"{'T00': 1, 'T01': 0, 'T02': 0, 'T03': 0, 'T10': 0, 'T11': 0, 'T12': 1, 'T13': 0, 'T20': 0, 'T21': 1, 'T22': 0, 'T23': 1, 'T30': 0, 'T31': 0, 'T32': 1, 'T33': 1, 'y00': 0, 'y01': 0, 'y02': 0, 'y10': 1, 'y11': 0, 'y12': 0, 'y20': 0, 'y21': 1, 'y22': 0, 'y30': 1, 'y31': 1, 'y32': 0, 'y40': 0, 'y41': 1, 'y42': 1}",656288.77,N,"{'T00': 0, 'T01': 0, 'T02': 0, 'T03': 1, 'T10': 1, 'T11': 1, 'T12': 0, 'T13': 0, 'T20': 0, 'T21': 0, 'T22': 1, 'T23': 0, 'T30': 0, 'T31': 0, 'T32': 0, 'T33': 1, 'y00': 1, 'y01': 1, 'y02': 0, 'y10': 0, 'y11': 0, 'y12': 1, 'y20': 1, 'y21': 0, 'y22': 0, 'y30': 0, 'y31': 1, 'y32': 0, 'y40': 0, 'y41': 0, 'y42': 0}",856288.77,N,"{'T00': 0, 'T01': 0, 'T02': 0, 'T03': 1, 'T10': 0, 'T11': 0, 'T12': 0, 'T13': 0, 'T20': 0, 'T21': 1, 'T22': 0, 'T23': 1, 'T30': 0, 'T31': 0, 'T32': 1, 'T33': 0, 'y00': 0, 'y01': 1, 'y02': 1, 'y10': 1, 'y11': 0, 'y12': 0, 'y20': 0, 'y21': 0, 'y22': 0, 'y30': 1, 'y31': 0, 'y32': 0, 'y40': 0, 'y41': 1, 'y42': 0}",836105.17,N,"{'T00': 0, 'T01': 0, 'T02': 1, 'T03': 0, 'T10': 0, 'T11': 0, 'T12': 0, 'T13': 1, 'T20': 0, 'T21': 1, 'T22': 0, 'T23': 1, 'T30': 1, 'T31': 0, 'T32': 1, 'T33': 0, 'y00': 0, 'y01': 0, 'y02': 1, 'y10': 1, 'y11': 0, 'y12': 0, 'y20': 0, 'y21': 0, 'y22': 1, 'y30': 1, 'y31': 1, 'y32': 0, 'y40': 0, 'y41': 0, 'y42': 0}",636105.17,N,"{'T00': 0, 'T01': 1, 'T02': 0, 'T03': 0, 'T10': 0, 'T11': 1, 'T12': 0, 'T13': 0, 'T20': 1, 'T21': 0, 'T22': 1, 'T23': 0, 'T30': 0, 'T31': 0, 'T32': 0, 'T33': 1, 'y00': 0, 'y01': 1, 'y02': 0, 'y10': 1, 'y11': 0, 'y12': 0, 'y20': 0, 'y21': 0, 'y22': 0, 'y30': 0, 'y31': 1, 'y32': 0, 'y40': 0, 'y41': 1, 'y42': 0}",456289.97,N,"{'T00': 1, 'T01': 0, 'T02': 1, 'T03': 0, 'T10': 0, 'T11': 1, 'T12': 0, 'T13': 0, 'T20': 0, 'T21': 0, 'T22': 0, 'T23': 1, 'T30': 0, 'T31': 1, 'T32': 0, 'T33': 0, 'y00': 1, 'y01': 1, 'y02': 0, 'y10': 0, 'y11': 1, 'y12': 0, 'y20': 1, 'y21': 1, 'y22': 0, 'y30': 0, 'y31': 0, 'y32': 0, 'y40': 0, 'y41': 0, 'y42': 0}",676469.17,N,"{'T00': 0, 'T01': 0, 'T02': 0, 'T03': 0, 'T10': 0, 'T11': 1, 'T12': 1, 'T13': 0, 'T20': 0, 'T21': 0, 'T22': 1, 'T23': 1, 'T30': 0, 'T31': 0, 'T32': 0, 'T33': 1, 'y00': 0, 'y01': 0, 'y02': 0, 'y10': 1, 'y11': 0, 'y12': 0, 'y20': 0, 'y21': 1, 'y22': 1, 'y30': 1, 'y31': 0, 'y32': 0, 'y40': 0, 'y41': 0, 'y42': 1}",436107.97,N
23,23,23,23,23,23,23,23,23,23,23,"{'T00': 0, 'T01': 0, 'T02': 1, 'T03': 0, 'T10': 0, 'T11': 0, 'T12': 0, 'T13': 1, 'T20': 0, 'T21': 1, 'T22': 0, 'T23': 1, 'T30': 0, 'T31': 1, 'T32': 1, 'T33': 0, 'y00': 1, 'y01': 1, 'y02': 1, 'y03': 0, 'y10': 1, 'y11': 0, 'y12': 0, 'y13': 0, 'y20': 1, 'y21': 1, 'y22': 0, 'y23': 0, 'y30': 1, 'y31': 1, 'y32': 1, 'y33': 0, 'y40': 0, 'y41': 1, 'y42': 0, 'y43': 0}",192927.17,N,"{'T00': 0, 'T01': 0, 'T02': 0, 'T03': 0, 'T10': 1, 'T11': 0, 'T12': 0, 'T13': 1, 'T20': 0, 'T21': 1, 'T22': 0, 'T23': 1, 'T30': 0, 'T31': 1, 'T32': 0, 'T33': 0, 'y00': 0, 'y01': 0, 'y02': 0, 'y03': 0, 'y10': 0, 'y11': 1, 'y12': 0, 'y13': 0, 'y20': 1, 'y21': 1, 'y22': 0, 'y23': 1, 'y30': 0, 'y31': 0, 'y32': 0, 'y33': 0, 'y40': 0, 'y41': 0, 'y42': 0, 'y43': 0}",281427.17,N,"{'T00': 1, 'T01': 0, 'T02': 1, 'T03': 0, 'T10': 0, 'T11': 0, 'T12': 0, 'T13': 1, 'T20': 0, 'T21': 0, 'T22': 0, 'T23': 1, 'T30': 0, 'T31': 1, 'T32': 1, 'T33': 0, 'y00': 0, 'y01': 1, 'y02': 1, 'y03': 0, 'y10': 0, 'y11': 0, 'y12': 0, 'y13': 0, 'y20': 1, 'y21': 1, 'y22': 0, 'y23': 0, 'y30': 0, 'y31': 0, 'y32': 0, 'y33': 1, 'y40': 0, 'y41': 0, 'y42': 0, 'y43': 0}",458427.17,N,"{'T00': 0, 'T01': 0, 'T02': 1, 'T03': 0, 'T10': 1, 'T11': 0, 'T12': 1, 'T13': 0, 'T20': 0, 'T21': 1, 'T22': 0, 'T23': 1, 'T30': 1, 'T31': 1, 'T32': 0, 'T33': 0, 'y00': 1, 'y01': 0, 'y02': 1, 'y03': 0, 'y10': 1, 'y11': 1, 'y12': 0, 'y13': 0, 'y20': 0, 'y21': 1, 'y22': 1, 'y23': 0, 'y30': 0, 'y31': 0, 'y32': 0, 'y33': 0, 'y40': 0, 'y41': 0, 'y42': 0, 'y43': 0}",529929.97,N,"{'T00': 0, 'T01': 1, 'T02': 0, 'T03': 0, 'T10': 0, 'T11': 1, 'T12': 0, 'T13': 1, 'T20': 0, 'T21': 0, 'T22': 1, 'T23': 1, 'T30': 0, 'T31': 1, 'T32': 1, 'T33': 0, 'y00': 0, 'y01': 0, 'y02': 0, 'y03': 0, 'y10': 1, 'y11': 1, 'y12': 0, 'y13': 0, 'y20': 1, 'y21': 1, 'y22': 0, 'y23': 1, 'y30': 1, 'y31': 0, 'y32': 0, 'y33': 0, 'y40': 0, 'y41': 0, 'y42': 1, 'y43': 0}",552927.97,N,"{'T00': 0, 'T01': 0, 'T02': 1, 'T03': 0, 'T10': 1, 'T11': 0, 'T12': 0, 'T13': 1, 'T20': 1, 'T21': 1, 'T22': 0, 'T23': 1, 'T30': 0, 'T31': 0, 'T32': 1, 'T33': 0, 'y00': 0, 'y01': 1, 'y02': 1, 'y03': 0, 'y10': 0, 'y11': 1, 'y12': 0, 'y13': 0, 'y20': 0, 'y21': 1, 'y22': 1, 'y23': 0, 'y30': 0, 'y31': 0, 'y32': 1, 'y33': 0, 'y40': 0, 'y41': 0, 'y42': 0, 'y43': 0}",752928.37,N,"{'T00': 0, 'T01': 0, 'T02': 0, 'T03': 1, 'T10': 0, 'T11': 0, 'T12': 1, 'T13': 0, 'T20': 1, 'T21': 1, 'T22': 1, 'T23': 0, 'T30': 0, 'T31': 0, 'T32': 1, 'T33': 0, 'y00': 1, 'y01': 1, 'y02': 0, 'y03': 0, 'y10': 1, 'y11': 1, 'y12': 1, 'y13': 0, 'y20': 1, 'y21': 1, 'y22': 1, 'y23': 0, 'y30': 0, 'y31': 0, 'y32': 0, 'y33': 0, 'y40': 0, 'y41': 0, 'y42': 0, 'y43': 0}",784425.17,N,"{'T00': 0, 'T01': 1, 'T02': 0, 'T03': 0, 'T10': 0, 'T11': 0, 'T12': 0, 'T13': 1, 'T20': 0, 'T21': 0, 'T22': 0, 'T23': 1, 'T30': 1, 'T31': 1, 'T32': 0, 'T33': 0, 'y00': 1, 'y01': 0, 'y02': 0, 'y03': 0, 'y10': 0, 'y11': 1, 'y12': 0, 'y13': 0, 'y20': 1, 'y21': 1, 'y22': 1, 'y23': 0, 'y30': 0, 'y31': 1, 'y32': 0, 'y33': 0, 'y40': 0, 'y41': 0, 'y42': 0, 'y43': 0}",584425.17,N,"{'T00': 1, 'T01': 0, 'T02': 0, 'T03': 1, 'T10': 1, 'T11': 0, 'T12': 0, 'T13': 0, 'T20': 0, 'T21': 0, 'T22': 0, 'T23': 1, 'T30': 0, 'T31': 0, 'T32': 1, 'T33': 0, 'y00': 1, 'y01': 0, 'y02': 1, 'y03': 0, 'y10': 0, 'y11': 0, 'y12': 1, 'y13': 0, 'y20': 0, 'y21': 1, 'y22': 0, 'y23': 0, 'y30': 0, 'y31': 0, 'y32': 0, 'y33': 0, 'y40': 1, 'y41': 1, 'y42': 0, 'y43': 0}",352929.57,N,"{'T00': 0, 'T01': 0, 'T02': 1, 'T03': 0, 'T10': 0, 'T11': 1, 'T12': 1, 'T13': 0, 'T20': 0, 'T21': 1, 'T22': 0, 'T23': 1, 'T30': 0, 'T31': 0, 'T32': 0, 'T33': 1, 'y00': 0, 'y01': 0, 'y02': 0, 'y03': 0, 'y10': 1, 'y11': 1, 'y12': 1, 'y13': 0, 'y20': 0, 'y21': 1, 'y22': 0, 'y23': 1, 'y30': 0, 'y31': 0, 'y32': 0, 'y33': 0, 'y40': 0, 'y41': 1, 'y42': 0, 'y43': 0}",521428.77,N,"{'T00': 0, 'T01': 0, 'T02': 1, 'T03': 0, 'T10': 1, 'T11': 1, 'T12': 0, 'T13': 1, 'T20': 0, 'T21': 1, 'T22': 0, 'T23': 1, 'T30': 0, 'T31': 0, 'T32': 0, 'T33': 1, 'y00': 1, 'y01': 0, 'y02': 0, 'y03': 0, 'y10': 0, 'y11': 1, 'y12': 1, 'y13': 0, 'y20': 0, 'y21': 1, 'y22': 0, 'y23': 1, 'y30': 1, 'y31': 1, 'y32': 0, 'y33': 0, 'y40': 0, 'y41': 0, 'y42': 0, 'y43': 0}",384427.17,N
24,24,24,24,24,24,24,24,24,24,24,"{'T00': 0, 'T01': 0, 'T02': 1, 'T03': 0, 'T10': 0, 'T11': 1, 'T12': 0, 'T13': 0, 'T20': 1, 'T21': 0, 'T22': 0, 'T23': 1, 'T30': 0, 'T31': 0, 'T32': 0, 'T33': 1, 'y00': 0, 'y01': 0, 'y02': 0, 'y10': 1, 'y11': 0, 'y12': 0, 'y20': 0, 'y21': 0, 'y22': 0, 'y30': 0, 'y31': 0, 'y32': 0, 'y40': 1, 'y41': 0, 'y42': 0, 'y50': 0, 'y51': 1, 'y52': 0}",215366.77,N,"{'T00': 0, 'T01': 0, 'T02': 0, 'T03': 0, 'T10': 0, 'T11': 0, 'T12': 0, 'T13': 0, 'T20': 1, 'T21': 0, 'T22': 0, 'T23': 0, 'T30': 0, 'T31': 1, 'T32': 0, 'T33': 0, 'y00': 0, 'y01': 0, 'y02': 0, 'y10': 0, 'y11': 0, 'y12': 0, 'y20': 0, 'y21': 0, 'y22': 0, 'y30': 0, 'y31': 0, 'y32': 0, 'y40': 0, 'y41': 0, 'y42': 0, 'y50': 0, 'y51': 0, 'y52': 0}",315086.77,N,"{'T00': 0, 'T01': 1, 'T02': 0, 'T03': 0, 'T10': 0, 'T11': 1, 'T12': 0, 'T13': 0, 'T20': 0, 'T21': 0, 'T22': 0, 'T23': 1, 'T30': 0, 'T31': 0, 'T32': 1, 'T33': 0, 'y00': 0, 'y01': 0, 'y02': 0, 'y10': 1, 'y11': 0, 'y12': 0, 'y20': 0, 'y21': 0, 'y22': 0, 'y30': 0, 'y31': 0, 'y32': 0, 'y40': 1, 'y41': 0, 'y42': 0, 'y50': 1, 'y51': 0, 'y52': 0}",514526.77,N,"{'T00': 0, 'T01': 0, 'T02': 0, 'T03': 1, 'T10': 0, 'T11': 0, 'T12': 1, 'T13': 0, 'T20': 1, 'T21': 0, 'T22': 0, 'T23': 0, 'T30': 0, 'T31': 0, 'T32': 1, 'T33': 0, 'y00': 1, 'y01': 0, 'y02': 0, 'y10': 1, 'y11': 0, 'y12': 0, 'y20': 1, 'y21': 0, 'y22': 0, 'y30': 0, 'y31': 0, 'y32': 0, 'y40': 1, 'y41': 0, 'y42': 0, 'y50': 0, 'y51': 0, 'y52': 0}",574809.97,N,"{'T00': 0, 'T01': 0, 'T02': 0, 'T03': 1, 'T10': 0, 'T11': 0, 'T12': 1, 'T13': 0, 'T20': 1, 'T21': 1, 'T22': 0, 'T23': 0, 'T30': 0, 'T31': 0, 'T32': 1, 'T33': 0, 'y00': 1, 'y01': 0, 'y02': 0, 'y10': 1, 'y11': 0, 'y12': 0, 'y20': 1, 'y21': 0, 'y22': 0, 'y30': 0, 'y31': 0, 'y32': 0, 'y40': 1, 'y41': 0, 'y42': 0, 'y50': 0, 'y51': 0, 'y52': 0}",575367.97,N,"{'T00': 1, 'T01': 0, 'T02': 0, 'T03': 1, 'T10': 0, 'T11': 0, 'T12': 1, 'T13': 0, 'T20': 0, 'T21': 1, 'T22': 0, 'T23': 0, 'T30': 0, 'T31': 1, 'T32': 0, 'T33': 1, 'y00': 0, 'y01': 0, 'y02': 0, 'y10': 1, 'y11': 0, 'y12': 0, 'y20': 1, 'y21': 0, 'y22': 0, 'y30': 0, 'y31': 0, 'y32': 0, 'y40': 1, 'y41': 1, 'y42': 0, 'y50': 0, 'y51': 0, 'y52': 0}",775367.57,N,"{'T00': 0, 'T01': 0, 'T02': 1, 'T03': 0, 'T10': 1, 'T11': 1, 'T12': 1, 'T13': 0, 'T20': 0, 'T21': 1, 'T22': 0, 'T23': 0, 'T30': 0, 'T31': 0, 'T32': 0, 'T33': 1, 'y00': 1, 'y01': 0, 'y02': 0, 'y10': 1, 'y11': 0, 'y12': 0, 'y20': 0, 'y21': 0, 'y22': 0, 'y30': 0, 'y31': 0, 'y32': 0, 'y40': 1, 'y41': 1, 'y42': 0, 'y50': 0, 'y51': 0, 'y52': 0}",795644.37,N,"{'T00': 0, 'T01': 0, 'T02': 1, 'T03': 0, 'T10': 0, 'T11': 0, 'T12': 1, 'T13': 0, 'T20': 0, 'T21': 1, 'T22': 0, 'T23': 1, 'T30': 0, 'T31': 0, 'T32': 0, 'T33': 1, 'y00': 0, 'y01': 0, 'y02': 0, 'y10': 1, 'y11': 0, 'y12': 0, 'y20': 0, 'y21': 0, 'y22': 0, 'y30': 1, 'y31': 0, 'y32': 0, 'y40': 1, 'y41': 0, 'y42': 0, 'y50': 0, 'y51': 1, 'y52': 0}",595644.37,N,"{'T00': 0, 'T01': 0, 'T02': 1, 'T03': 0, 'T10': 0, 'T11': 1, 'T12': 0, 'T13': 1, 'T20': 1, 'T21': 0, 'T22': 0, 'T23': 0, 'T30': 0, 'T31': 1, 'T32': 1, 'T33': 0, 'y00': 1, 'y01': 0, 'y02': 0, 'y10': 1, 'y11': 0, 'y12': 0, 'y20': 0, 'y21': 0, 'y22': 0, 'y30': 0, 'y31': 0, 'y32': 0, 'y40': 1, 'y41': 1, 'y42': 0, 'y50': 0, 'y51': 0, 'y52': 0}",375369.57,N,"{'T00': 0, 'T01': 0, 'T02': 1, 'T03': 0, 'T10': 1, 'T11': 1, 'T12': 0, 'T13': 0, 'T20': 0, 'T21': 0, 'T22': 0, 'T23': 1, 'T30': 1, 'T31': 0, 'T32': 1, 'T33': 0, 'y00': 1, 'y01': 0, 'y02': 0, 'y10': 1, 'y11': 0, 'y12': 0, 'y20': 0, 'y21': 0, 'y22': 0, 'y30': 0, 'y31': 0, 'y32': 0, 'y40': 0, 'y41': 0, 'y42': 0, 'y50': 0, 'y51': 1, 'y52': 0}",555088.77,N,"{'T00': 0, 'T01': 0, 'T02': 1, 'T03': 0, 'T10': 0, 'T11': 1, 'T12': 1, 'T13': 0, 'T20': 1, 'T21': 0, 'T22': 0, 'T23': 1, 'T30': 0, 'T31': 0, 'T32': 0, 'T33': 1, 'y00': 1, 'y01': 0, 'y02': 0, 'y10': 1, 'y11': 0, 'y12': 0, 'y20': 0, 'y21': 0, 'y22': 0, 'y30': 0, 'y31': 0, 'y32': 0, 'y40': 0, 'y41': 1, 'y42': 0, 'y50': 0, 'y51': 1, 'y52': 0}",395647.57,N
25,25,25,25,25,25,25,25,25,25,25,"{'T00': 0, 'T01': 1, 'T02': 1, 'T03': 0, 'T10': 1, 'T11': 0, 'T12': 0, 'T13': 1, 'T20': 0, 'T21': 0, 'T22': 1, 'T23': 0, 'T30': 1, 'T31': 0, 'T32': 0, 'T33': 1, 'y00': 1, 'y01': 1, 'y02': 0, 'y10': 0, 'y11': 0, 'y12': 0, 'y20': 1, 'y21': 1, 'y22': 0, 'y30': 1, 'y31': 0, 'y32': 0, 'y40': 1, 'y41': 0, 'y42': 0, 'y50': 1, 'y51': 1, 'y52': 0}",207129.57,N,"{'T00': 1, 'T01': 0, 'T02': 0, 'T03': 0, 'T10': 0, 'T11': 0, 'T12': 1, 'T13': 1, 'T20': 0, 'T21': 1, 'T22': 0, 'T23': 1, 'T30': 0, 'T31': 0, 'T32': 1, 'T33': 0, 'y00': 0, 'y01': 0, 'y02': 0, 'y10': 0, 'y11': 0, 'y12': 0, 'y20': 0, 'y21': 0, 'y22': 0, 'y30': 1, 'y31': 1, 'y32': 1, 'y40': 1, 'y41': 1, 'y42': 0, 'y50': 1, 'y51': 0, 'y52': 0}",302729.57,N,"{'T00': 1, 'T01': 0, 'T02': 0, 'T03': 0, 'T10': 0, 'T11': 0, 'T12': 0, 'T13': 1, 'T20': 0, 'T21': 1, 'T22': 0, 'T23': 0, 'T30': 0, 'T31': 1, 'T32': 1, 'T33': 0, 'y00': 1, 'y01': 0, 'y02': 0, 'y10': 0, 'y11': 0, 'y12': 0, 'y20': 0, 'y21': 0, 'y22': 0, 'y30': 0, 'y31': 0, 'y32': 0, 'y40': 0, 'y41': 0, 'y42': 1, 'y50': 0, 'y51': 1, 'y52': 0}",493929.57,N,"{'T00': 0, 'T01': 0, 'T02': 0, 'T03': 1, 'T10': 0, 'T11': 0, 'T12': 1, 'T13': 0, 'T20': 0, 'T21': 1, 'T22': 0, 'T23': 1, 'T30': 0, 'T31': 0, 'T32': 1, 'T33': 0, 'y00': 1, 'y01': 0, 'y02': 0, 'y10': 1, 'y11': 0, 'y12': 1, 'y20': 0, 'y21': 0, 'y22': 0, 'y30': 1, 'y31': 0, 'y32': 0, 'y40': 1, 'y41': 1, 'y42': 0, 'y50': 0, 'y51': 1, 'y52': 0}",558331.17,N,"{'T00': 0, 'T01': 1, 'T02': 1, 'T03': 0, 'T10': 0, 'T11': 0, 'T12': 0, 'T13': 1, 'T20': 1, 'T21': 1, 'T22': 0, 'T23': 0, 'T30': 0, 'T31': 0, 'T32': 0, 'T33': 1, 'y00': 0, 'y01': 1, 'y02': 0, 'y10': 0, 'y11': 0, 'y12': 0, 'y20': 1, 'y21': 1, 'y22': 0, 'y30': 1, 'y31': 0, 'y32': 0, 'y40': 0, 'y41': 1, 'y42': 0, 'y50': 1, 'y51': 0, 'y52': 0}",567129.17,N,"{'T00': 1, 'T01': 0, 'T02': 0, 'T03': 0, 'T10': 0, 'T11': 0, 'T12': 1, 'T13': 1, 'T20': 0, 'T21': 1, 'T22': 0, 'T23': 1, 'T30': 0, 'T31': 0, 'T32': 1, 'T33': 0, 'y00': 1, 'y01': 0, 'y02': 0, 'y10': 0, 'y11': 0, 'y12': 0, 'y20': 0, 'y21': 0, 'y22': 0, 'y30': 1, 'y31': 1, 'y32': 1, 'y40': 0, 'y41': 1, 'y42': 0, 'y50': 0, 'y51': 1, 'y52': 0}",767129.17,N,"{'T00': 1, 'T01': 0, 'T02': 1, 'T03': 0, 'T10': 0, 'T11': 0, 'T12': 1, 'T13': 1, 'T20': 0, 'T21': 1, 'T22': 0, 'T23': 1, 'T30': 0, 'T31': 1, 'T32': 1, 'T33': 0, 'y00': 0, 'y01': 1, 'y02': 0, 'y10': 0, 'y11': 0, 'y12': 0, 'y20': 0, 'y21': 1, 'y22': 0, 'y30': 0, 'y31': 1, 'y32': 1, 'y40': 1, 'y41': 0, 'y42': 0, 'y50': 0, 'y51': 1, 'y52': 0}",791526.37,N,"{'T00': 1, 'T01': 0, 'T02': 0, 'T03': 0, 'T10': 1, 'T11': 0, 'T12': 1, 'T13': 1, 'T20': 0, 'T21': 1, 'T22': 0, 'T23': 1, 'T30': 0, 'T31': 1, 'T32': 1, 'T33': 0, 'y00': 0, 'y01': 0, 'y02': 0, 'y10': 0, 'y11': 0, 'y12': 0, 'y20': 0, 'y21': 0, 'y22': 0, 'y30': 1, 'y31': 1, 'y32': 1, 'y40': 1, 'y41': 1, 'y42': 0, 'y50': 0, 'y51': 1, 'y52': 0}",591526.37,N,"{'T00': 1, 'T01': 0, 'T02': 0, 'T03': 0, 'T10': 0, 'T11': 0, 'T12': 1, 'T13': 1, 'T20': 0, 'T21': 1, 'T22': 0, 'T23': 1, 'T30': 0, 'T31': 1, 'T32': 1, 'T33': 0, 'y00': 0, 'y01': 0, 'y02': 0, 'y10': 0, 'y11': 0, 'y12': 0, 'y20': 0, 'y21': 0, 'y22': 0, 'y30': 1, 'y31': 1, 'y32': 1, 'y40': 1, 'y41': 1, 'y42': 0, 'y50': 0, 'y51': 1, 'y52': 0}",367130.37,N,"{'T00': 1, 'T01': 0, 'T02': 0, 'T03': 0, 'T10': 0, 'T11': 0, 'T12': 1, 'T13': 1, 'T20': 0, 'T21': 1, 'T22': 0, 'T23': 1, 'T30': 0, 'T31': 0, 'T32': 1, 'T33': 0, 'y00': 1, 'y01': 0, 'y02': 0, 'y10': 0, 'y11': 0, 'y12': 0, 'y20': 0, 'y21': 0, 'y22': 0, 'y30': 1, 'y31': 1, 'y32': 1, 'y40': 0, 'y41': 1, 'y42': 0, 'y50': 0, 'y51': 1, 'y52': 0}",542729.97,N,"{'T00': 1, 'T01': 0, 'T02': 0, 'T03': 0, 'T10': 0, 'T11': 0, 'T12': 1, 'T13': 1, 'T20': 0, 'T21': 1, 'T22': 0, 'T23': 1, 'T30': 0, 'T31': 1, 'T32': 1, 'T33': 0, 'y00': 0, 'y01': 0, 'y02': 0, 'y10': 0, 'y11': 0, 'y12': 0, 'y20': 0, 'y21': 0, 'y22': 0, 'y30': 1, 'y31': 1, 'y32': 1, 'y40': 1, 'y41': 1, 'y42': 0, 'y50': 0, 'y51': 1, 'y52': 0}",391527.97,N
26,26,26,26,26,26,26,26,26,26,26,"{'T00': 0, 'T01': 0, 'T02': 0, 'T03': 1, 'T10': 0, 'T11': 1, 'T12': 1, 'T13': 1, 'T20': 0, 'T21': 1, 'T22': 0, 'T23': 1, 'T30': 0, 'T31': 1, 'T32': 0, 'T33': 0, 'y00': 1, 'y01': 1, 'y02': 1, 'y03': 0, 'y10': 1, 'y11': 0, 'y12': 0, 'y13': 0, 'y20': 1, 'y21': 0, 'y22': 0, 'y23': 0, 'y30': 1, 'y31': 1, 'y32': 0, 'y33': 1, 'y40': 1, 'y41': 0, 'y42': 0, 'y43': 0, 'y50': 1, 'y51': 0, 'y52': 0, 'y53': 0}",220085.57,N,"{'T00': 0, 'T01': 1, 'T02': 0, 'T03': 0, 'T10': 0, 'T11': 1, 'T12': 1, 'T13': 0, 'T20': 0, 'T21': 0, 'T22': 0, 'T23': 1, 'T30': 1, 'T31': 0, 'T32': 1, 'T33': 1, 'y00': 1, 'y01': 0, 'y02': 0, 'y03': 0, 'y10': 1, 'y11': 0, 'y12': 0, 'y13': 0, 'y20': 0, 'y21': 0, 'y22': 0, 'y23': 0, 'y30': 0, 'y31': 0, 'y32': 0, 'y33': 0, 'y40': 0, 'y41': 0, 'y42': 0, 'y43': 1, 'y50': 0, 'y51': 0, 'y52': 0, 'y53': 1}",322165.57,N,"{'T00': 0, 'T01': 1, 'T02': 0, 'T03': 0, 'T10': 0, 'T11': 1, 'T12': 1, 'T13': 0, 'T20': 1, 'T21': 0, 'T22': 0, 'T23': 1, 'T30': 1, 'T31': 0, 'T32': 1, 'T33': 1, 'y00': 1, 'y01': 0, 'y02': 0, 'y03': 0, 'y10': 1, 'y11': 0, 'y12': 0, 'y13': 0, 'y20': 0, 'y21': 0, 'y22': 0, 'y23': 0, 'y30': 0, 'y31': 0, 'y32': 0, 'y33': 0, 'y40': 0, 'y41': 0, 'y42': 0, 'y43': 1, 'y50': 0, 'y51': 0, 'y52': 0, 'y53': 1}",526325.57,N,"{'T00': 0, 'T01': 1, 'T02': 1, 'T03': 0, 'T10': 0, 'T11': 1, 'T12': 0, 'T13': 1, 'T20': 0, 'T21': 0, 'T22': 1, 'T23': 1, 'T30': 1, 'T31': 0, 'T32': 0, 'T33': 1, 'y00': 0, 'y01': 1, 'y02': 0, 'y03': 0, 'y10': 1, 'y11': 1, 'y12': 1, 'y13': 0, 'y20': 0, 'y21': 0, 'y22': 0, 'y23': 0, 'y30': 0, 'y31': 0, 'y32': 1, 'y33': 0, 'y40': 0, 'y41': 1, 'y42': 1, 'y43': 0, 'y50': 0, 'y51': 0, 'y52': 1, 'y53': 0}",584245.97,N,"{'T00': 1, 'T01': 1, 'T02': 0, 'T03': 0, 'T10': 0, 'T11': 1, 'T12': 1, 'T13': 0, 'T20': 0, 'T21': 1, 'T22': 0, 'T23': 1, 'T30': 0, 'T31': 0, 'T32': 1, 'T33': 1, 'y00': 0, 'y01': 0, 'y02': 0, 'y03': 0, 'y10': 1, 'y11': 1, 'y12': 0, 'y13': 0, 'y20': 0, 'y21': 0, 'y22': 0, 'y23': 0, 'y30': 0, 'y31': 1, 'y32': 0, 'y33': 0, 'y40': 0, 'y41': 0, 'y42': 0, 'y43': 1, 'y50': 0, 'y51': 0, 'y52': 0, 'y53': 1}",580084.77,N,"{'T00': 0, 'T01': 0, 'T02': 1, 'T03': 0, 'T10': 0, 'T11': 0, 'T12': 1, 'T13': 0, 'T20': 0, 'T21': 1, 'T22': 0, 'T23': 0, 'T30': 0, 'T31': 0, 'T32': 0, 'T33': 1, 'y00': 0, 'y01': 0, 'y02': 0, 'y03': 0, 'y10': 1, 'y11': 0, 'y12': 0, 'y13': 0, 'y20': 1, 'y21': 1, 'y22': 0, 'y23': 0, 'y30': 1, 'y31': 0, 'y32': 0, 'y33': 0, 'y40': 0, 'y41': 0, 'y42': 1, 'y43': 0, 'y50': 1, 'y51': 0, 'y52': 0, 'y53': 0}",780084.37,N,"{'T00': 1, 'T01': 0, 'T02': 1, 'T03': 0, 'T10': 0, 'T11': 1, 'T12': 1, 'T13': 0, 'T20': 0, 'T21': 1, 'T22': 0, 'T23': 1, 'T30': 1, 'T31': 0, 'T32': 1, 'T33': 1, 'y00': 0, 'y01': 0, 'y02': 0, 'y03': 0, 'y10': 1, 'y11': 0, 'y12': 1, 'y13': 0, 'y20': 1, 'y21': 0, 'y22': 0, 'y23': 0, 'y30': 0, 'y31': 0, 'y32': 0, 'y33': 0, 'y40': 0, 'y41': 0, 'y42': 0, 'y43': 1, 'y50': 0, 'y51': 0, 'y52': 0, 'y53': 1}",798002.37,N,"{'T00': 0, 'T01': 1, 'T02': 1, 'T03': 0, 'T10': 0, 'T11': 1, 'T12': 1, 'T13': 0, 'T20': 1, 'T21': 0, 'T22': 0, 'T23': 1, 'T30': 0, 'T31': 0, 'T32': 1, 'T33': 1, 'y00': 0, 'y01': 0, 'y02': 0, 'y03': 0, 'y10': 0, 'y11': 0, 'y12': 0, 'y13': 0, 'y20': 0, 'y21': 1, 'y22': 0, 'y23': 1, 'y30': 0, 'y31': 1, 'y32': 1, 'y33': 0, 'y40': 1, 'y41': 1, 'y42': 0, 'y43': 0, 'y50': 1, 'y51': 1, 'y52': 0, 'y53': 0}",598002.37,N,"{'T00': 1, 'T01': 1, 'T02': 0, 'T03': 0, 'T10': 1, 'T11': 1, 'T12': 1, 'T13': 0, 'T20': 0, 'T21': 0, 'T22': 0, 'T23': 1, 'T30': 0, 'T31': 0, 'T32': 1, 'T33': 1, 'y00': 0, 'y01': 1, 'y02': 0, 'y03': 0, 'y10': 1, 'y11': 0, 'y12': 0, 'y13': 0, 'y20': 0, 'y21': 0, 'y22': 0, 'y23': 0, 'y30': 0, 'y31': 0, 'y32': 0, 'y33': 0, 'y40': 0, 'y41': 0, 'y42': 0, 'y43': 1, 'y50': 0, 'y51': 0, 'y52': 0, 'y53': 1}",380087.17,N,"{'T00': 1, 'T01': 0, 'T02': 1, 'T03': 0, 'T10': 1, 'T11': 1, 'T12': 1, 'T13': 0, 'T20': 0, 'T21': 1, 'T22': 0, 'T23': 1, 'T30': 0, 'T31': 0, 'T32': 1, 'T33': 1, 'y00': 1, 'y01': 0, 'y02': 0, 'y03': 0, 'y10': 1, 'y11': 0, 'y12': 1, 'y13': 0, 'y20': 0, 'y21': 0, 'y22': 0, 'y23': 0, 'y30': 0, 'y31': 0, 'y32': 0, 'y33': 0, 'y40': 0, 'y41': 0, 'y42': 0, 'y43': 1, 'y50': 0, 'y51': 0, 'y52': 0, 'y53': 1}",562165.17,N,"{'T00': 0, 'T01': 1, 'T02': 0, 'T03': 0, 'T10': 0, 'T11': 0, 'T12': 1, 'T13': 1, 'T20': 1, 'T21': 0, 'T22': 0, 'T23': 1, 'T30': 0, 'T31': 0, 'T32': 0, 'T33': 1, 'y00': 1, 'y01': 0, 'y02': 0, 'y03': 0, 'y10': 0, 'y11': 0, 'y12': 0, 'y13': 0, 'y20': 1, 'y21': 1, 'y22': 0, 'y23': 0, 'y30': 1, 'y31': 1, 'y32': 1, 'y33': 0, 'y40': 0, 'y41': 1, 'y42': 1, 'y43': 0, 'y50': 0, 'y51': 1, 'y52': 0, 'y53': 0}",398005.57,N
