,graph_num,optimal,total_runtime,qpu_access_time,sample,optimal_3,total_runtime_3,qpu_access_time_3,sample_3
0,58,Y,2995808,91783,"{'y00': 1, 'y01': 1, 'y02': 0, 'y03': 0, 'y10': 1, 'y11': 0, 'y12': 0, 'y13': 0, 'y20': 0, 'y21': 0, 'y22': 0, 'y23': 0, 'y30': 0, 'y31': 0, 'y32': 0, 'y33': 0, 'y40': 0, 'y41': 1, 'y42': 0, 'y43': 0, 'y50': 0, 'y51': 0, 'y52': 1, 'y53': 0, 'y60': 1, 'y61': 0, 'y62': 1, 'y63': 0, 'y70': 1, 'y71': 1, 'y72': 0, 'y73': 0, 'y80': 1, 'y81': 0, 'y82': 0, 'y83': 0}",Y,2995854,119767,"{'y00': 1, 'y01': 1, 'y02': 0, 'y03': 0, 'y10': 1, 'y11': 0, 'y12': 0, 'y13': 0, 'y20': 1, 'y21': 0, 'y22': 0, 'y23': 0, 'y30': 1, 'y31': 1, 'y32': 1, 'y33': 0, 'y40': 1, 'y41': 1, 'y42': 0, 'y43': 0, 'y50': 1, 'y51': 0, 'y52': 1, 'y53': 0, 'y60': 1, 'y61': 0, 'y62': 0, 'y63': 0}"
1,138,Y,2999542,76656,"{'y00': 1, 'y01': 1, 'y02': 0, 'y10': 0, 'y11': 0, 'y12': 0, 'y20': 0, 'y21': 0, 'y22': 0, 'y30': 1, 'y31': 0, 'y32': 0, 'y40': 0, 'y41': 0, 'y42': 0, 'y50': 0, 'y51': 0, 'y52': 1, 'y60': 1, 'y61': 0, 'y62': 0, 'y70': 1, 'y71': 1, 'y72': 0, 'y80': 0, 'y81': 0, 'y82': 0}",Y,2996522,129464,"{'y00': 1, 'y01': 0, 'y02': 0, 'y03': 0, 'y10': 1, 'y11': 1, 'y12': 0, 'y13': 0, 'y20': 1, 'y21': 1, 'y22': 1, 'y23': 0, 'y30': 1, 'y31': 0, 'y32': 0, 'y33': 0, 'y40': 1, 'y41': 1, 'y42': 0, 'y43': 0, 'y50': 1, 'y51': 1, 'y52': 1, 'y53': 0}"
2,172,Y,2996851,80313,"{'y00': 1, 'y01': 1, 'y02': 0, 'y10': 0, 'y11': 0, 'y12': 0, 'y20': 0, 'y21': 0, 'y22': 0, 'y30': 1, 'y31': 0, 'y32': 0, 'y40': 0, 'y41': 0, 'y42': 0, 'y50': 0, 'y51': 1, 'y52': 0, 'y60': 0, 'y61': 0, 'y62': 0, 'y70': 1, 'y71': 0, 'y72': 0, 'y80': 0, 'y81': 1, 'y82': 0, 'y90': 0, 'y91': 1, 'y92': 0}",Y,2983951,128656,"{'y00': 1, 'y01': 1, 'y02': 0, 'y10': 1, 'y11': 0, 'y12': 0, 'y20': 1, 'y21': 0, 'y22': 1, 'y30': 0, 'y31': 0, 'y32': 0, 'y40': 0, 'y41': 1, 'y42': 0, 'y50': 1, 'y51': 1, 'y52': 0, 'y60': 0, 'y61': 0, 'y62': 0}"
3,279,Y,2983023,97552,"{'y00': 0, 'y01': 0, 'y02': 0, 'y10': 0, 'y11': 0, 'y12': 0, 'y20': 0, 'y21': 0, 'y22': 0, 'y30': 1, 'y31': 1, 'y32': 0, 'y40': 0, 'y41': 0, 'y42': 0, 'y50': 1, 'y51': 0, 'y52': 1, 'y60': 0, 'y61': 0, 'y62': 0, 'y70': 1, 'y71': 1, 'y72': 0, 'y80': 0, 'y81': 0, 'y82': 0, 'y90': 0, 'y91': 0, 'y92': 0}",Y,2987468,131406,"{'y00': 1, 'y01': 1, 'y02': 0, 'y10': 0, 'y11': 0, 'y12': 0, 'y20': 0, 'y21': 0, 'y22': 0, 'y30': 0, 'y31': 0, 'y32': 1, 'y40': 0, 'y41': 1, 'y42': 0, 'y50': 1, 'y51': 1, 'y52': 0, 'y60': 1, 'y61': 0, 'y62': 0, 'y70': 0, 'y71': 0, 'y72': 0}"
4,313,Y,2997345,118840,"{'y00': 0, 'y01': 0, 'y02': 0, 'y03': 0, 'y04': 0, 'y10': 1, 'y11': 0, 'y12': 0, 'y13': 0, 'y14': 0, 'y20': 1, 'y21': 0, 'y22': 0, 'y23': 0, 'y24': 0, 'y30': 1, 'y31': 1, 'y32': 0, 'y33': 0, 'y34': 0, 'y40': 1, 'y41': 1, 'y42': 0, 'y43': 0, 'y44': 0, 'y50': 0, 'y51': 0, 'y52': 1, 'y53': 0, 'y54': 0, 'y60': 1, 'y61': 1, 'y62': 0, 'y63': 1, 'y64': 0, 'y70': 1, 'y71': 1, 'y72': 0, 'y73': 1, 'y74': 0}",Y,2992847,156653,"{'y00': 1, 'y01': 0, 'y02': 0, 'y03': 0, 'y10': 0, 'y11': 0, 'y12': 0, 'y13': 0, 'y20': 0, 'y21': 0, 'y22': 0, 'y23': 0, 'y30': 1, 'y31': 1, 'y32': 0, 'y33': 0, 'y40': 1, 'y41': 0, 'y42': 0, 'y43': 0, 'y50': 1, 'y51': 0, 'y52': 0, 'y53': 0, 'y60': 1, 'y61': 1, 'y62': 1, 'y63': 0, 'y70': 0, 'y71': 1, 'y72': 1, 'y73': 0, 'y80': 0, 'y81': 0, 'y82': 0, 'y83': 0}"
5,383,Y,2982290,127025,"{'y00': 0, 'y01': 0, 'y02': 0, 'y03': 0, 'y10': 1, 'y11': 0, 'y12': 0, 'y13': 0, 'y20': 0, 'y21': 0, 'y22': 0, 'y23': 0, 'y30': 0, 'y31': 0, 'y32': 1, 'y33': 0, 'y40': 1, 'y41': 0, 'y42': 1, 'y43': 0, 'y50': 0, 'y51': 0, 'y52': 0, 'y53': 0, 'y60': 1, 'y61': 0, 'y62': 0, 'y63': 0, 'y70': 1, 'y71': 0, 'y72': 0, 'y73': 1}",Y,2980792,164797,"{'y00': 1, 'y01': 0, 'y02': 0, 'y03': 0, 'y04': 0, 'y10': 0, 'y11': 0, 'y12': 0, 'y13': 0, 'y14': 0, 'y20': 0, 'y21': 1, 'y22': 0, 'y23': 0, 'y24': 0, 'y30': 0, 'y31': 1, 'y32': 0, 'y33': 0, 'y34': 0, 'y40': 0, 'y41': 1, 'y42': 1, 'y43': 1, 'y44': 0, 'y50': 0, 'y51': 0, 'y52': 0, 'y53': 1, 'y54': 0, 'y60': 0, 'y61': 1, 'y62': 1, 'y63': 0, 'y64': 0, 'y70': 1, 'y71': 0, 'y72': 0, 'y73': 0, 'y74': 0}"
6,469,Y,2984879,118650,"{'y00': 0, 'y01': 0, 'y02': 0, 'y10': 0, 'y11': 0, 'y12': 0, 'y20': 0, 'y21': 0, 'y22': 0, 'y30': 1, 'y31': 0, 'y32': 0, 'y40': 1, 'y41': 0, 'y42': 0, 'y50': 0, 'y51': 0, 'y52': 0, 'y60': 1, 'y61': 1, 'y62': 0, 'y70': 0, 'y71': 0, 'y72': 1, 'y80': 0, 'y81': 0, 'y82': 0, 'y90': 0, 'y91': 1, 'y92': 0}",Y,2985042,140902,"{'y00': 0, 'y01': 0, 'y02': 0, 'y03': 0, 'y10': 0, 'y11': 0, 'y12': 0, 'y13': 0, 'y20': 1, 'y21': 0, 'y22': 0, 'y23': 0, 'y30': 1, 'y31': 0, 'y32': 0, 'y33': 0, 'y40': 1, 'y41': 0, 'y42': 0, 'y43': 1, 'y50': 1, 'y51': 0, 'y52': 1, 'y53': 0, 'y60': 0, 'y61': 0, 'y62': 1, 'y63': 0, 'y70': 0, 'y71': 0, 'y72': 0, 'y73': 0}"
7,533,Y,2998124,134852,"{'y00': 0, 'y01': 0, 'y02': 0, 'y03': 0, 'y04': 0, 'y10': 0, 'y100': 1, 'y101': 1, 'y102': 0, 'y103': 1, 'y104': 0, 'y11': 0, 'y12': 0, 'y13': 0, 'y14': 0, 'y20': 0, 'y21': 0, 'y22': 0, 'y23': 0, 'y24': 0, 'y30': 0, 'y31': 0, 'y32': 0, 'y33': 0, 'y34': 0, 'y40': 0, 'y41': 0, 'y42': 0, 'y43': 0, 'y44': 0, 'y50': 1, 'y51': 1, 'y52': 0, 'y53': 0, 'y54': 0, 'y60': 0, 'y61': 0, 'y62': 0, 'y63': 0, 'y64': 0, 'y70': 1, 'y71': 1, 'y72': 0, 'y73': 0, 'y74': 0, 'y80': 1, 'y81': 1, 'y82': 0, 'y83': 0, 'y84': 0, 'y90': 1, 'y91': 1, 'y92': 0, 'y93': 1, 'y94': 0}",Y,2997442,135452,"{'y00': 0, 'y01': 0, 'y02': 0, 'y10': 0, 'y11': 0, 'y12': 0, 'y20': 0, 'y21': 0, 'y22': 0, 'y30': 1, 'y31': 1, 'y32': 0, 'y40': 1, 'y41': 1, 'y42': 0, 'y50': 0, 'y51': 0, 'y52': 0, 'y60': 1, 'y61': 0, 'y62': 0, 'y70': 1, 'y71': 1, 'y72': 0, 'y80': 0, 'y81': 1, 'y82': 0}"
8,577,Y,2986046,117635,"{'y00': 0, 'y01': 1, 'y02': 0, 'y03': 0, 'y04': 0, 'y10': 1, 'y11': 0, 'y12': 0, 'y13': 0, 'y14': 0, 'y20': 0, 'y21': 0, 'y22': 0, 'y23': 0, 'y24': 0, 'y30': 0, 'y31': 1, 'y32': 0, 'y33': 0, 'y34': 0, 'y40': 1, 'y41': 0, 'y42': 1, 'y43': 0, 'y44': 0, 'y50': 1, 'y51': 1, 'y52': 0, 'y53': 1, 'y54': 0, 'y60': 0, 'y61': 0, 'y62': 1, 'y63': 1, 'y64': 0, 'y70': 1, 'y71': 0, 'y72': 0, 'y73': 0, 'y74': 0}",Y,2991486,162520,"{'y00': 0, 'y01': 0, 'y02': 0, 'y03': 0, 'y04': 0, 'y10': 0, 'y100': 1, 'y101': 0, 'y102': 0, 'y103': 0, 'y104': 0, 'y11': 0, 'y12': 0, 'y13': 0, 'y14': 0, 'y20': 0, 'y21': 0, 'y22': 0, 'y23': 0, 'y24': 0, 'y30': 1, 'y31': 1, 'y32': 0, 'y33': 0, 'y34': 0, 'y40': 1, 'y41': 0, 'y42': 0, 'y43': 0, 'y44': 0, 'y50': 0, 'y51': 1, 'y52': 1, 'y53': 0, 'y54': 0, 'y60': 1, 'y61': 0, 'y62': 0, 'y63': 0, 'y64': 0, 'y70': 1, 'y71': 1, 'y72': 1, 'y73': 0, 'y74': 0, 'y80': 1, 'y81': 1, 'y82': 0, 'y83': 0, 'y84': 0, 'y90': 1, 'y91': 0, 'y92': 0, 'y93': 1, 'y94': 0}"
9,649,Y,2994683,146220,"{'y00': 0, 'y01': 0, 'y02': 0, 'y03': 0, 'y04': 0, 'y10': 0, 'y11': 0, 'y12': 0, 'y13': 0, 'y14': 0, 'y20': 0, 'y21': 0, 'y22': 0, 'y23': 0, 'y24': 0, 'y30': 1, 'y31': 0, 'y32': 1, 'y33': 0, 'y34': 0, 'y40': 0, 'y41': 1, 'y42': 0, 'y43': 0, 'y44': 0, 'y50': 1, 'y51': 1, 'y52': 0, 'y53': 1, 'y54': 0, 'y60': 0, 'y61': 0, 'y62': 0, 'y63': 0, 'y64': 0, 'y70': 0, 'y71': 0, 'y72': 1, 'y73': 1, 'y74': 0, 'y80': 1, 'y81': 1, 'y82': 0, 'y83': 0, 'y84': 0}",Y,2995727,127366,"{'y00': 0, 'y01': 0, 'y02': 0, 'y10': 0, 'y100': 0, 'y101': 0, 'y102': 0, 'y11': 0, 'y12': 0, 'y20': 0, 'y21': 0, 'y22': 0, 'y30': 1, 'y31': 1, 'y32': 0, 'y40': 0, 'y41': 0, 'y42': 0, 'y50': 0, 'y51': 0, 'y52': 0, 'y60': 0, 'y61': 1, 'y62': 0, 'y70': 0, 'y71': 1, 'y72': 0, 'y80': 0, 'y81': 1, 'y82': 0, 'y90': 1, 'y91': 0, 'y92': 0}"
10,719,Y,2993158,134766,"{'y00': 1, 'y01': 0, 'y02': 0, 'y03': 0, 'y10': 0, 'y11': 0, 'y12': 0, 'y13': 0, 'y20': 0, 'y21': 0, 'y22': 0, 'y23': 0, 'y30': 1, 'y31': 0, 'y32': 0, 'y33': 0, 'y40': 1, 'y41': 1, 'y42': 0, 'y43': 0, 'y50': 0, 'y51': 0, 'y52': 1, 'y53': 0, 'y60': 0, 'y61': 1, 'y62': 0, 'y63': 0, 'y70': 1, 'y71': 1, 'y72': 1, 'y73': 0, 'y80': 1, 'y81': 0, 'y82': 0, 'y83': 0}",Y,2983939,166070,"{'y00': 1, 'y01': 0, 'y02': 0, 'y03': 0, 'y10': 0, 'y100': 0, 'y101': 0, 'y102': 0, 'y103': 0, 'y11': 0, 'y12': 0, 'y13': 0, 'y20': 0, 'y21': 0, 'y22': 0, 'y23': 0, 'y30': 0, 'y31': 0, 'y32': 0, 'y33': 0, 'y40': 1, 'y41': 1, 'y42': 0, 'y43': 0, 'y50': 0, 'y51': 0, 'y52': 0, 'y53': 0, 'y60': 1, 'y61': 0, 'y62': 0, 'y63': 0, 'y70': 1, 'y71': 1, 'y72': 1, 'y73': 0, 'y80': 1, 'y81': 0, 'y82': 1, 'y83': 0, 'y90': 0, 'y91': 0, 'y92': 0, 'y93': 0}"
11,740,Y,2998224,110968,"{'y00': 1, 'y01': 0, 'y02': 0, 'y03': 0, 'y10': 0, 'y11': 0, 'y12': 0, 'y13': 0, 'y20': 0, 'y21': 0, 'y22': 0, 'y23': 0, 'y30': 1, 'y31': 0, 'y32': 0, 'y33': 0, 'y40': 1, 'y41': 0, 'y42': 0, 'y43': 0, 'y50': 1, 'y51': 0, 'y52': 0, 'y53': 0, 'y60': 0, 'y61': 1, 'y62': 1, 'y63': 0, 'y70': 0, 'y71': 0, 'y72': 0, 'y73': 0, 'y80': 1, 'y81': 0, 'y82': 0, 'y83': 1}",Y,2985050,138189,"{'y00': 0, 'y01': 0, 'y02': 0, 'y10': 0, 'y11': 0, 'y12': 0, 'y20': 0, 'y21': 0, 'y22': 0, 'y30': 1, 'y31': 0, 'y32': 0, 'y40': 0, 'y41': 0, 'y42': 0, 'y50': 0, 'y51': 0, 'y52': 0, 'y60': 0, 'y61': 0, 'y62': 0, 'y70': 1, 'y71': 1, 'y72': 0, 'y80': 1, 'y81': 0, 'y82': 1, 'y90': 0, 'y91': 1, 'y92': 0}"
12,812,Y,2989809,94976,"{'y00': 0, 'y01': 0, 'y02': 0, 'y03': 0, 'y10': 0, 'y11': 0, 'y12': 0, 'y13': 0, 'y20': 0, 'y21': 0, 'y22': 0, 'y23': 0, 'y30': 0, 'y31': 1, 'y32': 0, 'y33': 0, 'y40': 0, 'y41': 0, 'y42': 1, 'y43': 0, 'y50': 0, 'y51': 0, 'y52': 0, 'y53': 0, 'y60': 0, 'y61': 1, 'y62': 1, 'y63': 0, 'y70': 0, 'y71': 1, 'y72': 0, 'y73': 0, 'y80': 0, 'y81': 0, 'y82': 0, 'y83': 0, 'y90': 0, 'y91': 0, 'y92': 1, 'y93': 0}",Y,2998067,164808,"{'y00': 0, 'y01': 0, 'y02': 0, 'y10': 0, 'y100': 0, 'y101': 1, 'y102': 0, 'y11': 0, 'y110': 1, 'y111': 0, 'y112': 0, 'y12': 0, 'y120': 1, 'y121': 0, 'y122': 0, 'y130': 0, 'y131': 0, 'y132': 0, 'y20': 0, 'y21': 0, 'y22': 0, 'y30': 0, 'y31': 0, 'y32': 0, 'y40': 0, 'y41': 0, 'y42': 0, 'y50': 1, 'y51': 0, 'y52': 0, 'y60': 1, 'y61': 0, 'y62': 0, 'y70': 1, 'y71': 0, 'y72': 0, 'y80': 0, 'y81': 0, 'y82': 0, 'y90': 0, 'y91': 0, 'y92': 0}"
13,849,Y,2996107,103563,"{'y00': 0, 'y01': 0, 'y02': 0, 'y10': 0, 'y100': 1, 'y101': 0, 'y102': 0, 'y11': 0, 'y12': 0, 'y20': 0, 'y21': 0, 'y22': 0, 'y30': 0, 'y31': 0, 'y32': 0, 'y40': 0, 'y41': 1, 'y42': 0, 'y50': 0, 'y51': 0, 'y52': 1, 'y60': 0, 'y61': 1, 'y62': 0, 'y70': 1, 'y71': 0, 'y72': 0, 'y80': 0, 'y81': 0, 'y82': 0, 'y90': 0, 'y91': 0, 'y92': 0}",Y,2985013,180592,"{'y00': 0, 'y01': 0, 'y02': 0, 'y03': 0, 'y04': 0, 'y10': 0, 'y11': 0, 'y12': 0, 'y13': 0, 'y14': 0, 'y20': 0, 'y21': 0, 'y22': 0, 'y23': 0, 'y24': 0, 'y30': 0, 'y31': 1, 'y32': 0, 'y33': 0, 'y34': 0, 'y40': 1, 'y41': 0, 'y42': 0, 'y43': 0, 'y44': 0, 'y50': 0, 'y51': 0, 'y52': 0, 'y53': 0, 'y54': 0, 'y60': 0, 'y61': 0, 'y62': 0, 'y63': 1, 'y64': 0, 'y70': 1, 'y71': 0, 'y72': 1, 'y73': 1, 'y74': 0, 'y80': 0, 'y81': 0, 'y82': 0, 'y83': 1, 'y84': 0, 'y90': 0, 'y91': 0, 'y92': 0, 'y93': 0, 'y94': 0}"
14,1046,Y,2984641,97557,"{'y00': 0, 'y01': 0, 'y02': 0, 'y03': 0, 'y10': 1, 'y100': 0, 'y101': 0, 'y102': 0, 'y103': 1, 'y11': 0, 'y12': 0, 'y13': 0, 'y20': 0, 'y21': 0, 'y22': 0, 'y23': 0, 'y30': 1, 'y31': 0, 'y32': 0, 'y33': 0, 'y40': 0, 'y41': 1, 'y42': 0, 'y43': 0, 'y50': 0, 'y51': 0, 'y52': 0, 'y53': 0, 'y60': 0, 'y61': 0, 'y62': 0, 'y63': 0, 'y70': 0, 'y71': 0, 'y72': 1, 'y73': 0, 'y80': 1, 'y81': 0, 'y82': 0, 'y83': 0, 'y90': 0, 'y91': 0, 'y92': 0, 'y93': 0}",Y,2993997,154896,"{'y00': 0, 'y01': 0, 'y02': 0, 'y03': 0, 'y10': 0, 'y11': 0, 'y12': 0, 'y13': 0, 'y20': 0, 'y21': 0, 'y22': 0, 'y23': 0, 'y30': 1, 'y31': 0, 'y32': 0, 'y33': 0, 'y40': 0, 'y41': 0, 'y42': 0, 'y43': 0, 'y50': 1, 'y51': 1, 'y52': 0, 'y53': 0, 'y60': 1, 'y61': 0, 'y62': 1, 'y63': 0, 'y70': 0, 'y71': 0, 'y72': 1, 'y73': 0, 'y80': 0, 'y81': 1, 'y82': 1, 'y83': 0}"
15,1077,Y,2981562,112606,"{'y00': 0, 'y01': 0, 'y02': 0, 'y10': 0, 'y100': 0, 'y101': 1, 'y102': 0, 'y11': 0, 'y110': 1, 'y111': 0, 'y112': 0, 'y12': 0, 'y20': 0, 'y21': 0, 'y22': 0, 'y30': 0, 'y31': 0, 'y32': 0, 'y40': 0, 'y41': 0, 'y42': 0, 'y50': 1, 'y51': 0, 'y52': 0, 'y60': 1, 'y61': 1, 'y62': 0, 'y70': 0, 'y71': 0, 'y72': 0, 'y80': 0, 'y81': 0, 'y82': 0, 'y90': 0, 'y91': 1, 'y92': 0}",Y,2984971,156196,"{'y00': 1, 'y01': 0, 'y02': 0, 'y03': 0, 'y04': 0, 'y10': 0, 'y11': 0, 'y12': 0, 'y13': 0, 'y14': 0, 'y20': 0, 'y21': 0, 'y22': 0, 'y23': 0, 'y24': 0, 'y30': 0, 'y31': 1, 'y32': 0, 'y33': 0, 'y34': 0, 'y40': 1, 'y41': 0, 'y42': 0, 'y43': 0, 'y44': 0, 'y50': 0, 'y51': 1, 'y52': 1, 'y53': 0, 'y54': 0, 'y60': 1, 'y61': 0, 'y62': 0, 'y63': 0, 'y64': 0, 'y70': 1, 'y71': 0, 'y72': 0, 'y73': 1, 'y74': 0, 'y80': 0, 'y81': 1, 'y82': 1, 'y83': 0, 'y84': 0, 'y90': 0, 'y91': 1, 'y92': 1, 'y93': 0, 'y94': 0}"
16,1136,Y,2984580,98042,"{'y00': 0, 'y01': 0, 'y02': 0, 'y03': 0, 'y10': 0, 'y100': 1, 'y101': 0, 'y102': 1, 'y103': 0, 'y11': 0, 'y110': 0, 'y111': 1, 'y112': 0, 'y113': 0, 'y12': 0, 'y13': 0, 'y20': 0, 'y21': 0, 'y22': 0, 'y23': 0, 'y30': 0, 'y31': 0, 'y32': 0, 'y33': 0, 'y40': 0, 'y41': 0, 'y42': 0, 'y43': 0, 'y50': 0, 'y51': 0, 'y52': 0, 'y53': 0, 'y60': 1, 'y61': 0, 'y62': 1, 'y63': 0, 'y70': 0, 'y71': 1, 'y72': 0, 'y73': 0, 'y80': 0, 'y81': 0, 'y82': 0, 'y83': 0, 'y90': 0, 'y91': 1, 'y92': 0, 'y93': 0}",Y,2999533,148167,"{'y00': 0, 'y01': 0, 'y02': 0, 'y03': 0, 'y04': 0, 'y10': 0, 'y11': 0, 'y12': 0, 'y13': 0, 'y14': 0, 'y20': 0, 'y21': 0, 'y22': 0, 'y23': 0, 'y24': 0, 'y30': 0, 'y31': 0, 'y32': 0, 'y33': 0, 'y34': 0, 'y40': 0, 'y41': 1, 'y42': 0, 'y43': 0, 'y44': 0, 'y50': 1, 'y51': 0, 'y52': 0, 'y53': 0, 'y54': 0, 'y60': 0, 'y61': 1, 'y62': 1, 'y63': 1, 'y64': 0, 'y70': 1, 'y71': 1, 'y72': 1, 'y73': 0, 'y74': 0, 'y80': 1, 'y81': 0, 'y82': 0, 'y83': 1, 'y84': 0}"
17,1141,Y,2997137,141263,"{'y00': 0, 'y01': 0, 'y02': 0, 'y03': 0, 'y04': 0, 'y10': 0, 'y100': 0, 'y101': 1, 'y102': 1, 'y103': 0, 'y104': 0, 'y11': 0, 'y110': 1, 'y111': 0, 'y112': 1, 'y113': 0, 'y114': 0, 'y12': 0, 'y13': 0, 'y14': 0, 'y20': 0, 'y21': 0, 'y22': 0, 'y23': 0, 'y24': 0, 'y30': 0, 'y31': 1, 'y32': 0, 'y33': 0, 'y34': 0, 'y40': 0, 'y41': 0, 'y42': 0, 'y43': 0, 'y44': 0, 'y50': 1, 'y51': 0, 'y52': 0, 'y53': 0, 'y54': 0, 'y60': 1, 'y61': 0, 'y62': 1, 'y63': 0, 'y64': 0, 'y70': 0, 'y71': 1, 'y72': 0, 'y73': 0, 'y74': 0, 'y80': 0, 'y81': 1, 'y82': 1, 'y83': 0, 'y84': 0, 'y90': 1, 'y91': 1, 'y92': 0, 'y93': 0, 'y94': 0}",Y,2986666,139439,"{'y00': 0, 'y01': 0, 'y02': 0, 'y03': 0, 'y10': 1, 'y11': 0, 'y12': 0, 'y13': 0, 'y20': 0, 'y21': 0, 'y22': 0, 'y23': 0, 'y30': 0, 'y31': 0, 'y32': 0, 'y33': 0, 'y40': 1, 'y41': 1, 'y42': 0, 'y43': 0, 'y50': 0, 'y51': 0, 'y52': 0, 'y53': 0, 'y60': 1, 'y61': 0, 'y62': 0, 'y63': 0, 'y70': 1, 'y71': 1, 'y72': 0, 'y73': 0, 'y80': 0, 'y81': 1, 'y82': 0, 'y83': 0, 'y90': 0, 'y91': 0, 'y92': 0, 'y93': 1}"
18,1170,Y,2998755,59776,"{'y00': 0, 'y01': 0, 'y02': 0, 'y10': 0, 'y100': 0, 'y101': 0, 'y102': 0, 'y11': 0, 'y12': 0, 'y20': 0, 'y21': 0, 'y22': 0, 'y30': 0, 'y31': 1, 'y32': 0, 'y40': 1, 'y41': 0, 'y42': 0, 'y50': 0, 'y51': 0, 'y52': 0, 'y60': 1, 'y61': 1, 'y62': 0, 'y70': 0, 'y71': 0, 'y72': 1, 'y80': 0, 'y81': 0, 'y82': 0, 'y90': 0, 'y91': 0, 'y92': 0}",Y,2993109,157831,"{'y00': 0, 'y01': 0, 'y02': 0, 'y03': 0, 'y10': 0, 'y100': 0, 'y101': 1, 'y102': 1, 'y103': 0, 'y11': 0, 'y110': 0, 'y111': 0, 'y112': 0, 'y113': 0, 'y12': 0, 'y120': 0, 'y121': 0, 'y122': 0, 'y123': 0, 'y13': 0, 'y20': 0, 'y21': 0, 'y22': 0, 'y23': 0, 'y30': 0, 'y31': 0, 'y32': 0, 'y33': 0, 'y40': 0, 'y41': 0, 'y42': 0, 'y43': 0, 'y50': 1, 'y51': 0, 'y52': 0, 'y53': 0, 'y60': 0, 'y61': 1, 'y62': 0, 'y63': 0, 'y70': 0, 'y71': 0, 'y72': 0, 'y73': 0, 'y80': 0, 'y81': 0, 'y82': 0, 'y83': 0, 'y90': 0, 'y91': 1, 'y92': 1, 'y93': 0}"
19,1380,Y,2994890,0,"{'y00': 0, 'y01': 0, 'y02': 0, 'y03': 0, 'y10': 0, 'y100': 0, 'y101': 0, 'y102': 1, 'y103': 0, 'y11': 0, 'y110': 1, 'y111': 1, 'y112': 0, 'y113': 0, 'y12': 0, 'y13': 0, 'y20': 0, 'y21': 0, 'y22': 0, 'y23': 0, 'y30': 0, 'y31': 0, 'y32': 0, 'y33': 0, 'y40': 1, 'y41': 0, 'y42': 0, 'y43': 0, 'y50': 0, 'y51': 1, 'y52': 0, 'y53': 0, 'y60': 0, 'y61': 0, 'y62': 0, 'y63': 0, 'y70': 0, 'y71': 0, 'y72': 0, 'y73': 0, 'y80': 0, 'y81': 0, 'y82': 0, 'y83': 0, 'y90': 0, 'y91': 1, 'y92': 1, 'y93': 0}",Y,2994785,172759,"{'y00': 0, 'y01': 0, 'y02': 0, 'y10': 0, 'y100': 0, 'y101': 0, 'y102': 0, 'y11': 0, 'y110': 0, 'y111': 0, 'y112': 0, 'y12': 0, 'y20': 0, 'y21': 0, 'y22': 0, 'y30': 0, 'y31': 0, 'y32': 0, 'y40': 1, 'y41': 0, 'y42': 0, 'y50': 0, 'y51': 0, 'y52': 0, 'y60': 0, 'y61': 0, 'y62': 1, 'y70': 1, 'y71': 0, 'y72': 0, 'y80': 1, 'y81': 1, 'y82': 0, 'y90': 0, 'y91': 0, 'y92': 0}"
20,1384,Y,2984913,91109,"{'y00': 0, 'y01': 0, 'y02': 0, 'y10': 0, 'y100': 0, 'y101': 0, 'y102': 0, 'y11': 0, 'y110': 1, 'y111': 0, 'y112': 0, 'y12': 0, 'y120': 0, 'y121': 0, 'y122': 0, 'y20': 0, 'y21': 0, 'y22': 0, 'y30': 0, 'y31': 0, 'y32': 0, 'y40': 0, 'y41': 1, 'y42': 0, 'y50': 0, 'y51': 0, 'y52': 0, 'y60': 0, 'y61': 0, 'y62': 0, 'y70': 1, 'y71': 1, 'y72': 0, 'y80': 1, 'y81': 0, 'y82': 0, 'y90': 1, 'y91': 0, 'y92': 0}",Y,2998455,145162,"{'y00': 0, 'y01': 0, 'y02': 0, 'y03': 0, 'y10': 0, 'y100': 0, 'y101': 1, 'y102': 1, 'y103': 0, 'y11': 0, 'y12': 0, 'y13': 0, 'y20': 0, 'y21': 0, 'y22': 0, 'y23': 0, 'y30': 0, 'y31': 0, 'y32': 0, 'y33': 0, 'y40': 0, 'y41': 0, 'y42': 0, 'y43': 0, 'y50': 0, 'y51': 0, 'y52': 0, 'y53': 0, 'y60': 0, 'y61': 1, 'y62': 0, 'y63': 0, 'y70': 0, 'y71': 1, 'y72': 0, 'y73': 0, 'y80': 1, 'y81': 0, 'y82': 1, 'y83': 0, 'y90': 0, 'y91': 1, 'y92': 0, 'y93': 0}"
21,1429,Y,2999651,153342,"{'y00': 0, 'y01': 0, 'y02': 0, 'y10': 0, 'y100': 0, 'y101': 0, 'y102': 0, 'y11': 0, 'y110': 1, 'y111': 1, 'y112': 0, 'y12': 0, 'y20': 0, 'y21': 0, 'y22': 0, 'y30': 0, 'y31': 0, 'y32': 0, 'y40': 0, 'y41': 0, 'y42': 0, 'y50': 1, 'y51': 0, 'y52': 0, 'y60': 1, 'y61': 1, 'y62': 0, 'y70': 0, 'y71': 0, 'y72': 0, 'y80': 0, 'y81': 0, 'y82': 0, 'y90': 0, 'y91': 1, 'y92': 0}",Y,3000342,130575,"{'y00': 0, 'y01': 0, 'y02': 0, 'y10': 0, 'y100': 0, 'y101': 1, 'y102': 0, 'y11': 0, 'y12': 0, 'y20': 0, 'y21': 0, 'y22': 0, 'y30': 0, 'y31': 0, 'y32': 0, 'y40': 0, 'y41': 1, 'y42': 0, 'y50': 1, 'y51': 1, 'y52': 0, 'y60': 0, 'y61': 0, 'y62': 0, 'y70': 0, 'y71': 0, 'y72': 0, 'y80': 1, 'y81': 1, 'y82': 0, 'y90': 0, 'y91': 0, 'y92': 0}"
22,1489,Y,2999649,160976,"{'y00': 0, 'y01': 0, 'y02': 0, 'y10': 0, 'y100': 1, 'y101': 1, 'y102': 0, 'y11': 0, 'y12': 0, 'y20': 0, 'y21': 0, 'y22': 0, 'y30': 0, 'y31': 0, 'y32': 0, 'y40': 0, 'y41': 0, 'y42': 0, 'y50': 1, 'y51': 0, 'y52': 0, 'y60': 1, 'y61': 1, 'y62': 0, 'y70': 0, 'y71': 0, 'y72': 0, 'y80': 1, 'y81': 0, 'y82': 0, 'y90': 0, 'y91': 1, 'y92': 0}",Y,2997027,76540,"{'y00': 0, 'y01': 0, 'y02': 0, 'y03': 0, 'y10': 0, 'y100': 1, 'y101': 1, 'y102': 0, 'y103': 0, 'y11': 0, 'y110': 0, 'y111': 0, 'y112': 1, 'y113': 0, 'y12': 0, 'y13': 0, 'y20': 1, 'y21': 0, 'y22': 0, 'y23': 0, 'y30': 1, 'y31': 0, 'y32': 0, 'y33': 0, 'y40': 1, 'y41': 0, 'y42': 0, 'y43': 0, 'y50': 1, 'y51': 0, 'y52': 0, 'y53': 0, 'y60': 0, 'y61': 1, 'y62': 0, 'y63': 0, 'y70': 0, 'y71': 1, 'y72': 0, 'y73': 0, 'y80': 1, 'y81': 0, 'y82': 0, 'y83': 0, 'y90': 0, 'y91': 0, 'y92': 0, 'y93': 0}"
23,1691,Y,2985812,137565,"{'y00': 0, 'y01': 0, 'y02': 0, 'y10': 0, 'y11': 0, 'y12': 0, 'y20': 0, 'y21': 0, 'y22': 0, 'y30': 0, 'y31': 0, 'y32': 0, 'y40': 0, 'y41': 0, 'y42': 0, 'y50': 1, 'y51': 0, 'y52': 0, 'y60': 0, 'y61': 0, 'y62': 0, 'y70': 1, 'y71': 1, 'y72': 0, 'y80': 1, 'y81': 1, 'y82': 0, 'y90': 0, 'y91': 0, 'y92': 1}",Y,2988532,163364,"{'y00': 0, 'y01': 1, 'y02': 0, 'y03': 0, 'y04': 0, 'y10': 0, 'y100': 1, 'y101': 0, 'y102': 0, 'y103': 1, 'y104': 0, 'y11': 0, 'y12': 0, 'y13': 0, 'y14': 0, 'y20': 0, 'y21': 0, 'y22': 0, 'y23': 0, 'y24': 0, 'y30': 0, 'y31': 0, 'y32': 0, 'y33': 0, 'y34': 0, 'y40': 0, 'y41': 0, 'y42': 0, 'y43': 0, 'y44': 0, 'y50': 0, 'y51': 1, 'y52': 0, 'y53': 0, 'y54': 0, 'y60': 0, 'y61': 0, 'y62': 1, 'y63': 0, 'y64': 0, 'y70': 1, 'y71': 1, 'y72': 1, 'y73': 0, 'y74': 0, 'y80': 1, 'y81': 1, 'y82': 0, 'y83': 0, 'y84': 0, 'y90': 0, 'y91': 0, 'y92': 1, 'y93': 0, 'y94': 0}"
24,1728,Y,2991686,104283,"{'y00': 0, 'y01': 0, 'y02': 0, 'y10': 0, 'y100': 1, 'y101': 1, 'y102': 0, 'y11': 0, 'y12': 0, 'y20': 0, 'y21': 0, 'y22': 0, 'y30': 0, 'y31': 0, 'y32': 0, 'y40': 0, 'y41': 1, 'y42': 0, 'y50': 0, 'y51': 0, 'y52': 0, 'y60': 0, 'y61': 1, 'y62': 0, 'y70': 0, 'y71': 0, 'y72': 0, 'y80': 1, 'y81': 1, 'y82': 0, 'y90': 0, 'y91': 0, 'y92': 0}",Y,2987248,152857,"{'y00': 0, 'y01': 0, 'y02': 0, 'y03': 0, 'y10': 0, 'y100': 1, 'y101': 0, 'y102': 1, 'y103': 0, 'y11': 0, 'y110': 1, 'y111': 1, 'y112': 0, 'y113': 0, 'y12': 0, 'y13': 0, 'y20': 1, 'y21': 0, 'y22': 0, 'y23': 0, 'y30': 0, 'y31': 0, 'y32': 0, 'y33': 0, 'y40': 1, 'y41': 0, 'y42': 0, 'y43': 0, 'y50': 0, 'y51': 1, 'y52': 0, 'y53': 0, 'y60': 0, 'y61': 0, 'y62': 0, 'y63': 0, 'y70': 0, 'y71': 0, 'y72': 0, 'y73': 0, 'y80': 0, 'y81': 0, 'y82': 0, 'y83': 0, 'y90': 0, 'y91': 0, 'y92': 1, 'y93': 0}"
25,1802,Y,2994980,122283,"{'y00': 1, 'y01': 0, 'y02': 0, 'y03': 0, 'y04': 0, 'y10': 1, 'y100': 1, 'y101': 1, 'y102': 0, 'y103': 0, 'y104': 0, 'y11': 0, 'y110': 0, 'y111': 0, 'y112': 1, 'y113': 0, 'y114': 0, 'y12': 0, 'y120': 0, 'y121': 1, 'y122': 1, 'y123': 0, 'y124': 0, 'y13': 0, 'y130': 1, 'y131': 1, 'y132': 1, 'y133': 0, 'y134': 0, 'y14': 0, 'y20': 0, 'y21': 0, 'y22': 0, 'y23': 0, 'y24': 0, 'y30': 0, 'y31': 0, 'y32': 0, 'y33': 0, 'y34': 0, 'y40': 0, 'y41': 0, 'y42': 0, 'y43': 0, 'y44': 0, 'y50': 0, 'y51': 0, 'y52': 0, 'y53': 0, 'y54': 0, 'y60': 0, 'y61': 0, 'y62': 0, 'y63': 0, 'y64': 0, 'y70': 0, 'y71': 0, 'y72': 0, 'y73': 0, 'y74': 0, 'y80': 1, 'y81': 0, 'y82': 0, 'y83': 0, 'y84': 0, 'y90': 1, 'y91': 0, 'y92': 1, 'y93': 0, 'y94': 0}",Y,2990223,183473,"{'y00': 0, 'y01': 0, 'y02': 0, 'y03': 0, 'y04': 0, 'y10': 0, 'y100': 1, 'y101': 0, 'y102': 0, 'y103': 0, 'y104': 0, 'y11': 0, 'y110': 1, 'y111': 0, 'y112': 1, 'y113': 0, 'y114': 0, 'y12': 0, 'y120': 0, 'y121': 0, 'y122': 1, 'y123': 0, 'y124': 0, 'y13': 0, 'y130': 1, 'y131': 0, 'y132': 0, 'y133': 1, 'y134': 0, 'y14': 0, 'y20': 0, 'y21': 0, 'y22': 0, 'y23': 0, 'y24': 0, 'y30': 1, 'y31': 0, 'y32': 0, 'y33': 0, 'y34': 0, 'y40': 1, 'y41': 0, 'y42': 0, 'y43': 0, 'y44': 0, 'y50': 1, 'y51': 0, 'y52': 0, 'y53': 0, 'y54': 0, 'y60': 0, 'y61': 0, 'y62': 0, 'y63': 0, 'y64': 0, 'y70': 1, 'y71': 0, 'y72': 1, 'y73': 0, 'y74': 0, 'y80': 1, 'y81': 0, 'y82': 0, 'y83': 0, 'y84': 0, 'y90': 0, 'y91': 0, 'y92': 0, 'y93': 0, 'y94': 0}"
26,1901,Y,2999224,152911,"{'y00': 0, 'y01': 0, 'y02': 0, 'y03': 0, 'y04': 0, 'y10': 0, 'y100': 0, 'y101': 1, 'y102': 1, 'y103': 0, 'y104': 0, 'y11': 0, 'y110': 0, 'y111': 1, 'y112': 0, 'y113': 0, 'y114': 0, 'y12': 0, 'y120': 1, 'y121': 0, 'y122': 1, 'y123': 0, 'y124': 0, 'y13': 0, 'y130': 1, 'y131': 1, 'y132': 1, 'y133': 0, 'y134': 0, 'y14': 0, 'y20': 1, 'y21': 0, 'y22': 0, 'y23': 0, 'y24': 0, 'y30': 1, 'y31': 0, 'y32': 0, 'y33': 0, 'y34': 0, 'y40': 0, 'y41': 0, 'y42': 0, 'y43': 0, 'y44': 0, 'y50': 0, 'y51': 0, 'y52': 0, 'y53': 0, 'y54': 0, 'y60': 0, 'y61': 1, 'y62': 0, 'y63': 0, 'y64': 0, 'y70': 1, 'y71': 1, 'y72': 0, 'y73': 0, 'y74': 0, 'y80': 1, 'y81': 0, 'y82': 0, 'y83': 0, 'y84': 0, 'y90': 0, 'y91': 0, 'y92': 0, 'y93': 0, 'y94': 0}",Y,2988970,163661,"{'y00': 0, 'y01': 0, 'y02': 0, 'y03': 0, 'y10': 0, 'y100': 0, 'y101': 0, 'y102': 0, 'y103': 0, 'y11': 0, 'y110': 0, 'y111': 0, 'y112': 0, 'y113': 0, 'y12': 0, 'y120': 0, 'y121': 0, 'y122': 1, 'y123': 0, 'y13': 0, 'y130': 1, 'y131': 1, 'y132': 0, 'y133': 0, 'y20': 0, 'y21': 0, 'y22': 0, 'y23': 0, 'y30': 0, 'y31': 0, 'y32': 0, 'y33': 0, 'y40': 0, 'y41': 0, 'y42': 0, 'y43': 0, 'y50': 0, 'y51': 0, 'y52': 0, 'y53': 0, 'y60': 0, 'y61': 0, 'y62': 0, 'y63': 0, 'y70': 0, 'y71': 1, 'y72': 0, 'y73': 0, 'y80': 1, 'y81': 0, 'y82': 0, 'y83': 0, 'y90': 0, 'y91': 0, 'y92': 1, 'y93': 0}"
27,1918,Y,2987839,127780,"{'y00': 0, 'y01': 0, 'y02': 0, 'y10': 0, 'y100': 0, 'y101': 0, 'y102': 0, 'y11': 0, 'y110': 1, 'y111': 1, 'y112': 0, 'y12': 0, 'y20': 0, 'y21': 0, 'y22': 0, 'y30': 0, 'y31': 0, 'y32': 0, 'y40': 0, 'y41': 0, 'y42': 0, 'y50': 0, 'y51': 0, 'y52': 0, 'y60': 0, 'y61': 0, 'y62': 0, 'y70': 0, 'y71': 0, 'y72': 1, 'y80': 0, 'y81': 0, 'y82': 0, 'y90': 0, 'y91': 1, 'y92': 0}",Y,2995072,169214,"{'y00': 0, 'y01': 0, 'y02': 0, 'y03': 0, 'y04': 0, 'y10': 0, 'y100': 1, 'y101': 1, 'y102': 1, 'y103': 0, 'y104': 0, 'y11': 0, 'y110': 1, 'y111': 0, 'y112': 1, 'y113': 0, 'y114': 0, 'y12': 0, 'y13': 0, 'y14': 0, 'y20': 0, 'y21': 0, 'y22': 0, 'y23': 0, 'y24': 0, 'y30': 0, 'y31': 1, 'y32': 0, 'y33': 0, 'y34': 0, 'y40': 0, 'y41': 0, 'y42': 0, 'y43': 0, 'y44': 0, 'y50': 0, 'y51': 0, 'y52': 0, 'y53': 0, 'y54': 0, 'y60': 0, 'y61': 0, 'y62': 0, 'y63': 0, 'y64': 0, 'y70': 0, 'y71': 0, 'y72': 1, 'y73': 0, 'y74': 0, 'y80': 0, 'y81': 1, 'y82': 0, 'y83': 0, 'y84': 0, 'y90': 0, 'y91': 1, 'y92': 0, 'y93': 1, 'y94': 0}"
28,1937,Y,2987041,168144,"{'y00': 0, 'y01': 0, 'y02': 0, 'y03': 0, 'y04': 0, 'y10': 0, 'y100': 0, 'y101': 0, 'y102': 0, 'y103': 1, 'y104': 0, 'y11': 0, 'y110': 0, 'y111': 1, 'y112': 1, 'y113': 1, 'y114': 0, 'y12': 0, 'y13': 0, 'y14': 0, 'y20': 0, 'y21': 0, 'y22': 0, 'y23': 0, 'y24': 0, 'y30': 0, 'y31': 1, 'y32': 0, 'y33': 0, 'y34': 0, 'y40': 1, 'y41': 0, 'y42': 0, 'y43': 0, 'y44': 0, 'y50': 0, 'y51': 0, 'y52': 0, 'y53': 0, 'y54': 0, 'y60': 0, 'y61': 0, 'y62': 1, 'y63': 0, 'y64': 0, 'y70': 0, 'y71': 0, 'y72': 0, 'y73': 0, 'y74': 0, 'y80': 0, 'y81': 0, 'y82': 0, 'y83': 0, 'y84': 0, 'y90': 1, 'y91': 0, 'y92': 0, 'y93': 0, 'y94': 0}",Y,2981047,137009,"{'y00': 0, 'y01': 0, 'y02': 0, 'y10': 0, 'y100': 1, 'y101': 1, 'y102': 0, 'y11': 0, 'y110': 1, 'y111': 1, 'y112': 0, 'y12': 0, 'y120': 1, 'y121': 0, 'y122': 0, 'y20': 0, 'y21': 0, 'y22': 0, 'y30': 0, 'y31': 0, 'y32': 0, 'y40': 1, 'y41': 0, 'y42': 0, 'y50': 0, 'y51': 0, 'y52': 0, 'y60': 0, 'y61': 0, 'y62': 0, 'y70': 0, 'y71': 0, 'y72': 0, 'y80': 0, 'y81': 0, 'y82': 0, 'y90': 0, 'y91': 0, 'y92': 0}"
29,2068,Y,2991181,150737,"{'y00': 0, 'y01': 0, 'y02': 0, 'y03': 0, 'y10': 0, 'y100': 1, 'y101': 1, 'y102': 1, 'y103': 0, 'y11': 0, 'y110': 0, 'y111': 1, 'y112': 0, 'y113': 0, 'y12': 0, 'y13': 0, 'y20': 0, 'y21': 0, 'y22': 0, 'y23': 0, 'y30': 0, 'y31': 0, 'y32': 0, 'y33': 0, 'y40': 1, 'y41': 0, 'y42': 0, 'y43': 0, 'y50': 0, 'y51': 1, 'y52': 0, 'y53': 0, 'y60': 0, 'y61': 0, 'y62': 0, 'y63': 0, 'y70': 0, 'y71': 0, 'y72': 0, 'y73': 0, 'y80': 0, 'y81': 0, 'y82': 1, 'y83': 0, 'y90': 0, 'y91': 0, 'y92': 0, 'y93': 0}",Y,2987263,169819,"{'y00': 0, 'y01': 0, 'y02': 0, 'y10': 0, 'y100': 1, 'y101': 0, 'y102': 0, 'y11': 0, 'y110': 0, 'y111': 0, 'y112': 0, 'y12': 0, 'y120': 0, 'y121': 0, 'y122': 0, 'y130': 0, 'y131': 1, 'y132': 0, 'y140': 1, 'y141': 0, 'y142': 0, 'y20': 0, 'y21': 0, 'y22': 0, 'y30': 0, 'y31': 0, 'y32': 0, 'y40': 0, 'y41': 0, 'y42': 0, 'y50': 0, 'y51': 0, 'y52': 0, 'y60': 1, 'y61': 0, 'y62': 0, 'y70': 0, 'y71': 0, 'y72': 0, 'y80': 0, 'y81': 0, 'y82': 0, 'y90': 1, 'y91': 0, 'y92': 0}"