graph_index,Graph,Adjacency_list,a,d,APG_label_availability,Vertex_labels,Edge_labels,Gurobi_runtime/microseconds,Gurobi_num_vars,Gurobi_num_constrs,Gurobi_nonzero_coefs
0.0,Graph with 11 nodes and 24 edges,"[[0, 1, 0, 1, 1, 0, 0, 0, 0, 0, 0], [1, 0, 1, 0, 1, 1, 0, 0, 1, 1, 0], [0, 1, 0, 1, 0, 0, 1, 1, 0, 0, 1], [1, 0, 1, 0, 1, 1, 1, 0, 0, 0, 1], [1, 1, 0, 1, 0, 0, 1, 0, 0, 0, 1], [0, 1, 0, 1, 0, 0, 0, 0, 1, 1, 0], [0, 0, 1, 1, 1, 0, 0, 0, 1, 0, 1], [0, 0, 1, 0, 0, 0, 0, 0, 1, 1, 0], [0, 1, 0, 0, 0, 1, 1, 1, 0, 0, 0], [0, 1, 0, 0, 0, 1, 0, 1, 0, 0, 0], [0, 0, 1, 1, 1, 0, 1, 0, 0, 0, 0]]",24.0,4.0,Y,"{0: 48, 1: 44, 2: 28, 3: 56, 4: 32, 5: 40, 6: 64, 7: 36, 8: 60, 9: 24, 10: 52}","{(0, 1): 1, (0, 3): 19, (0, 4): 28, (1, 2): 6, (1, 4): 1, (1, 5): 1, (1, 8): 34, (1, 9): 1, (2, 3): 1, (2, 6): 19, (2, 7): 1, (2, 10): 1, (3, 4): 1, (3, 5): 26, (3, 6): 1, (3, 10): 8, (4, 6): 1, (4, 10): 1, (5, 8): 12, (5, 9): 1, (6, 8): 1, (6, 10): 42, (7, 8): 13, (7, 9): 22}",1337.0513916015625,145.0,33.0,411.0
0.0,Graph with 11 nodes and 24 edges,"[[0, 1, 0, 1, 1, 0, 0, 0, 0, 0, 0], [1, 0, 1, 0, 1, 1, 0, 0, 1, 1, 0], [0, 1, 0, 1, 0, 0, 1, 1, 0, 0, 1], [1, 0, 1, 0, 1, 1, 1, 0, 0, 0, 1], [1, 1, 0, 1, 0, 0, 1, 0, 0, 0, 1], [0, 1, 0, 1, 0, 0, 0, 0, 1, 1, 0], [0, 0, 1, 1, 1, 0, 0, 0, 1, 0, 1], [0, 0, 1, 0, 0, 0, 0, 0, 1, 1, 0], [0, 1, 0, 0, 0, 1, 1, 1, 0, 0, 0], [0, 1, 0, 0, 0, 1, 0, 1, 0, 0, 0], [0, 0, 1, 1, 1, 0, 1, 0, 0, 0, 0]]",25.0,3.0,Y,"{0: 37, 1: 46, 2: 31, 3: 55, 4: 52, 5: 28, 6: 40, 7: 25, 8: 43, 9: 34, 10: 49}","{(0, 1): 9, (0, 3): 1, (0, 4): 27, (1, 2): 1, (1, 4): 6, (1, 5): 2, (1, 8): 7, (1, 9): 21, (2, 3): 3, (2, 6): 1, (2, 7): 16, (2, 10): 10, (3, 4): 4, (3, 5): 6, (3, 6): 6, (3, 10): 35, (4, 6): 12, (4, 10): 3, (5, 8): 12, (5, 9): 8, (6, 8): 20, (6, 10): 1, (7, 8): 4, (7, 9): 5}",1049.9954223632812,145.0,33.0,411.0
1.0,Graph with 11 nodes and 20 edges,"[[0, 1, 0, 0, 0, 1, 0, 0, 0, 1, 1], [1, 0, 0, 1, 1, 0, 0, 0, 0, 0, 0], [0, 0, 0, 0, 0, 0, 0, 0, 0, 1, 0], [0, 1, 0, 0, 0, 1, 1, 0, 0, 0, 1], [0, 1, 0, 0, 0, 0, 0, 1, 1, 1, 1], [1, 0, 0, 1, 0, 0, 1, 0, 0, 0, 1], [0, 0, 0, 1, 0, 1, 0, 0, 0, 1, 0], [0, 0, 0, 0, 1, 0, 0, 0, 1, 0, 0], [0, 0, 0, 0, 1, 0, 0, 1, 0, 1, 0], [1, 0, 1, 0, 1, 0, 1, 0, 1, 0, 1], [1, 0, 0, 1, 1, 1, 0, 0, 0, 1, 0]]",27.0,9.0,Y,"{0: 45, 1: 36, 2: 27, 3: 63, 4: 54, 5: 117, 6: 81, 7: 90, 8: 72, 9: 99, 10: 108}","{(0, 1): 1, (0, 5): 42, (0, 9): 1, (0, 10): 1, (1, 3): 4, (1, 4): 31, (2, 9): 27, (3, 5): 8, (3, 6): 50, (3, 10): 1, (4, 7): 20, (4, 8): 1, (4, 9): 1, (4, 10): 1, (5, 6): 30, (5, 10): 37, (6, 9): 1, (7, 8): 70, (8, 9): 1, (9, 10): 68}",1997.9476928710938,141.0,33.0,403.0
2.0,Graph with 11 nodes and 23 edges,"[[0, 1, 0, 0, 1, 0, 1, 0, 0, 0, 1], [1, 0, 0, 1, 0, 1, 1, 0, 0, 0, 1], [0, 0, 0, 1, 0, 1, 1, 0, 0, 1, 0], [0, 1, 1, 0, 1, 0, 1, 1, 0, 0, 0], [1, 0, 0, 1, 0, 0, 0, 0, 1, 0, 1], [0, 1, 1, 0, 0, 0, 1, 1, 0, 1, 1], [1, 1, 1, 1, 0, 1, 0, 0, 0, 0, 0], [0, 0, 0, 1, 0, 1, 0, 0, 1, 1, 0], [0, 0, 0, 0, 1, 0, 0, 1, 0, 0, 0], [0, 0, 1, 0, 0, 1, 0, 1, 0, 0, 0], [1, 1, 0, 0, 1, 1, 0, 0, 0, 0, 0]]",14.0,2.0,Y,"{0: 22, 1: 30, 2: 32, 3: 26, 4: 34, 5: 14, 6: 20, 7: 18, 8: 24, 9: 28, 10: 16}","{(0, 1): 4, (0, 4): 8, (0, 6): 1, (0, 10): 9, (1, 3): 11, (1, 5): 5, (1, 6): 9, (1, 10): 1, (2, 3): 2, (2, 5): 1, (2, 6): 5, (2, 9): 24, (3, 4): 5, (3, 6): 1, (3, 7): 7, (4, 8): 17, (4, 10): 4, (5, 6): 4, (5, 7): 1, (5, 9): 1, (5, 10): 2, (7, 8): 7, (7, 9): 3}",86.06910705566406,144.0,33.0,409.0
2.0,Graph with 11 nodes and 23 edges,"[[0, 1, 0, 0, 1, 0, 1, 0, 0, 0, 1], [1, 0, 0, 1, 0, 1, 1, 0, 0, 0, 1], [0, 0, 0, 1, 0, 1, 1, 0, 0, 1, 0], [0, 1, 1, 0, 1, 0, 1, 1, 0, 0, 0], [1, 0, 0, 1, 0, 0, 0, 0, 1, 0, 1], [0, 1, 1, 0, 0, 0, 1, 1, 0, 1, 1], [1, 1, 1, 1, 0, 1, 0, 0, 0, 0, 0], [0, 0, 0, 1, 0, 1, 0, 0, 1, 1, 0], [0, 0, 0, 0, 1, 0, 0, 1, 0, 0, 0], [0, 0, 1, 0, 0, 1, 0, 1, 0, 0, 0], [1, 1, 0, 0, 1, 1, 0, 0, 0, 0, 0]]",17.0,5.0,Y,"{0: 62, 1: 27, 2: 67, 3: 32, 4: 42, 5: 22, 6: 52, 7: 37, 8: 57, 9: 17, 10: 47}","{(0, 1): 7, (0, 4): 1, (0, 6): 10, (0, 10): 44, (1, 3): 1, (1, 5): 17, (1, 6): 1, (1, 10): 1, (2, 3): 26, (2, 5): 1, (2, 6): 39, (2, 9): 1, (3, 4): 3, (3, 6): 1, (3, 7): 1, (4, 8): 37, (4, 10): 1, (5, 6): 1, (5, 7): 1, (5, 9): 1, (5, 10): 1, (7, 8): 20, (7, 9): 15}",1165.8668518066406,144.0,33.0,409.0
5.0,Graph with 11 nodes and 25 edges,"[[0, 1, 1, 0, 0, 0, 1, 1, 0, 0, 0], [1, 0, 1, 0, 0, 1, 1, 1, 1, 1, 1], [1, 1, 0, 0, 0, 0, 1, 1, 0, 1, 0], [0, 0, 0, 0, 1, 0, 1, 0, 0, 1, 0], [0, 0, 0, 1, 0, 0, 0, 1, 0, 1, 0], [0, 1, 0, 0, 0, 0, 0, 0, 0, 1, 1], [1, 1, 1, 1, 0, 0, 0, 0, 0, 0, 0], [1, 1, 1, 0, 1, 0, 0, 0, 0, 1, 0], [0, 1, 0, 0, 0, 0, 0, 0, 0, 1, 1], [0, 1, 1, 1, 1, 1, 0, 1, 1, 0, 1], [0, 1, 0, 0, 0, 1, 0, 0, 1, 1, 0]]",12.0,8.0,Y,"{0: 52, 1: 76, 2: 68, 3: 44, 4: 36, 5: 20, 6: 60, 7: 28, 8: 92, 9: 84, 10: 12}","{(0, 1): 30, (0, 2): 1, (0, 6): 12, (0, 7): 9, (1, 2): 5, (1, 5): 13, (1, 6): 3, (1, 7): 1, (1, 8): 21, (1, 9): 1, (1, 10): 2, (2, 6): 38, (2, 7): 16, (2, 9): 8, (3, 4): 34, (3, 6): 7, (3, 9): 3, (4, 7): 1, (4, 9): 1, (5, 9): 1, (5, 10): 6, (7, 9): 1, (8, 9): 68, (8, 10): 3, (9, 10): 1}",1231.1935424804688,146.0,33.0,413.0
5.0,Graph with 11 nodes and 25 edges,"[[0, 1, 1, 0, 0, 0, 1, 1, 0, 0, 0], [1, 0, 1, 0, 0, 1, 1, 1, 1, 1, 1], [1, 1, 0, 0, 0, 0, 1, 1, 0, 1, 0], [0, 0, 0, 0, 1, 0, 1, 0, 0, 1, 0], [0, 0, 0, 1, 0, 0, 0, 1, 0, 1, 0], [0, 1, 0, 0, 0, 0, 0, 0, 0, 1, 1], [1, 1, 1, 1, 0, 0, 0, 0, 0, 0, 0], [1, 1, 1, 0, 1, 0, 0, 0, 0, 1, 0], [0, 1, 0, 0, 0, 0, 0, 0, 0, 1, 1], [0, 1, 1, 1, 1, 1, 0, 1, 1, 0, 1], [0, 1, 0, 0, 0, 1, 0, 0, 1, 1, 0]]",15.0,9.0,Y,"{0: 105, 1: 60, 2: 42, 3: 51, 4: 69, 5: 33, 6: 87, 7: 78, 8: 24, 9: 15, 10: 96}","{(0, 1): 3, (0, 2): 18, (0, 6): 50, (0, 7): 34, (1, 2): 1, (1, 5): 1, (1, 6): 16, (1, 7): 1, (1, 8): 1, (1, 9): 1, (1, 10): 36, (2, 6): 9, (2, 7): 13, (2, 9): 1, (3, 4): 38, (3, 6): 12, (3, 9): 1, (4, 7): 29, (4, 9): 2, (5, 9): 1, (5, 10): 31, (7, 9): 1, (8, 9): 1, (8, 10): 22, (9, 10): 7}",1479.8641204833984,146.0,33.0,413.0
7.0,Graph with 11 nodes and 26 edges,"[[0, 1, 0, 1, 1, 0, 0, 0, 0, 0, 0], [1, 0, 1, 0, 0, 1, 0, 1, 1, 1, 1], [0, 1, 0, 0, 1, 0, 1, 1, 1, 1, 0], [1, 0, 0, 0, 0, 0, 0, 0, 1, 1, 0], [1, 0, 1, 0, 0, 0, 1, 1, 0, 0, 0], [0, 1, 0, 0, 0, 0, 1, 1, 1, 0, 1], [0, 0, 1, 0, 1, 1, 0, 0, 1, 0, 1], [0, 1, 1, 0, 1, 1, 0, 0, 1, 0, 0], [0, 1, 1, 1, 0, 1, 1, 1, 0, 0, 0], [0, 1, 1, 1, 0, 0, 0, 0, 0, 0, 1], [0, 1, 0, 0, 0, 1, 1, 0, 0, 1, 0]]",19.0,3.0,Y,"{0: 22, 1: 25, 2: 28, 3: 31, 4: 34, 5: 37, 6: 40, 7: 43, 8: 46, 9: 49, 10: 19}","{(0, 1): 19, (0, 3): 2, (0, 4): 1, (1, 2): 1, (1, 5): 1, (1, 7): 1, (1, 8): 1, (1, 9): 1, (1, 10): 1, (2, 4): 20, (2, 6): 1, (2, 7): 1, (2, 8): 1, (2, 9): 4, (3, 8): 1, (3, 9): 28, (4, 6): 1, (4, 7): 12, (5, 6): 1, (5, 7): 28, (5, 8): 6, (5, 10): 1, (6, 8): 36, (6, 10): 1, (7, 8): 1, (9, 10): 16}",997.0664978027344,147.0,33.0,415.0
7.0,Graph with 11 nodes and 26 edges,"[[0, 1, 0, 1, 1, 0, 0, 0, 0, 0, 0], [1, 0, 1, 0, 0, 1, 0, 1, 1, 1, 1], [0, 1, 0, 0, 1, 0, 1, 1, 1, 1, 0], [1, 0, 0, 0, 0, 0, 0, 0, 1, 1, 0], [1, 0, 1, 0, 0, 0, 1, 1, 0, 0, 0], [0, 1, 0, 0, 0, 0, 1, 1, 1, 0, 1], [0, 0, 1, 0, 1, 1, 0, 0, 1, 0, 1], [0, 1, 1, 0, 1, 1, 0, 0, 1, 0, 0], [0, 1, 1, 1, 0, 1, 1, 1, 0, 0, 0], [0, 1, 1, 1, 0, 0, 0, 0, 0, 0, 1], [0, 1, 0, 0, 0, 1, 1, 0, 0, 1, 0]]",21.0,5.0,Y,"{0: 26, 1: 31, 2: 36, 3: 41, 4: 46, 5: 51, 6: 56, 7: 61, 8: 66, 9: 71, 10: 21}","{(0, 1): 24, (0, 3): 1, (0, 4): 1, (1, 2): 2, (1, 5): 1, (1, 7): 1, (1, 8): 1, (1, 9): 1, (1, 10): 1, (2, 4): 18, (2, 6): 1, (2, 7): 1, (2, 8): 1, (2, 9): 13, (3, 8): 1, (3, 9): 39, (4, 6): 26, (4, 7): 1, (5, 6): 27, (5, 7): 9, (5, 8): 13, (5, 10): 1, (6, 8): 1, (6, 10): 1, (7, 8): 49, (9, 10): 18}",1149.892807006836,147.0,33.0,415.0
7.0,Graph with 11 nodes and 26 edges,"[[0, 1, 0, 1, 1, 0, 0, 0, 0, 0, 0], [1, 0, 1, 0, 0, 1, 0, 1, 1, 1, 1], [0, 1, 0, 0, 1, 0, 1, 1, 1, 1, 0], [1, 0, 0, 0, 0, 0, 0, 0, 1, 1, 0], [1, 0, 1, 0, 0, 0, 1, 1, 0, 0, 0], [0, 1, 0, 0, 0, 0, 1, 1, 1, 0, 1], [0, 0, 1, 0, 1, 1, 0, 0, 1, 0, 1], [0, 1, 1, 0, 1, 1, 0, 0, 1, 0, 0], [0, 1, 1, 1, 0, 1, 1, 1, 0, 0, 0], [0, 1, 1, 1, 0, 0, 0, 0, 0, 0, 1], [0, 1, 0, 0, 0, 1, 1, 0, 0, 1, 0]]",22.0,8.0,Y,"{0: 30, 1: 38, 2: 46, 3: 54, 4: 62, 5: 70, 6: 78, 7: 86, 8: 94, 9: 102, 10: 22}","{(0, 1): 28, (0, 3): 1, (0, 4): 1, (1, 2): 5, (1, 5): 1, (1, 7): 1, (1, 8): 1, (1, 9): 1, (1, 10): 1, (2, 4): 8, (2, 6): 1, (2, 7): 1, (2, 8): 1, (2, 9): 30, (3, 8): 1, (3, 9): 52, (4, 6): 52, (4, 7): 1, (5, 6): 23, (5, 7): 19, (5, 8): 26, (5, 10): 1, (6, 8): 1, (6, 10): 1, (7, 8): 64, (9, 10): 19}",1222.1336364746094,147.0,33.0,415.0
8.0,Graph with 11 nodes and 31 edges,"[[0, 1, 1, 1, 0, 0, 0, 0, 1, 1, 1], [1, 0, 1, 1, 0, 0, 0, 1, 1, 1, 1], [1, 1, 0, 0, 0, 0, 0, 1, 1, 1, 1], [1, 1, 0, 0, 0, 1, 0, 1, 0, 1, 1], [0, 0, 0, 0, 0, 0, 1, 1, 0, 0, 1], [0, 0, 0, 1, 0, 0, 0, 1, 1, 1, 1], [0, 0, 0, 0, 1, 0, 0, 1, 1, 1, 0], [0, 1, 1, 1, 1, 1, 1, 0, 0, 1, 0], [1, 1, 1, 0, 0, 1, 1, 0, 0, 0, 0], [1, 1, 1, 1, 0, 1, 1, 1, 0, 0, 0], [1, 1, 1, 1, 1, 1, 0, 0, 0, 0, 0]]",10.0,8.0,Y,"{0: 82, 1: 58, 2: 34, 3: 74, 4: 10, 5: 42, 6: 50, 7: 26, 8: 66, 9: 90, 10: 18}","{(0, 1): 24, (0, 2): 1, (0, 3): 1, (0, 8): 49, (0, 9): 1, (0, 10): 6, (1, 2): 29, (1, 3): 1, (1, 7): 1, (1, 8): 1, (1, 9): 1, (1, 10): 1, (2, 7): 1, (2, 8): 1, (2, 9): 1, (2, 10): 1, (3, 5): 19, (3, 7): 1, (3, 9): 51, (3, 10): 1, (4, 6): 1, (4, 7): 1, (4, 10): 8, (5, 7): 20, (5, 8): 1, (5, 9): 1, (5, 10): 1, (6, 7): 1, (6, 8): 14, (6, 9): 34, (7, 9): 1}",1672.0294952392578,152.0,33.0,425.0
9.0,Graph with 11 nodes and 31 edges,"[[0, 0, 0, 1, 1, 1, 1, 1, 0, 0, 1], [0, 0, 1, 1, 1, 1, 1, 1, 0, 0, 0], [0, 1, 0, 1, 0, 0, 1, 1, 0, 0, 1], [1, 1, 1, 0, 0, 0, 0, 0, 0, 0, 1], [1, 1, 0, 0, 0, 0, 1, 1, 0, 1, 0], [1, 1, 0, 0, 0, 0, 1, 1, 1, 1, 1], [1, 1, 1, 0, 1, 1, 0, 0, 0, 1, 1], [1, 1, 1, 0, 1, 1, 0, 0, 0, 0, 1], [0, 0, 0, 0, 0, 1, 0, 0, 0, 1, 1], [0, 0, 0, 0, 1, 1, 1, 0, 1, 0, 1], [1, 0, 1, 1, 0, 1, 1, 1, 1, 1, 0]]",10.0,8.0,Y,"{0: 90, 1: 82, 2: 74, 3: 66, 4: 58, 5: 50, 6: 42, 7: 34, 8: 26, 9: 18, 10: 10}","{(0, 3): 1, (0, 4): 1, (0, 5): 20, (0, 6): 36, (0, 7): 29, (0, 10): 3, (1, 2): 9, (1, 3): 2, (1, 4): 54, (1, 5): 15, (1, 6): 1, (1, 7): 1, (2, 3): 62, (2, 6): 1, (2, 7): 1, (2, 10): 1, (3, 10): 1, (4, 6): 1, (4, 7): 1, (4, 9): 1, (5, 6): 1, (5, 7): 1, (5, 8): 11, (5, 9): 1, (5, 10): 1, (6, 9): 1, (6, 10): 1, (7, 10): 1, (8, 9): 14, (8, 10): 1, (9, 10): 1}",676.1550903320312,152.0,33.0,425.0
11.0,Graph with 11 nodes and 25 edges,"[[0, 0, 0, 1, 1, 1, 0, 0, 0, 1, 0], [0, 0, 0, 1, 0, 0, 1, 0, 0, 0, 1], [0, 0, 0, 0, 1, 0, 1, 0, 1, 0, 1], [1, 1, 0, 0, 1, 0, 1, 0, 0, 1, 0], [1, 0, 1, 1, 0, 1, 0, 1, 1, 0, 0], [1, 0, 0, 0, 1, 0, 0, 0, 1, 0, 0], [0, 1, 1, 1, 0, 0, 0, 1, 1, 0, 1], [0, 0, 0, 0, 1, 0, 1, 0, 0, 0, 1], [0, 0, 1, 0, 1, 1, 1, 0, 0, 1, 1], [1, 0, 0, 1, 0, 0, 0, 0, 1, 0, 1], [0, 1, 1, 0, 0, 0, 1, 1, 1, 1, 0]]",7.0,7.0,Y,"{0: 70, 1: 14, 2: 63, 3: 49, 4: 77, 5: 35, 6: 28, 7: 56, 8: 42, 9: 7, 10: 21}","{(0, 3): 34, (0, 4): 1, (0, 5): 31, (0, 9): 4, (1, 3): 12, (1, 6): 1, (1, 10): 1, (2, 4): 17, (2, 6): 20, (2, 8): 22, (2, 10): 4, (3, 4): 1, (3, 6): 1, (3, 9): 1, (4, 5): 3, (4, 7): 44, (4, 8): 11, (5, 8): 1, (6, 7): 1, (6, 8): 4, (6, 10): 1, (7, 10): 11, (8, 9): 1, (8, 10): 3, (9, 10): 1}",49.82948303222656,146.0,33.0,413.0
11.0,Graph with 11 nodes and 25 edges,"[[0, 0, 0, 1, 1, 1, 0, 0, 0, 1, 0], [0, 0, 0, 1, 0, 0, 1, 0, 0, 0, 1], [0, 0, 0, 0, 1, 0, 1, 0, 1, 0, 1], [1, 1, 0, 0, 1, 0, 1, 0, 0, 1, 0], [1, 0, 1, 1, 0, 1, 0, 1, 1, 0, 0], [1, 0, 0, 0, 1, 0, 0, 0, 1, 0, 0], [0, 1, 1, 1, 0, 0, 0, 1, 1, 0, 1], [0, 0, 0, 0, 1, 0, 1, 0, 0, 0, 1], [0, 0, 1, 0, 1, 1, 1, 0, 0, 1, 1], [1, 0, 0, 1, 0, 0, 0, 0, 1, 0, 1], [0, 1, 1, 0, 0, 0, 1, 1, 1, 1, 0]]",12.0,6.0,Y,"{0: 18, 1: 24, 2: 30, 3: 36, 4: 42, 5: 48, 6: 54, 7: 60, 8: 66, 9: 12, 10: 72}","{(0, 3): 11, (0, 4): 5, (0, 5): 1, (0, 9): 1, (1, 3): 14, (1, 6): 1, (1, 10): 9, (2, 4): 1, (2, 6): 5, (2, 8): 1, (2, 10): 23, (3, 4): 1, (3, 6): 9, (3, 9): 1, (4, 5): 9, (4, 7): 10, (4, 8): 16, (5, 8): 38, (6, 7): 29, (6, 8): 1, (6, 10): 9, (7, 10): 21, (8, 9): 5, (8, 10): 5, (9, 10): 5}",1025.9151458740234,146.0,33.0,413.0
11.0,Graph with 11 nodes and 25 edges,"[[0, 0, 0, 1, 1, 1, 0, 0, 0, 1, 0], [0, 0, 0, 1, 0, 0, 1, 0, 0, 0, 1], [0, 0, 0, 0, 1, 0, 1, 0, 1, 0, 1], [1, 1, 0, 0, 1, 0, 1, 0, 0, 1, 0], [1, 0, 1, 1, 0, 1, 0, 1, 1, 0, 0], [1, 0, 0, 0, 1, 0, 0, 0, 1, 0, 0], [0, 1, 1, 1, 0, 0, 0, 1, 1, 0, 1], [0, 0, 0, 0, 1, 0, 1, 0, 0, 0, 1], [0, 0, 1, 0, 1, 1, 1, 0, 0, 1, 1], [1, 0, 0, 1, 0, 0, 0, 0, 1, 0, 1], [0, 1, 1, 0, 0, 0, 1, 1, 1, 1, 0]]",29.0,7.0,Y,"{0: 99, 1: 29, 2: 43, 3: 85, 4: 64, 5: 50, 6: 78, 7: 36, 8: 57, 9: 92, 10: 71}","{(0, 3): 1, (0, 4): 15, (0, 5): 1, (0, 9): 82, (1, 3): 1, (1, 6): 1, (1, 10): 27, (2, 4): 37, (2, 6): 1, (2, 8): 4, (2, 10): 1, (3, 4): 9, (3, 6): 73, (3, 9): 1, (4, 5): 1, (4, 7): 1, (4, 8): 1, (5, 8): 48, (6, 7): 1, (6, 8): 1, (6, 10): 1, (7, 10): 34, (8, 9): 2, (8, 10): 1, (9, 10): 7}",1370.9068298339844,146.0,33.0,413.0
14.0,Graph with 11 nodes and 35 edges,"[[0, 0, 0, 1, 0, 0, 0, 1, 0, 0, 1], [0, 0, 1, 0, 0, 1, 1, 1, 0, 1, 1], [0, 1, 0, 1, 0, 1, 0, 1, 0, 1, 1], [1, 0, 1, 0, 1, 0, 1, 1, 1, 1, 1], [0, 0, 0, 1, 0, 1, 1, 1, 1, 1, 1], [0, 1, 1, 0, 1, 0, 0, 0, 0, 0, 0], [0, 1, 0, 1, 1, 0, 0, 1, 1, 1, 1], [1, 1, 1, 1, 1, 0, 1, 0, 1, 0, 1], [0, 0, 0, 1, 1, 0, 1, 1, 0, 1, 1], [0, 1, 1, 1, 1, 0, 1, 0, 1, 0, 1], [1, 1, 1, 1, 1, 0, 1, 1, 1, 1, 0]]",27.0,9.0,Y,"{0: 108, 1: 81, 2: 45, 3: 90, 4: 27, 5: 54, 6: 63, 7: 99, 8: 36, 9: 72, 10: 117}","{(0, 3): 44, (0, 7): 63, (0, 10): 1, (1, 2): 1, (1, 5): 5, (1, 6): 57, (1, 7): 16, (1, 9): 1, (1, 10): 1, (2, 3): 13, (2, 5): 28, (2, 7): 1, (2, 9): 1, (2, 10): 1, (3, 4): 1, (3, 6): 1, (3, 7): 1, (3, 8): 1, (3, 9): 1, (3, 10): 28, (4, 5): 21, (4, 6): 1, (4, 7): 1, (4, 8): 1, (4, 9): 1, (4, 10): 1, (6, 7): 1, (6, 8): 1, (6, 9): 1, (6, 10): 1, (7, 8): 15, (7, 10): 1, (8, 9): 1, (8, 10): 17, (9, 10): 66}",1775.0263214111328,156.0,33.0,433.0
15.0,Graph with 11 nodes and 35 edges,"[[0, 0, 1, 0, 1, 1, 1, 1, 0, 1, 0], [0, 0, 1, 0, 1, 1, 0, 1, 0, 0, 1], [1, 1, 0, 1, 0, 1, 0, 0, 1, 1, 1], [0, 0, 1, 0, 1, 0, 0, 1, 1, 1, 0], [1, 1, 0, 1, 0, 1, 1, 0, 1, 1, 0], [1, 1, 1, 0, 1, 0, 0, 1, 1, 1, 1], [1, 0, 0, 0, 1, 0, 0, 1, 0, 1, 0], [1, 1, 0, 1, 0, 1, 1, 0, 1, 0, 1], [0, 0, 1, 1, 1, 1, 0, 1, 0, 1, 1], [1, 0, 1, 1, 1, 1, 1, 0, 1, 0, 1], [0, 1, 1, 0, 0, 1, 0, 1, 1, 1, 0]]",19.0,7.0,Y,"{0: 47, 1: 89, 2: 68, 3: 75, 4: 82, 5: 54, 6: 61, 7: 33, 8: 19, 9: 40, 10: 26}","{(0, 2): 1, (0, 4): 1, (0, 5): 6, (0, 6): 9, (0, 7): 1, (0, 9): 29, (1, 2): 18, (1, 4): 8, (1, 5): 24, (1, 7): 18, (1, 10): 21, (2, 3): 45, (2, 5): 1, (2, 8): 1, (2, 9): 1, (2, 10): 1, (3, 4): 10, (3, 7): 6, (3, 8): 13, (3, 9): 1, (4, 5): 15, (4, 6): 46, (4, 8): 1, (4, 9): 1, (5, 7): 1, (5, 8): 1, (5, 9): 5, (5, 10): 1, (6, 7): 5, (6, 9): 1, (7, 8): 1, (7, 10): 1, (8, 9): 1, (8, 10): 1, (9, 10): 1}",1395.9407806396484,156.0,33.0,433.0
15.0,Graph with 11 nodes and 35 edges,"[[0, 0, 1, 0, 1, 1, 1, 1, 0, 1, 0], [0, 0, 1, 0, 1, 1, 0, 1, 0, 0, 1], [1, 1, 0, 1, 0, 1, 0, 0, 1, 1, 1], [0, 0, 1, 0, 1, 0, 0, 1, 1, 1, 0], [1, 1, 0, 1, 0, 1, 1, 0, 1, 1, 0], [1, 1, 1, 0, 1, 0, 0, 1, 1, 1, 1], [1, 0, 0, 0, 1, 0, 0, 1, 0, 1, 0], [1, 1, 0, 1, 0, 1, 1, 0, 1, 0, 1], [0, 0, 1, 1, 1, 1, 0, 1, 0, 1, 1], [1, 0, 1, 1, 1, 1, 1, 0, 1, 0, 1], [0, 1, 1, 0, 0, 1, 0, 1, 1, 1, 0]]",20.0,8.0,Y,"{0: 92, 1: 76, 2: 44, 3: 84, 4: 60, 5: 52, 6: 68, 7: 36, 8: 20, 9: 100, 10: 28}","{(0, 2): 1, (0, 4): 13, (0, 5): 28, (0, 6): 40, (0, 7): 1, (0, 9): 9, (1, 2): 38, (1, 4): 6, (1, 5): 2, (1, 7): 12, (1, 10): 18, (2, 3): 1, (2, 5): 1, (2, 8): 1, (2, 9): 1, (2, 10): 1, (3, 4): 1, (3, 7): 1, (3, 8): 1, (3, 9): 80, (4, 5): 1, (4, 6): 26, (4, 8): 12, (4, 9): 1, (5, 7): 17, (5, 8): 1, (5, 9): 1, (5, 10): 1, (6, 7): 1, (6, 9): 1, (7, 8): 3, (7, 10): 1, (8, 9): 1, (8, 10): 1, (9, 10): 6}",1379.0130615234375,156.0,33.0,433.0
16.0,Graph with 11 nodes and 26 edges,"[[0, 0, 1, 1, 0, 1, 0, 0, 1, 1, 0], [0, 0, 1, 1, 0, 0, 0, 0, 0, 1, 1], [1, 1, 0, 0, 0, 0, 1, 1, 1, 1, 0], [1, 1, 0, 0, 0, 0, 0, 0, 0, 1, 0], [0, 0, 0, 0, 0, 1, 0, 0, 1, 1, 1], [1, 0, 0, 0, 1, 0, 0, 1, 1, 0, 0], [0, 0, 1, 0, 0, 0, 0, 1, 0, 1, 0], [0, 0, 1, 0, 0, 1, 1, 0, 0, 1, 1], [1, 0, 1, 0, 1, 1, 0, 0, 0, 1, 1], [1, 1, 1, 1, 1, 0, 1, 1, 1, 0, 0], [0, 1, 0, 0, 1, 0, 0, 1, 1, 0, 0]]",13.0,9.0,Y,"{0: 85, 1: 40, 2: 31, 3: 13, 4: 49, 5: 76, 6: 58, 7: 94, 8: 22, 9: 103, 10: 67}","{(0, 2): 1, (0, 3): 1, (0, 5): 13, (0, 8): 1, (0, 9): 69, (1, 2): 26, (1, 3): 1, (1, 9): 1, (1, 10): 12, (2, 6): 1, (2, 7): 1, (2, 8): 1, (2, 9): 1, (3, 9): 11, (4, 5): 1, (4, 8): 1, (4, 9): 1, (4, 10): 46, (5, 7): 52, (5, 8): 10, (6, 7): 39, (6, 9): 18, (7, 9): 1, (7, 10): 1, (8, 9): 1, (8, 10): 8}",1405.0006866455078,147.0,33.0,415.0
19.0,Graph with 11 nodes and 30 edges,"[[0, 1, 0, 1, 0, 1, 1, 0, 0, 1, 0], [1, 0, 1, 0, 0, 0, 0, 1, 1, 1, 0], [0, 1, 0, 1, 1, 0, 0, 1, 1, 1, 1], [1, 0, 1, 0, 0, 1, 0, 1, 0, 1, 0], [0, 0, 1, 0, 0, 0, 1, 1, 0, 1, 0], [1, 0, 0, 1, 0, 0, 1, 1, 1, 0, 1], [1, 0, 0, 0, 1, 1, 0, 1, 0, 0, 0], [0, 1, 1, 1, 1, 1, 1, 0, 1, 1, 1], [0, 1, 1, 0, 0, 1, 0, 1, 0, 0, 0], [1, 1, 1, 1, 1, 0, 0, 1, 0, 0, 1], [0, 0, 1, 0, 0, 1, 0, 1, 0, 1, 0]]",29.0,1.0,Y,"{0: 30, 1: 31, 2: 32, 3: 33, 4: 34, 5: 35, 6: 36, 7: 37, 8: 38, 9: 39, 10: 29}","{(0, 1): 26, (0, 3): 1, (0, 5): 1, (0, 6): 1, (0, 9): 1, (1, 2): 2, (1, 7): 1, (1, 8): 1, (1, 9): 1, (2, 3): 25, (2, 4): 1, (2, 7): 1, (2, 8): 1, (2, 9): 1, (2, 10): 1, (3, 5): 1, (3, 7): 5, (3, 9): 1, (4, 6): 19, (4, 7): 1, (4, 9): 13, (5, 6): 9, (5, 7): 1, (5, 8): 22, (5, 10): 1, (6, 7): 7, (7, 8): 14, (7, 9): 1, (7, 10): 6, (9, 10): 21}",1021.1467742919922,151.0,33.0,423.0
20.0,Graph with 11 nodes and 27 edges,"[[0, 1, 1, 0, 0, 1, 0, 0, 0, 1, 0], [1, 0, 1, 1, 0, 1, 1, 1, 1, 0, 0], [1, 1, 0, 0, 0, 1, 0, 1, 0, 0, 1], [0, 1, 0, 0, 1, 0, 1, 0, 0, 1, 0], [0, 0, 0, 1, 0, 1, 1, 0, 0, 0, 1], [1, 1, 1, 0, 1, 0, 1, 1, 1, 0, 0], [0, 1, 0, 1, 1, 1, 0, 0, 1, 0, 1], [0, 1, 1, 0, 0, 1, 0, 0, 0, 0, 1], [0, 1, 0, 0, 0, 1, 1, 0, 0, 0, 1], [1, 0, 0, 1, 0, 0, 0, 0, 0, 0, 1], [0, 0, 1, 0, 1, 0, 1, 1, 1, 1, 0]]",7.0,1.0,Y,"{0: 11, 1: 15, 2: 7, 3: 13, 4: 17, 5: 16, 6: 10, 7: 9, 8: 12, 9: 8, 10: 14}","{(0, 1): 3, (0, 2): 3, (0, 5): 2, (0, 9): 3, (1, 2): 1, (1, 3): 4, (1, 5): 1, (1, 6): 1, (1, 7): 1, (1, 8): 4, (2, 5): 1, (2, 7): 1, (2, 10): 1, (3, 4): 4, (3, 6): 1, (3, 9): 4, (4, 5): 5, (4, 6): 4, (4, 10): 4, (5, 6): 1, (5, 7): 1, (5, 8): 5, (6, 8): 2, (6, 10): 1, (7, 10): 6, (8, 10): 1, (9, 10): 1}",86.06910705566406,148.0,33.0,417.0
22.0,Graph with 11 nodes and 31 edges,"[[0, 0, 1, 1, 1, 0, 1, 1, 1, 1, 0], [0, 0, 1, 0, 0, 1, 1, 1, 1, 1, 1], [1, 1, 0, 0, 1, 0, 0, 1, 0, 1, 0], [1, 0, 0, 0, 1, 0, 0, 1, 1, 0, 1], [1, 0, 1, 1, 0, 0, 1, 1, 1, 1, 0], [0, 1, 0, 0, 0, 0, 1, 0, 0, 1, 0], [1, 1, 0, 0, 1, 1, 0, 1, 1, 0, 0], [1, 1, 1, 1, 1, 0, 1, 0, 1, 1, 0], [1, 1, 0, 1, 1, 0, 1, 1, 0, 0, 0], [1, 1, 1, 0, 1, 1, 0, 1, 0, 0, 0], [0, 1, 0, 1, 0, 0, 0, 0, 0, 0, 0]]",18.0,4.0,Y,"{0: 46, 1: 50, 2: 54, 3: 34, 4: 58, 5: 18, 6: 30, 7: 26, 8: 38, 9: 42, 10: 22}","{(0, 2): 13, (0, 3): 10, (0, 4): 14, (0, 6): 1, (0, 7): 6, (0, 8): 1, (0, 9): 1, (1, 2): 1, (1, 5): 9, (1, 6): 1, (1, 7): 1, (1, 8): 1, (1, 9): 36, (1, 10): 1, (2, 4): 38, (2, 7): 1, (2, 9): 1, (3, 4): 1, (3, 7): 1, (3, 8): 1, (3, 10): 21, (4, 6): 1, (4, 7): 1, (4, 8): 2, (4, 9): 1, (5, 6): 7, (5, 9): 2, (6, 7): 1, (6, 8): 19, (7, 8): 14, (7, 9): 1}",40.0543212890625,152.0,33.0,425.0
23.0,Graph with 11 nodes and 21 edges,"[[0, 1, 1, 0, 0, 0, 1, 1, 1, 0, 0], [1, 0, 0, 1, 0, 1, 0, 0, 1, 0, 0], [1, 0, 0, 0, 1, 0, 1, 0, 0, 1, 1], [0, 1, 0, 0, 1, 0, 0, 1, 0, 0, 1], [0, 0, 1, 1, 0, 1, 0, 1, 0, 0, 0], [0, 1, 0, 0, 1, 0, 0, 1, 0, 0, 0], [1, 0, 1, 0, 0, 0, 0, 1, 1, 0, 0], [1, 0, 0, 1, 1, 1, 1, 0, 0, 0, 0], [1, 1, 0, 0, 0, 0, 1, 0, 0, 0, 0], [0, 0, 1, 0, 0, 0, 0, 0, 0, 0, 1], [0, 0, 1, 1, 0, 0, 0, 0, 0, 1, 0]]",9.0,5.0,Y,"{0: 54, 1: 14, 2: 39, 3: 34, 4: 44, 5: 59, 6: 19, 7: 29, 8: 24, 9: 9, 10: 49}","{(0, 1): 1, (0, 2): 11, (0, 6): 7, (0, 7): 14, (0, 8): 21, (1, 3): 1, (1, 5): 10, (1, 8): 2, (2, 4): 2, (2, 6): 9, (2, 9): 4, (2, 10): 13, (3, 4): 1, (3, 7): 1, (3, 10): 31, (4, 5): 39, (4, 7): 2, (5, 7): 10, (6, 7): 2, (6, 8): 1, (9, 10): 5}",1095.0565338134766,142.0,33.0,405.0
23.0,Graph with 11 nodes and 21 edges,"[[0, 1, 1, 0, 0, 0, 1, 1, 1, 0, 0], [1, 0, 0, 1, 0, 1, 0, 0, 1, 0, 0], [1, 0, 0, 0, 1, 0, 1, 0, 0, 1, 1], [0, 1, 0, 0, 1, 0, 0, 1, 0, 0, 1], [0, 0, 1, 1, 0, 1, 0, 1, 0, 0, 0], [0, 1, 0, 0, 1, 0, 0, 1, 0, 0, 0], [1, 0, 1, 0, 0, 0, 0, 1, 1, 0, 0], [1, 0, 0, 1, 1, 1, 1, 0, 0, 0, 0], [1, 1, 0, 0, 0, 0, 1, 0, 0, 0, 0], [0, 0, 1, 0, 0, 0, 0, 0, 0, 0, 1], [0, 0, 1, 1, 0, 0, 0, 0, 0, 1, 0]]",11.0,1.0,Y,"{0: 21, 1: 20, 2: 19, 3: 18, 4: 17, 5: 16, 6: 15, 7: 14, 8: 13, 9: 12, 10: 11}","{(0, 1): 17, (0, 2): 1, (0, 6): 1, (0, 7): 1, (0, 8): 1, (1, 3): 1, (1, 5): 1, (1, 8): 1, (2, 4): 1, (2, 6): 2, (2, 9): 11, (2, 10): 4, (3, 4): 1, (3, 7): 10, (3, 10): 6, (4, 5): 14, (4, 7): 1, (5, 7): 1, (6, 7): 1, (6, 8): 11, (9, 10): 1}",535.0112915039062,142.0,33.0,405.0
23.0,Graph with 11 nodes and 21 edges,"[[0, 1, 1, 0, 0, 0, 1, 1, 1, 0, 0], [1, 0, 0, 1, 0, 1, 0, 0, 1, 0, 0], [1, 0, 0, 0, 1, 0, 1, 0, 0, 1, 1], [0, 1, 0, 0, 1, 0, 0, 1, 0, 0, 1], [0, 0, 1, 1, 0, 1, 0, 1, 0, 0, 0], [0, 1, 0, 0, 1, 0, 0, 1, 0, 0, 0], [1, 0, 1, 0, 0, 0, 0, 1, 1, 0, 0], [1, 0, 0, 1, 1, 1, 1, 0, 0, 0, 0], [1, 1, 0, 0, 0, 0, 1, 0, 0, 0, 0], [0, 0, 1, 0, 0, 0, 0, 0, 0, 0, 1], [0, 0, 1, 1, 0, 0, 0, 0, 0, 1, 0]]",16.0,6.0,Y,"{0: 64, 1: 46, 2: 76, 3: 34, 4: 52, 5: 40, 6: 28, 7: 22, 8: 70, 9: 16, 10: 58}","{(0, 1): 1, (0, 2): 48, (0, 6): 1, (0, 7): 12, (0, 8): 2, (1, 3): 1, (1, 5): 1, (1, 8): 43, (2, 4): 14, (2, 6): 1, (2, 9): 1, (2, 10): 12, (3, 4): 1, (3, 7): 1, (3, 10): 31, (4, 5): 34, (4, 7): 3, (5, 7): 5, (6, 7): 1, (6, 8): 25, (9, 10): 15}",2113.1038665771484,142.0,33.0,405.0
23.0,Graph with 11 nodes and 21 edges,"[[0, 1, 1, 0, 0, 0, 1, 1, 1, 0, 0], [1, 0, 0, 1, 0, 1, 0, 0, 1, 0, 0], [1, 0, 0, 0, 1, 0, 1, 0, 0, 1, 1], [0, 1, 0, 0, 1, 0, 0, 1, 0, 0, 1], [0, 0, 1, 1, 0, 1, 0, 1, 0, 0, 0], [0, 1, 0, 0, 1, 0, 0, 1, 0, 0, 0], [1, 0, 1, 0, 0, 0, 0, 1, 1, 0, 0], [1, 0, 0, 1, 1, 1, 1, 0, 0, 0, 0], [1, 1, 0, 0, 0, 0, 1, 0, 0, 0, 0], [0, 0, 1, 0, 0, 0, 0, 0, 0, 0, 1], [0, 0, 1, 1, 0, 0, 0, 0, 0, 1, 0]]",22.0,4.0,Y,"{0: 62, 1: 30, 2: 54, 3: 34, 4: 58, 5: 42, 6: 46, 7: 22, 8: 50, 9: 26, 10: 38}","{(0, 1): 5, (0, 2): 41, (0, 6): 3, (0, 7): 3, (0, 8): 10, (1, 3): 21, (1, 5): 3, (1, 8): 1, (2, 4): 1, (2, 6): 3, (2, 9): 3, (2, 10): 6, (3, 4): 3, (3, 7): 1, (3, 10): 9, (4, 5): 38, (4, 7): 16, (5, 7): 1, (6, 7): 1, (6, 8): 39, (9, 10): 23}",1612.9016876220703,142.0,33.0,405.0
24.0,Graph with 11 nodes and 25 edges,"[[0, 0, 0, 1, 1, 1, 1, 0, 0, 0, 1], [0, 0, 0, 1, 1, 1, 1, 0, 0, 0, 1], [0, 0, 0, 0, 0, 1, 0, 0, 1, 1, 0], [1, 1, 0, 0, 0, 1, 0, 1, 1, 0, 1], [1, 1, 0, 0, 0, 1, 0, 0, 0, 1, 0], [1, 1, 1, 1, 1, 0, 1, 1, 1, 0, 0], [1, 1, 0, 0, 0, 1, 0, 0, 0, 1, 0], [0, 0, 0, 1, 0, 1, 0, 0, 0, 1, 0], [0, 0, 1, 1, 0, 1, 0, 0, 0, 1, 0], [0, 0, 1, 0, 1, 0, 1, 1, 1, 0, 0], [1, 1, 0, 1, 0, 0, 0, 0, 0, 0, 0]]",13.0,9.0,Y,"{0: 85, 1: 49, 2: 103, 3: 67, 4: 31, 5: 76, 6: 58, 7: 13, 8: 40, 9: 94, 10: 22}","{(0, 3): 2, (0, 4): 13, (0, 5): 12, (0, 6): 40, (0, 10): 18, (1, 3): 13, (1, 4): 5, (1, 5): 14, (1, 6): 14, (1, 10): 3, (2, 5): 2, (2, 8): 15, (2, 9): 86, (3, 5): 26, (3, 7): 3, (3, 8): 22, (3, 10): 1, (4, 5): 12, (4, 9): 1, (5, 6): 3, (5, 7): 5, (5, 8): 2, (6, 9): 1, (7, 9): 5, (8, 9): 1}",1247.1675872802734,146.0,33.0,413.0
25.0,Graph with 11 nodes and 31 edges,"[[0, 1, 1, 1, 0, 1, 1, 1, 0, 1, 1], [1, 0, 1, 1, 0, 0, 1, 1, 0, 0, 1], [1, 1, 0, 1, 1, 0, 1, 0, 1, 0, 0], [1, 1, 1, 0, 0, 0, 1, 0, 1, 1, 1], [0, 0, 1, 0, 0, 1, 1, 0, 0, 1, 1], [1, 0, 0, 0, 1, 0, 1, 1, 1, 1, 0], [1, 1, 1, 1, 1, 1, 0, 0, 0, 0, 1], [1, 1, 0, 0, 0, 1, 0, 0, 1, 0, 0], [0, 0, 1, 1, 0, 1, 0, 1, 0, 0, 0], [1, 0, 0, 1, 1, 1, 0, 0, 0, 0, 0], [1, 1, 0, 1, 1, 0, 1, 0, 0, 0, 0]]",10.0,2.0,Y,"{0: 22, 1: 26, 2: 10, 3: 12, 4: 28, 5: 20, 6: 16, 7: 14, 8: 18, 9: 24, 10: 30}","{(0, 1): 7, (0, 2): 1, (0, 3): 1, (0, 5): 1, (0, 6): 4, (0, 7): 1, (0, 9): 1, (0, 10): 6, (1, 2): 5, (1, 3): 2, (1, 6): 6, (1, 7): 1, (1, 10): 5, (2, 3): 1, (2, 4): 1, (2, 6): 1, (2, 8): 1, (3, 6): 1, (3, 8): 5, (3, 9): 1, (3, 10): 1, (4, 5): 1, (4, 6): 2, (4, 9): 7, (4, 10): 17, (5, 6): 1, (5, 7): 1, (5, 8): 1, (5, 9): 15, (6, 10): 1, (7, 8): 11}",64.13459777832031,152.0,33.0,425.0
26.0,Graph with 11 nodes and 26 edges,"[[0, 1, 0, 1, 0, 0, 0, 0, 1, 0, 0], [1, 0, 0, 0, 1, 0, 0, 1, 0, 0, 0], [0, 0, 0, 0, 0, 1, 1, 1, 1, 0, 1], [1, 0, 0, 0, 1, 0, 1, 0, 0, 0, 0], [0, 1, 0, 1, 0, 1, 1, 0, 1, 1, 0], [0, 0, 1, 0, 1, 0, 0, 0, 0, 1, 1], [0, 0, 1, 1, 1, 0, 0, 1, 1, 1, 0], [0, 1, 1, 0, 0, 0, 1, 0, 1, 1, 1], [1, 0, 1, 0, 1, 0, 1, 1, 0, 1, 1], [0, 0, 0, 0, 1, 1, 1, 1, 1, 0, 0], [0, 0, 1, 0, 0, 1, 0, 1, 1, 0, 0]]",27.0,9.0,Y,"{0: 36, 1: 45, 2: 54, 3: 63, 4: 72, 5: 81, 6: 90, 7: 99, 8: 108, 9: 117, 10: 27}","{(0, 1): 34, (0, 3): 1, (0, 8): 1, (1, 4): 10, (1, 7): 1, (2, 5): 50, (2, 6): 1, (2, 7): 1, (2, 8): 1, (2, 10): 1, (3, 4): 58, (3, 6): 4, (4, 5): 1, (4, 6): 1, (4, 8): 1, (4, 9): 1, (5, 9): 6, (5, 10): 24, (6, 7): 1, (6, 8): 1, (6, 9): 82, (7, 8): 85, (7, 9): 10, (7, 10): 1, (8, 9): 18, (8, 10): 1}",1410.9611511230469,147.0,33.0,415.0
27.0,Graph with 11 nodes and 32 edges,"[[0, 1, 0, 1, 1, 1, 0, 1, 0, 0, 0], [1, 0, 1, 1, 1, 0, 0, 1, 1, 0, 0], [0, 1, 0, 0, 1, 1, 1, 1, 0, 1, 0], [1, 1, 0, 0, 1, 1, 0, 1, 0, 1, 0], [1, 1, 1, 1, 0, 1, 1, 0, 1, 0, 0], [1, 0, 1, 1, 1, 0, 1, 0, 1, 1, 1], [0, 0, 1, 0, 1, 1, 0, 1, 0, 0, 1], [1, 1, 1, 1, 0, 0, 1, 0, 0, 1, 1], [0, 1, 0, 0, 1, 1, 0, 0, 0, 0, 1], [0, 0, 1, 1, 0, 1, 0, 1, 0, 0, 1], [0, 0, 0, 0, 0, 1, 1, 1, 1, 1, 0]]",8.0,4.0,Y,"{0: 48, 1: 44, 2: 40, 3: 36, 4: 32, 5: 28, 6: 24, 7: 20, 8: 16, 9: 12, 10: 8}","{(0, 1): 14, (0, 3): 31, (0, 4): 1, (0, 5): 1, (0, 7): 1, (1, 2): 4, (1, 3): 1, (1, 4): 1, (1, 7): 14, (1, 8): 10, (2, 4): 6, (2, 5): 1, (2, 6): 20, (2, 7): 1, (2, 9): 8, (3, 4): 1, (3, 5): 1, (3, 7): 1, (3, 9): 1, (4, 5): 21, (4, 6): 1, (4, 8): 1, (5, 6): 1, (5, 8): 1, (5, 9): 1, (5, 10): 1, (6, 7): 1, (6, 10): 1, (7, 9): 1, (7, 10): 1, (8, 10): 4, (9, 10): 1}",693.0828094482422,153.0,33.0,427.0
28.0,Graph with 11 nodes and 26 edges,"[[0, 1, 1, 1, 1, 1, 0, 0, 1, 0, 0], [1, 0, 0, 0, 0, 1, 0, 1, 1, 0, 0], [1, 0, 0, 0, 0, 1, 0, 1, 0, 1, 0], [1, 0, 0, 0, 1, 0, 0, 1, 1, 1, 0], [1, 0, 0, 1, 0, 1, 1, 0, 1, 0, 1], [1, 1, 1, 0, 1, 0, 0, 1, 0, 1, 1], [0, 0, 0, 0, 1, 0, 0, 0, 0, 0, 0], [0, 1, 1, 1, 0, 1, 0, 0, 0, 1, 0], [1, 1, 0, 1, 1, 0, 0, 0, 0, 1, 0], [0, 0, 1, 1, 0, 1, 0, 1, 1, 0, 1], [0, 0, 0, 0, 1, 1, 0, 0, 0, 1, 0]]",7.0,5.0,Y,"{0: 57, 1: 52, 2: 12, 3: 32, 4: 47, 5: 27, 6: 37, 7: 17, 8: 22, 9: 42, 10: 7}","{(0, 1): 32, (0, 2): 1, (0, 3): 8, (0, 4): 6, (0, 5): 7, (0, 8): 3, (1, 5): 4, (1, 7): 6, (1, 8): 10, (2, 5): 2, (2, 7): 1, (2, 9): 8, (3, 4): 1, (3, 7): 1, (3, 8): 7, (3, 9): 15, (4, 5): 1, (4, 6): 37, (4, 8): 1, (4, 10): 1, (5, 7): 4, (5, 9): 8, (5, 10): 1, (7, 9): 5, (8, 9): 1, (9, 10): 5}",2065.896987915039,147.0,33.0,415.0
28.0,Graph with 11 nodes and 26 edges,"[[0, 1, 1, 1, 1, 1, 0, 0, 1, 0, 0], [1, 0, 0, 0, 0, 1, 0, 1, 1, 0, 0], [1, 0, 0, 0, 0, 1, 0, 1, 0, 1, 0], [1, 0, 0, 0, 1, 0, 0, 1, 1, 1, 0], [1, 0, 0, 1, 0, 1, 1, 0, 1, 0, 1], [1, 1, 1, 0, 1, 0, 0, 1, 0, 1, 1], [0, 0, 0, 0, 1, 0, 0, 0, 0, 0, 0], [0, 1, 1, 1, 0, 1, 0, 0, 0, 1, 0], [1, 1, 0, 1, 1, 0, 0, 0, 0, 1, 0], [0, 0, 1, 1, 0, 1, 0, 1, 1, 0, 1], [0, 0, 0, 0, 1, 1, 0, 0, 0, 1, 0]]",27.0,9.0,Y,"{0: 117, 1: 63, 2: 81, 3: 72, 4: 108, 5: 90, 6: 99, 7: 27, 8: 36, 9: 54, 10: 45}","{(0, 1): 34, (0, 2): 7, (0, 3): 68, (0, 4): 1, (0, 5): 1, (0, 8): 6, (1, 5): 1, (1, 7): 1, (1, 8): 27, (2, 5): 72, (2, 7): 1, (2, 9): 1, (3, 4): 1, (3, 7): 1, (3, 8): 1, (3, 9): 1, (4, 5): 1, (4, 6): 99, (4, 8): 1, (4, 10): 5, (5, 7): 13, (5, 9): 1, (5, 10): 1, (7, 9): 11, (8, 9): 1, (9, 10): 39}",1537.0845794677734,147.0,33.0,415.0
29.0,Graph with 11 nodes and 21 edges,"[[0, 0, 0, 0, 0, 0, 1, 1, 0, 0, 1], [0, 0, 0, 1, 0, 1, 0, 0, 0, 1, 1], [0, 0, 0, 0, 0, 0, 0, 0, 0, 1, 0], [0, 1, 0, 0, 1, 0, 0, 1, 1, 0, 1], [0, 0, 0, 1, 0, 0, 0, 1, 1, 1, 0], [0, 1, 0, 0, 0, 0, 0, 1, 1, 0, 0], [1, 0, 0, 0, 0, 0, 0, 0, 0, 0, 0], [1, 0, 0, 1, 1, 1, 0, 0, 1, 0, 1], [0, 0, 0, 1, 1, 1, 0, 1, 0, 0, 1], [0, 1, 1, 0, 1, 0, 0, 0, 0, 0, 1], [1, 1, 0, 1, 0, 0, 0, 1, 1, 1, 0]]",6.0,2.0,Y,"{0: 16, 1: 10, 2: 18, 3: 6, 4: 26, 5: 8, 6: 12, 7: 20, 8: 24, 9: 22, 10: 14}","{(0, 6): 12, (0, 7): 2, (0, 10): 2, (1, 3): 1, (1, 5): 1, (1, 9): 2, (1, 10): 6, (2, 9): 18, (3, 4): 2, (3, 7): 1, (3, 8): 1, (3, 10): 1, (4, 7): 9, (4, 8): 14, (4, 9): 1, (5, 7): 4, (5, 8): 3, (7, 8): 3, (7, 10): 1, (8, 10): 3, (9, 10): 1}",75.10185241699219,142.0,33.0,405.0
31.0,Graph with 11 nodes and 24 edges,"[[0, 1, 0, 0, 0, 0, 0, 0, 1, 0, 1], [1, 0, 0, 1, 1, 0, 0, 0, 0, 1, 1], [0, 0, 0, 1, 0, 1, 0, 0, 1, 1, 1], [0, 1, 1, 0, 0, 0, 0, 1, 0, 1, 1], [0, 1, 0, 0, 0, 0, 1, 0, 0, 0, 1], [0, 0, 1, 0, 0, 0, 0, 0, 1, 0, 0], [0, 0, 0, 0, 1, 0, 0, 1, 0, 1, 1], [0, 0, 0, 1, 0, 0, 1, 0, 1, 0, 0], [1, 0, 1, 0, 0, 1, 0, 1, 0, 0, 1], [0, 1, 1, 1, 0, 0, 1, 0, 0, 0, 1], [1, 1, 1, 1, 1, 0, 1, 0, 1, 1, 0]]",25.0,1.0,Y,"{0: 35, 1: 34, 2: 33, 3: 32, 4: 31, 5: 30, 6: 29, 7: 28, 8: 27, 9: 26, 10: 25}","{(0, 1): 1, (0, 8): 16, (0, 10): 18, (1, 3): 1, (1, 4): 9, (1, 9): 22, (1, 10): 1, (2, 3): 8, (2, 5): 22, (2, 8): 1, (2, 9): 1, (2, 10): 1, (3, 7): 21, (3, 9): 1, (3, 10): 1, (4, 6): 21, (4, 10): 1, (5, 8): 8, (6, 7): 6, (6, 9): 1, (6, 10): 1, (7, 8): 1, (8, 10): 1, (9, 10): 1}",555.9921264648438,145.0,33.0,411.0
35.0,Graph with 11 nodes and 20 edges,"[[0, 0, 0, 0, 0, 0, 0, 1, 1, 0, 0], [0, 0, 0, 1, 1, 0, 1, 0, 0, 0, 0], [0, 0, 0, 1, 0, 0, 0, 1, 0, 0, 0], [0, 1, 1, 0, 1, 1, 0, 0, 1, 1, 0], [0, 1, 0, 1, 0, 1, 0, 1, 1, 0, 0], [0, 0, 0, 1, 1, 0, 0, 0, 1, 0, 0], [0, 1, 0, 0, 0, 0, 0, 0, 0, 0, 0], [1, 0, 1, 0, 1, 0, 0, 0, 1, 1, 0], [1, 0, 0, 1, 1, 1, 0, 1, 0, 1, 1], [0, 0, 0, 1, 0, 0, 0, 1, 1, 0, 1], [0, 0, 0, 0, 0, 0, 0, 0, 1, 1, 0]]",10.0,8.0,Y,"{0: 18, 1: 26, 2: 34, 3: 42, 4: 50, 5: 58, 6: 10, 7: 66, 8: 74, 9: 82, 10: 90}","{(0, 7): 17, (0, 8): 1, (1, 3): 15, (1, 4): 1, (1, 6): 10, (2, 3): 23, (2, 7): 11, (3, 4): 1, (3, 5): 1, (3, 8): 1, (3, 9): 1, (4, 5): 40, (4, 7): 1, (4, 8): 7, (5, 8): 17, (7, 8): 1, (7, 9): 36, (8, 9): 1, (8, 10): 46, (9, 10): 44}",1318.9315795898438,141.0,33.0,403.0
38.0,Graph with 11 nodes and 31 edges,"[[0, 0, 1, 0, 0, 1, 0, 0, 0, 1, 1], [0, 0, 0, 1, 0, 1, 0, 1, 1, 1, 1], [1, 0, 0, 1, 1, 1, 1, 0, 1, 0, 1], [0, 1, 1, 0, 1, 1, 0, 0, 0, 0, 1], [0, 0, 1, 1, 0, 1, 0, 0, 1, 1, 1], [1, 1, 1, 1, 1, 0, 1, 1, 1, 1, 0], [0, 0, 1, 0, 0, 1, 0, 0, 0, 1, 0], [0, 1, 0, 0, 0, 1, 0, 0, 0, 0, 0], [0, 1, 1, 0, 1, 1, 0, 0, 0, 1, 1], [1, 1, 0, 0, 1, 1, 1, 0, 1, 0, 1], [1, 1, 1, 1, 1, 0, 0, 0, 1, 1, 0]]",9.0,9.0,Y,"{0: 18, 1: 27, 2: 36, 3: 45, 4: 54, 5: 63, 6: 72, 7: 9, 8: 81, 9: 90, 10: 99}","{(0, 2): 15, (0, 5): 1, (0, 9): 1, (0, 10): 1, (1, 3): 22, (1, 5): 1, (1, 7): 1, (1, 8): 1, (1, 9): 1, (1, 10): 1, (2, 3): 16, (2, 4): 1, (2, 5): 1, (2, 6): 1, (2, 8): 1, (2, 10): 1, (3, 4): 5, (3, 5): 1, (3, 10): 1, (4, 5): 45, (4, 8): 1, (4, 9): 1, (4, 10): 1, (5, 6): 4, (5, 7): 8, (5, 8): 1, (5, 9): 1, (6, 9): 67, (8, 9): 1, (8, 10): 76, (9, 10): 18}",986.0992431640625,152.0,33.0,425.0
40.0,Graph with 11 nodes and 28 edges,"[[0, 1, 1, 0, 1, 1, 0, 0, 1, 0, 1], [1, 0, 1, 0, 1, 0, 1, 0, 1, 1, 0], [1, 1, 0, 1, 0, 1, 1, 0, 1, 1, 0], [0, 0, 1, 0, 0, 1, 0, 0, 1, 0, 1], [1, 1, 0, 0, 0, 0, 0, 1, 0, 0, 0], [1, 0, 1, 1, 0, 0, 1, 1, 1, 1, 0], [0, 1, 1, 0, 0, 1, 0, 0, 1, 1, 0], [0, 0, 0, 0, 1, 1, 0, 0, 0, 1, 0], [1, 1, 1, 1, 0, 1, 1, 0, 0, 1, 0], [0, 1, 1, 0, 0, 1, 1, 1, 1, 0, 0], [1, 0, 0, 1, 0, 0, 0, 0, 0, 0, 0]]",12.0,8.0,Y,"{0: 28, 1: 20, 2: 68, 3: 76, 4: 36, 5: 92, 6: 12, 7: 60, 8: 84, 9: 52, 10: 44}","{(0, 1): 1, (0, 2): 1, (0, 4): 1, (0, 5): 1, (0, 8): 23, (0, 10): 1, (1, 2): 1, (1, 4): 15, (1, 6): 1, (1, 8): 1, (1, 9): 1, (2, 3): 1, (2, 5): 62, (2, 6): 1, (2, 8): 1, (2, 9): 1, (3, 5): 1, (3, 8): 31, (3, 10): 43, (4, 7): 20, (5, 6): 1, (5, 7): 1, (5, 8): 25, (5, 9): 1, (6, 8): 1, (6, 9): 8, (7, 9): 39, (8, 9): 2}",941.0381317138672,149.0,33.0,419.0
40.0,Graph with 11 nodes and 28 edges,"[[0, 1, 1, 0, 1, 1, 0, 0, 1, 0, 1], [1, 0, 1, 0, 1, 0, 1, 0, 1, 1, 0], [1, 1, 0, 1, 0, 1, 1, 0, 1, 1, 0], [0, 0, 1, 0, 0, 1, 0, 0, 1, 0, 1], [1, 1, 0, 0, 0, 0, 0, 1, 0, 0, 0], [1, 0, 1, 1, 0, 0, 1, 1, 1, 1, 0], [0, 1, 1, 0, 0, 1, 0, 0, 1, 1, 0], [0, 0, 0, 0, 1, 1, 0, 0, 0, 1, 0], [1, 1, 1, 1, 0, 1, 1, 0, 0, 1, 0], [0, 1, 1, 0, 0, 1, 1, 1, 1, 0, 0], [1, 0, 0, 1, 0, 0, 0, 0, 0, 0, 0]]",20.0,8.0,Y,"{0: 28, 1: 36, 2: 44, 3: 52, 4: 60, 5: 68, 6: 76, 7: 84, 8: 92, 9: 100, 10: 20}","{(0, 1): 23, (0, 2): 1, (0, 4): 1, (0, 5): 1, (0, 8): 1, (0, 10): 1, (1, 2): 9, (1, 4): 1, (1, 6): 1, (1, 8): 1, (1, 9): 1, (2, 3): 30, (2, 5): 1, (2, 6): 1, (2, 8): 1, (2, 9): 1, (3, 5): 1, (3, 8): 2, (3, 10): 19, (4, 7): 58, (5, 6): 1, (5, 7): 1, (5, 8): 3, (5, 9): 60, (6, 8): 72, (6, 9): 1, (7, 9): 25, (8, 9): 12}",1297.9507446289062,149.0,33.0,419.0
41.0,Graph with 11 nodes and 26 edges,"[[0, 1, 0, 1, 1, 1, 0, 1, 1, 1, 0], [1, 0, 1, 1, 0, 1, 1, 0, 0, 1, 0], [0, 1, 0, 0, 0, 1, 1, 1, 0, 1, 0], [1, 1, 0, 0, 0, 0, 0, 1, 0, 0, 1], [1, 0, 0, 0, 0, 1, 0, 1, 0, 0, 0], [1, 1, 1, 0, 1, 0, 0, 0, 0, 0, 0], [0, 1, 1, 0, 0, 0, 0, 1, 1, 1, 1], [1, 0, 1, 1, 1, 0, 1, 0, 0, 1, 0], [1, 0, 0, 0, 0, 0, 1, 0, 0, 0, 0], [1, 1, 1, 0, 0, 0, 1, 1, 0, 0, 1], [0, 0, 0, 1, 0, 0, 1, 0, 0, 1, 0]]",19.0,1.0,Y,"{0: 21, 1: 20, 2: 26, 3: 27, 4: 22, 5: 29, 6: 19, 7: 25, 8: 28, 9: 24, 10: 23}","{(0, 1): 1, (0, 3): 1, (0, 4): 1, (0, 5): 1, (0, 7): 1, (0, 8): 15, (0, 9): 1, (1, 2): 1, (1, 3): 15, (1, 5): 1, (1, 6): 1, (1, 9): 1, (2, 5): 7, (2, 6): 2, (2, 7): 14, (2, 9): 2, (3, 7): 7, (3, 10): 4, (4, 5): 20, (4, 7): 1, (6, 7): 1, (6, 8): 13, (6, 9): 1, (6, 10): 1, (7, 9): 1, (9, 10): 18}",720.0241088867188,147.0,33.0,415.0
42.0,Graph with 11 nodes and 23 edges,"[[0, 1, 0, 1, 1, 0, 0, 0, 0, 0, 0], [1, 0, 0, 0, 1, 1, 0, 0, 0, 1, 0], [0, 0, 0, 0, 1, 0, 1, 0, 1, 1, 1], [1, 0, 0, 0, 0, 0, 0, 1, 0, 1, 0], [1, 1, 1, 0, 0, 1, 1, 1, 1, 0, 1], [0, 1, 0, 0, 1, 0, 0, 1, 1, 0, 0], [0, 0, 1, 0, 1, 0, 0, 0, 1, 1, 0], [0, 0, 0, 1, 1, 1, 0, 0, 0, 0, 0], [0, 0, 1, 0, 1, 1, 1, 0, 0, 1, 0], [0, 1, 1, 1, 0, 0, 1, 0, 1, 0, 0], [0, 0, 1, 0, 1, 0, 0, 0, 0, 0, 0]]",21.0,7.0,Y,"{0: 28, 1: 35, 2: 42, 3: 49, 4: 56, 5: 63, 6: 70, 7: 77, 8: 84, 9: 91, 10: 21}","{(0, 1): 1, (0, 3): 1, (0, 4): 26, (1, 4): 1, (1, 5): 1, (1, 9): 32, (2, 4): 1, (2, 6): 38, (2, 8): 1, (2, 9): 1, (2, 10): 1, (3, 7): 47, (3, 9): 1, (4, 5): 1, (4, 6): 1, (4, 7): 5, (4, 8): 1, (4, 10): 20, (5, 7): 25, (5, 8): 36, (6, 8): 10, (6, 9): 21, (8, 9): 36}",1502.99072265625,144.0,33.0,409.0
46.0,Graph with 11 nodes and 27 edges,"[[0, 1, 0, 0, 0, 0, 0, 1, 1, 1, 1], [1, 0, 1, 0, 1, 0, 1, 1, 1, 1, 0], [0, 1, 0, 1, 1, 1, 0, 0, 0, 1, 0], [0, 0, 1, 0, 1, 1, 0, 1, 1, 1, 0], [0, 1, 1, 1, 0, 0, 0, 0, 1, 0, 1], [0, 0, 1, 1, 0, 0, 0, 0, 0, 0, 0], [0, 1, 0, 0, 0, 0, 0, 0, 1, 0, 0], [1, 1, 0, 1, 0, 0, 0, 0, 1, 0, 0], [1, 1, 0, 1, 1, 0, 1, 1, 0, 1, 1], [1, 1, 1, 1, 0, 0, 0, 0, 1, 0, 1], [1, 0, 0, 0, 1, 0, 0, 0, 1, 1, 0]]",11.0,9.0,Y,"{0: 20, 1: 29, 2: 38, 3: 47, 4: 56, 5: 65, 6: 74, 7: 11, 8: 83, 9: 92, 10: 101}","{(0, 1): 1, (0, 7): 2, (0, 8): 1, (0, 9): 15, (0, 10): 1, (1, 2): 1, (1, 4): 1, (1, 6): 21, (1, 7): 3, (1, 8): 1, (1, 9): 1, (2, 3): 1, (2, 4): 7, (2, 5): 25, (2, 9): 4, (3, 4): 3, (3, 5): 40, (3, 7): 1, (3, 8): 1, (3, 9): 1, (4, 8): 4, (4, 10): 41, (6, 8): 53, (7, 8): 5, (8, 9): 15, (8, 10): 3, (9, 10): 56}",942.9454803466797,148.0,33.0,417.0
46.0,Graph with 11 nodes and 27 edges,"[[0, 1, 0, 0, 0, 0, 0, 1, 1, 1, 1], [1, 0, 1, 0, 1, 0, 1, 1, 1, 1, 0], [0, 1, 0, 1, 1, 1, 0, 0, 0, 1, 0], [0, 0, 1, 0, 1, 1, 0, 1, 1, 1, 0], [0, 1, 1, 1, 0, 0, 0, 0, 1, 0, 1], [0, 0, 1, 1, 0, 0, 0, 0, 0, 0, 0], [0, 1, 0, 0, 0, 0, 0, 0, 1, 0, 0], [1, 1, 0, 1, 0, 0, 0, 0, 1, 0, 0], [1, 1, 0, 1, 1, 0, 1, 1, 0, 1, 1], [1, 1, 1, 1, 0, 0, 0, 0, 1, 0, 1], [1, 0, 0, 0, 1, 0, 0, 0, 1, 1, 0]]",12.0,2.0,Y,"{0: 30, 1: 22, 2: 32, 3: 16, 4: 20, 5: 18, 6: 14, 7: 24, 8: 28, 9: 26, 10: 12}","{(0, 1): 1, (0, 7): 21, (0, 8): 1, (0, 9): 6, (0, 10): 1, (1, 2): 11, (1, 4): 1, (1, 6): 1, (1, 7): 1, (1, 8): 1, (1, 9): 6, (2, 3): 1, (2, 4): 1, (2, 5): 8, (2, 9): 11, (3, 4): 1, (3, 5): 10, (3, 7): 1, (3, 8): 2, (3, 9): 1, (4, 8): 8, (4, 10): 9, (6, 8): 13, (7, 8): 1, (8, 9): 1, (8, 10): 1, (9, 10): 1}",1630.0678253173828,148.0,33.0,417.0
48.0,Graph with 11 nodes and 22 edges,"[[0, 1, 0, 0, 0, 0, 1, 0, 0, 1, 1], [1, 0, 0, 0, 0, 0, 0, 1, 1, 0, 1], [0, 0, 0, 1, 1, 1, 0, 0, 0, 0, 0], [0, 0, 1, 0, 0, 0, 1, 0, 1, 0, 0], [0, 0, 1, 0, 0, 1, 1, 0, 1, 1, 1], [0, 0, 1, 0, 1, 0, 0, 0, 0, 0, 1], [1, 0, 0, 1, 1, 0, 0, 1, 0, 1, 0], [0, 1, 0, 0, 0, 0, 1, 0, 1, 1, 0], [0, 1, 0, 1, 1, 0, 0, 1, 0, 0, 0], [1, 0, 0, 0, 1, 0, 1, 1, 0, 0, 0], [1, 1, 0, 0, 1, 1, 0, 0, 0, 0, 0]]",7.0,1.0,Y,"{0: 11, 1: 15, 2: 16, 3: 13, 4: 17, 5: 8, 6: 10, 7: 9, 8: 12, 9: 7, 10: 14}","{(0, 1): 6, (0, 6): 1, (0, 9): 1, (0, 10): 3, (1, 7): 1, (1, 8): 1, (1, 10): 7, (2, 3): 5, (2, 4): 5, (2, 5): 6, (3, 6): 5, (3, 8): 3, (4, 5): 1, (4, 6): 2, (4, 8): 5, (4, 9): 1, (4, 10): 3, (5, 10): 1, (6, 7): 1, (6, 9): 1, (7, 8): 3, (7, 9): 4}",71.04873657226562,143.0,33.0,407.0
48.0,Graph with 11 nodes and 22 edges,"[[0, 1, 0, 0, 0, 0, 1, 0, 0, 1, 1], [1, 0, 0, 0, 0, 0, 0, 1, 1, 0, 1], [0, 0, 0, 1, 1, 1, 0, 0, 0, 0, 0], [0, 0, 1, 0, 0, 0, 1, 0, 1, 0, 0], [0, 0, 1, 0, 0, 1, 1, 0, 1, 1, 1], [0, 0, 1, 0, 1, 0, 0, 0, 0, 0, 1], [1, 0, 0, 1, 1, 0, 0, 1, 0, 1, 0], [0, 1, 0, 0, 0, 0, 1, 0, 1, 1, 0], [0, 1, 0, 1, 1, 0, 0, 1, 0, 0, 0], [1, 0, 0, 0, 1, 0, 1, 1, 0, 0, 0], [1, 1, 0, 0, 1, 1, 0, 0, 0, 0, 0]]",12.0,4.0,Y,"{0: 16, 1: 20, 2: 24, 3: 28, 4: 32, 5: 36, 6: 40, 7: 44, 8: 48, 9: 12, 10: 52}","{(0, 1): 3, (0, 6): 5, (0, 9): 1, (0, 10): 7, (1, 7): 1, (1, 8): 10, (1, 10): 6, (2, 3): 4, (2, 4): 18, (2, 5): 2, (3, 6): 23, (3, 8): 1, (4, 5): 1, (4, 6): 1, (4, 8): 5, (4, 9): 1, (4, 10): 6, (5, 10): 33, (6, 7): 6, (6, 9): 5, (7, 8): 32, (7, 9): 5}",1091.9570922851562,143.0,33.0,407.0
51.0,Graph with 11 nodes and 22 edges,"[[0, 1, 1, 1, 0, 1, 0, 1, 0, 1, 0], [1, 0, 0, 0, 0, 0, 0, 1, 1, 1, 0], [1, 0, 0, 1, 1, 0, 1, 0, 1, 0, 0], [1, 0, 1, 0, 0, 0, 0, 0, 0, 0, 1], [0, 0, 1, 0, 0, 0, 0, 0, 1, 0, 1], [1, 0, 0, 0, 0, 0, 1, 0, 0, 0, 0], [0, 0, 1, 0, 0, 1, 0, 0, 0, 0, 1], [1, 1, 0, 0, 0, 0, 0, 0, 1, 1, 1], [0, 1, 1, 0, 1, 0, 0, 1, 0, 0, 1], [1, 1, 0, 0, 0, 0, 0, 1, 0, 0, 0], [0, 0, 0, 1, 1, 0, 1, 1, 1, 0, 0]]",5.0,7.0,Y,"{0: 75, 1: 68, 2: 61, 3: 54, 4: 47, 5: 40, 6: 33, 7: 26, 8: 19, 9: 12, 10: 5}","{(0, 1): 21, (0, 2): 1, (0, 3): 41, (0, 5): 10, (0, 7): 1, (0, 9): 1, (1, 7): 22, (1, 8): 15, (1, 9): 10, (2, 3): 12, (2, 4): 45, (2, 6): 2, (2, 8): 1, (3, 10): 1, (4, 8): 1, (4, 10): 1, (5, 6): 30, (6, 10): 1, (7, 8): 1, (7, 9): 1, (7, 10): 1, (8, 10): 1}",639.9154663085938,143.0,33.0,407.0
51.0,Graph with 11 nodes and 22 edges,"[[0, 1, 1, 1, 0, 1, 0, 1, 0, 1, 0], [1, 0, 0, 0, 0, 0, 0, 1, 1, 1, 0], [1, 0, 0, 1, 1, 0, 1, 0, 1, 0, 0], [1, 0, 1, 0, 0, 0, 0, 0, 0, 0, 1], [0, 0, 1, 0, 0, 0, 0, 0, 1, 0, 1], [1, 0, 0, 0, 0, 0, 1, 0, 0, 0, 0], [0, 0, 1, 0, 0, 1, 0, 0, 0, 0, 1], [1, 1, 0, 0, 0, 0, 0, 0, 1, 1, 1], [0, 1, 1, 0, 1, 0, 0, 1, 0, 0, 1], [1, 1, 0, 0, 0, 0, 0, 1, 0, 0, 0], [0, 0, 0, 1, 1, 0, 1, 1, 1, 0, 0]]",17.0,3.0,Y,"{0: 41, 1: 20, 2: 17, 3: 35, 4: 29, 5: 47, 6: 44, 7: 23, 8: 38, 9: 26, 10: 32}","{(0, 1): 1, (0, 2): 1, (0, 3): 14, (0, 5): 5, (0, 7): 1, (0, 9): 19, (1, 7): 2, (1, 8): 15, (1, 9): 2, (2, 3): 13, (2, 4): 1, (2, 6): 1, (2, 8): 1, (3, 10): 8, (4, 8): 7, (4, 10): 21, (5, 6): 42, (6, 10): 1, (7, 8): 14, (7, 9): 5, (7, 10): 1, (8, 10): 1}",1466.0358428955078,143.0,33.0,407.0
51.0,Graph with 11 nodes and 22 edges,"[[0, 1, 1, 1, 0, 1, 0, 1, 0, 1, 0], [1, 0, 0, 0, 0, 0, 0, 1, 1, 1, 0], [1, 0, 0, 1, 1, 0, 1, 0, 1, 0, 0], [1, 0, 1, 0, 0, 0, 0, 0, 0, 0, 1], [0, 0, 1, 0, 0, 0, 0, 0, 1, 0, 1], [1, 0, 0, 0, 0, 0, 1, 0, 0, 0, 0], [0, 0, 1, 0, 0, 1, 0, 0, 0, 0, 1], [1, 1, 0, 0, 0, 0, 0, 0, 1, 1, 1], [0, 1, 1, 0, 1, 0, 0, 1, 0, 0, 1], [1, 1, 0, 0, 0, 0, 0, 1, 0, 0, 0], [0, 0, 0, 1, 1, 0, 1, 1, 1, 0, 0]]",27.0,1.0,Y,"{0: 27, 1: 37, 2: 36, 3: 35, 4: 34, 5: 33, 6: 32, 7: 31, 8: 30, 9: 29, 10: 28}","{(0, 1): 20, (0, 2): 1, (0, 3): 1, (0, 5): 3, (0, 7): 1, (0, 9): 1, (1, 7): 1, (1, 8): 1, (1, 9): 15, (2, 3): 10, (2, 4): 22, (2, 6): 1, (2, 8): 2, (3, 10): 24, (4, 8): 11, (4, 10): 1, (5, 6): 30, (6, 10): 1, (7, 8): 15, (7, 9): 13, (7, 10): 1, (8, 10): 1}",619.8883056640625,143.0,33.0,407.0
52.0,Graph with 11 nodes and 35 edges,"[[0, 1, 1, 1, 0, 1, 1, 1, 1, 0, 0], [1, 0, 0, 0, 1, 1, 0, 1, 1, 0, 0], [1, 0, 0, 1, 0, 1, 1, 1, 1, 1, 1], [1, 0, 1, 0, 1, 1, 1, 1, 1, 1, 1], [0, 1, 0, 1, 0, 0, 0, 0, 0, 0, 0], [1, 1, 1, 1, 0, 0, 1, 1, 1, 0, 1], [1, 0, 1, 1, 0, 1, 0, 1, 1, 1, 0], [1, 1, 1, 1, 0, 1, 1, 0, 0, 0, 1], [1, 1, 1, 1, 0, 1, 1, 0, 0, 1, 0], [0, 0, 1, 1, 0, 0, 1, 0, 1, 0, 1], [0, 0, 1, 1, 0, 1, 0, 1, 0, 1, 0]]",4.0,2.0,Y,"{0: 24, 1: 22, 2: 20, 3: 18, 4: 4, 5: 16, 6: 14, 7: 12, 8: 10, 9: 8, 10: 6}","{(0, 1): 16, (0, 2): 1, (0, 3): 1, (0, 5): 1, (0, 6): 1, (0, 7): 3, (0, 8): 1, (1, 4): 3, (1, 5): 1, (1, 7): 1, (1, 8): 1, (2, 3): 2, (2, 5): 1, (2, 6): 8, (2, 7): 4, (2, 8): 1, (2, 9): 1, (2, 10): 2, (3, 4): 1, (3, 5): 9, (3, 6): 1, (3, 7): 1, (3, 8): 1, (3, 9): 1, (3, 10): 1, (5, 6): 1, (5, 7): 1, (5, 8): 1, (5, 10): 1, (6, 7): 1, (6, 8): 1, (6, 9): 1, (7, 10): 1, (8, 9): 4, (9, 10): 1}",666.8567657470703,156.0,33.0,433.0
54.0,Graph with 11 nodes and 22 edges,"[[0, 0, 0, 0, 1, 1, 0, 0, 0, 1, 1], [0, 0, 0, 1, 0, 0, 0, 0, 0, 0, 1], [0, 0, 0, 1, 0, 0, 1, 1, 0, 1, 1], [0, 1, 1, 0, 1, 0, 1, 0, 0, 1, 0], [1, 0, 0, 1, 0, 0, 1, 1, 0, 1, 0], [1, 0, 0, 0, 0, 0, 0, 0, 0, 1, 0], [0, 0, 1, 1, 1, 0, 0, 0, 0, 1, 1], [0, 0, 1, 0, 1, 0, 0, 0, 0, 0, 1], [0, 0, 0, 0, 0, 0, 0, 0, 0, 1, 0], [1, 0, 1, 1, 1, 1, 1, 0, 1, 0, 0], [1, 1, 1, 0, 0, 0, 1, 1, 0, 0, 0]]",21.0,1.0,Y,"{0: 31, 1: 30, 2: 29, 3: 28, 4: 26, 5: 25, 6: 24, 7: 23, 8: 21, 9: 27, 10: 22}","{(0, 4): 1, (0, 5): 24, (0, 9): 1, (0, 10): 5, (1, 3): 16, (1, 10): 14, (2, 3): 1, (2, 6): 5, (2, 7): 21, (2, 9): 1, (2, 10): 1, (3, 4): 8, (3, 6): 2, (3, 9): 1, (4, 6): 15, (4, 7): 1, (4, 9): 1, (5, 9): 1, (6, 9): 1, (6, 10): 1, (7, 10): 1, (8, 9): 21}",716.2094116210938,143.0,33.0,407.0
55.0,Graph with 11 nodes and 24 edges,"[[0, 0, 0, 1, 1, 1, 0, 0, 0, 0, 0], [0, 0, 1, 0, 0, 0, 0, 0, 1, 1, 0], [0, 1, 0, 1, 0, 0, 1, 0, 1, 0, 1], [1, 0, 1, 0, 0, 1, 0, 1, 1, 0, 0], [1, 0, 0, 0, 0, 1, 1, 0, 0, 0, 1], [1, 0, 0, 1, 1, 0, 1, 1, 0, 0, 1], [0, 0, 1, 0, 1, 1, 0, 0, 0, 1, 0], [0, 0, 0, 1, 0, 1, 0, 0, 1, 0, 1], [0, 1, 1, 1, 0, 0, 0, 1, 0, 1, 1], [0, 1, 0, 0, 0, 0, 1, 0, 1, 0, 0], [0, 0, 1, 0, 1, 1, 0, 1, 1, 0, 0]]",21.0,7.0,Y,"{0: 70, 1: 42, 2: 35, 3: 49, 4: 63, 5: 84, 6: 56, 7: 21, 8: 91, 9: 28, 10: 77}","{(0, 3): 1, (0, 4): 5, (0, 5): 64, (1, 2): 1, (1, 8): 32, (1, 9): 9, (2, 3): 1, (2, 6): 21, (2, 8): 11, (2, 10): 1, (3, 5): 1, (3, 7): 1, (3, 8): 45, (4, 5): 1, (4, 6): 1, (4, 10): 56, (5, 6): 16, (5, 7): 1, (5, 10): 1, (6, 9): 18, (7, 8): 1, (7, 10): 18, (8, 9): 1, (8, 10): 1}",1152.9922485351562,145.0,33.0,411.0
57.0,Graph with 11 nodes and 31 edges,"[[0, 1, 0, 1, 0, 1, 1, 1, 1, 1, 0], [1, 0, 1, 1, 1, 1, 0, 0, 1, 1, 0], [0, 1, 0, 1, 1, 0, 0, 1, 0, 1, 0], [1, 1, 1, 0, 1, 0, 1, 0, 0, 1, 0], [0, 1, 1, 1, 0, 0, 1, 1, 1, 1, 1], [1, 1, 0, 0, 0, 0, 0, 0, 0, 1, 1], [1, 0, 0, 1, 1, 0, 0, 0, 1, 0, 1], [1, 0, 1, 0, 1, 0, 0, 0, 0, 1, 0], [1, 1, 0, 0, 1, 0, 1, 0, 0, 1, 0], [1, 1, 1, 1, 1, 1, 0, 1, 1, 0, 0], [0, 0, 0, 0, 1, 1, 1, 0, 0, 0, 0]]",12.0,8.0,Y,"{0: 92, 1: 84, 2: 76, 3: 68, 4: 60, 5: 52, 6: 44, 7: 36, 8: 28, 9: 20, 10: 12}","{(0, 1): 1, (0, 3): 1, (0, 5): 1, (0, 6): 19, (0, 7): 33, (0, 8): 24, (0, 9): 13, (1, 2): 1, (1, 3): 1, (1, 4): 30, (1, 5): 49, (1, 8): 1, (1, 9): 1, (2, 3): 50, (2, 4): 23, (2, 7): 1, (2, 9): 1, (3, 4): 1, (3, 6): 14, (3, 9): 1, (4, 6): 1, (4, 7): 1, (4, 8): 1, (4, 9): 1, (4, 10): 2, (5, 9): 1, (5, 10): 1, (6, 8): 1, (6, 10): 9, (7, 9): 1, (8, 9): 1}",584.1255187988281,152.0,33.0,425.0
57.0,Graph with 11 nodes and 31 edges,"[[0, 1, 0, 1, 0, 1, 1, 1, 1, 1, 0], [1, 0, 1, 1, 1, 1, 0, 0, 1, 1, 0], [0, 1, 0, 1, 1, 0, 0, 1, 0, 1, 0], [1, 1, 1, 0, 1, 0, 1, 0, 0, 1, 0], [0, 1, 1, 1, 0, 0, 1, 1, 1, 1, 1], [1, 1, 0, 0, 0, 0, 0, 0, 0, 1, 1], [1, 0, 0, 1, 1, 0, 0, 0, 1, 0, 1], [1, 0, 1, 0, 1, 0, 0, 0, 0, 1, 0], [1, 1, 0, 0, 1, 0, 1, 0, 0, 1, 0], [1, 1, 1, 1, 1, 1, 0, 1, 1, 0, 0], [0, 0, 0, 0, 1, 1, 1, 0, 0, 0, 0]]",15.0,3.0,Y,"{0: 27, 1: 39, 2: 42, 3: 33, 4: 45, 5: 15, 6: 24, 7: 21, 8: 30, 9: 36, 10: 18}","{(0, 1): 3, (0, 3): 1, (0, 5): 1, (0, 6): 1, (0, 7): 1, (0, 8): 9, (0, 9): 11, (1, 2): 22, (1, 3): 1, (1, 4): 1, (1, 5): 10, (1, 8): 1, (1, 9): 1, (2, 3): 9, (2, 4): 9, (2, 7): 1, (2, 9): 1, (3, 4): 1, (3, 6): 5, (3, 9): 16, (4, 6): 1, (4, 7): 16, (4, 8): 4, (4, 9): 1, (4, 10): 12, (5, 9): 1, (5, 10): 3, (6, 8): 14, (6, 10): 3, (7, 9): 3, (8, 9): 2}",50.067901611328125,152.0,33.0,425.0
58.0,Graph with 11 nodes and 27 edges,"[[0, 0, 0, 1, 0, 0, 1, 0, 0, 1, 0], [0, 0, 1, 1, 1, 1, 1, 0, 0, 0, 0], [0, 1, 0, 0, 1, 0, 0, 0, 1, 1, 0], [1, 1, 0, 0, 1, 0, 0, 1, 0, 1, 0], [0, 1, 1, 1, 0, 0, 1, 1, 1, 1, 0], [0, 1, 0, 0, 0, 0, 0, 0, 1, 1, 0], [1, 1, 0, 0, 1, 0, 0, 0, 1, 0, 1], [0, 0, 0, 1, 1, 0, 0, 0, 0, 1, 1], [0, 0, 1, 0, 1, 1, 1, 0, 0, 1, 1], [1, 0, 1, 1, 1, 1, 0, 1, 1, 0, 1], [0, 0, 0, 0, 0, 0, 1, 1, 1, 1, 0]]",9.0,1.0,Y,"{0: 9, 1: 19, 2: 18, 3: 17, 4: 16, 5: 15, 6: 14, 7: 13, 8: 12, 9: 11, 10: 10}","{(0, 3): 1, (0, 6): 4, (0, 9): 4, (1, 2): 1, (1, 3): 3, (1, 4): 1, (1, 5): 13, (1, 6): 1, (2, 4): 9, (2, 8): 7, (2, 9): 1, (3, 4): 2, (3, 7): 10, (3, 9): 1, (4, 6): 1, (4, 7): 1, (4, 8): 1, (4, 9): 1, (5, 8): 1, (5, 9): 1, (6, 8): 1, (6, 10): 7, (7, 9): 1, (7, 10): 1, (8, 9): 1, (8, 10): 1, (9, 10): 1}",591.0396575927734,148.0,33.0,417.0
62.0,Graph with 11 nodes and 34 edges,"[[0, 1, 1, 1, 0, 1, 1, 1, 0, 0, 1], [1, 0, 0, 0, 1, 0, 0, 0, 1, 0, 1], [1, 0, 0, 1, 1, 1, 0, 0, 1, 1, 0], [1, 0, 1, 0, 0, 1, 0, 1, 0, 1, 1], [0, 1, 1, 0, 0, 1, 1, 0, 1, 0, 0], [1, 0, 1, 1, 1, 0, 1, 1, 1, 1, 1], [1, 0, 0, 0, 1, 1, 0, 1, 0, 1, 1], [1, 0, 0, 1, 0, 1, 1, 0, 1, 1, 0], [0, 1, 1, 0, 1, 1, 0, 1, 0, 1, 1], [0, 0, 1, 1, 0, 1, 1, 1, 1, 0, 0], [1, 1, 0, 1, 0, 1, 1, 0, 1, 0, 0]]",10.0,2.0,Y,"{0: 12, 1: 14, 2: 16, 3: 18, 4: 20, 5: 22, 6: 24, 7: 26, 8: 28, 9: 30, 10: 10}","{(0, 1): 6, (0, 2): 1, (0, 3): 1, (0, 5): 1, (0, 6): 1, (0, 7): 1, (0, 10): 1, (1, 4): 6, (1, 8): 1, (1, 10): 1, (2, 3): 11, (2, 4): 1, (2, 5): 1, (2, 8): 1, (2, 9): 1, (3, 5): 3, (3, 7): 1, (3, 9): 1, (3, 10): 1, (4, 5): 3, (4, 6): 1, (4, 8): 9, (5, 6): 1, (5, 7): 7, (5, 8): 1, (5, 9): 4, (5, 10): 1, (6, 7): 11, (6, 9): 9, (6, 10): 1, (7, 8): 1, (7, 9): 5, (8, 9): 10, (8, 10): 5}",1235.9619140625,155.0,33.0,431.0
63.0,Graph with 11 nodes and 25 edges,"[[0, 1, 1, 0, 1, 1, 0, 0, 0, 0, 1], [1, 0, 1, 0, 1, 1, 0, 1, 0, 0, 1], [1, 1, 0, 0, 0, 1, 0, 0, 0, 0, 0], [0, 0, 0, 0, 0, 0, 0, 0, 1, 1, 1], [1, 1, 0, 0, 0, 1, 1, 0, 1, 0, 0], [1, 1, 1, 0, 1, 0, 0, 1, 1, 0, 1], [0, 0, 0, 0, 1, 0, 0, 1, 0, 0, 0], [0, 1, 0, 0, 0, 1, 1, 0, 1, 1, 0], [0, 0, 0, 1, 1, 1, 0, 1, 0, 0, 1], [0, 0, 0, 1, 0, 0, 0, 1, 0, 0, 1], [1, 1, 0, 1, 0, 1, 0, 0, 1, 1, 0]]",5.0,1.0,Y,"{0: 6, 1: 7, 2: 8, 3: 9, 4: 10, 5: 11, 6: 12, 7: 13, 8: 14, 9: 5, 10: 15}","{(0, 1): 1, (0, 2): 2, (0, 4): 1, (0, 5): 1, (0, 10): 1, (1, 2): 2, (1, 4): 1, (1, 5): 1, (1, 7): 1, (1, 10): 1, (2, 5): 4, (3, 8): 2, (3, 9): 3, (3, 10): 4, (4, 5): 1, (4, 6): 4, (4, 8): 3, (5, 7): 1, (5, 8): 1, (5, 10): 2, (6, 7): 8, (7, 8): 2, (7, 9): 1, (8, 10): 6, (9, 10): 1}",1289.1292572021484,146.0,33.0,413.0
65.0,Graph with 11 nodes and 28 edges,"[[0, 1, 1, 0, 1, 1, 1, 1, 1, 0, 0], [1, 0, 1, 1, 0, 0, 1, 0, 0, 0, 1], [1, 1, 0, 1, 1, 0, 0, 0, 0, 1, 0], [0, 1, 1, 0, 0, 0, 1, 0, 0, 1, 1], [1, 0, 1, 0, 0, 1, 1, 0, 0, 0, 1], [1, 0, 0, 0, 1, 0, 0, 1, 0, 1, 1], [1, 1, 0, 1, 1, 0, 0, 1, 1, 0, 0], [1, 0, 0, 0, 0, 1, 1, 0, 0, 1, 0], [1, 0, 0, 0, 0, 0, 1, 0, 0, 0, 1], [0, 0, 1, 1, 0, 1, 0, 1, 0, 0, 1], [0, 1, 0, 1, 1, 1, 0, 0, 1, 1, 0]]",24.0,8.0,Y,"{0: 32, 1: 40, 2: 48, 3: 56, 4: 64, 5: 72, 6: 80, 7: 88, 8: 96, 9: 104, 10: 24}","{(0, 1): 25, (0, 2): 1, (0, 4): 1, (0, 5): 1, (0, 6): 1, (0, 7): 1, (0, 8): 2, (1, 2): 1, (1, 3): 12, (1, 6): 1, (1, 10): 1, (2, 3): 31, (2, 4): 1, (2, 9): 14, (3, 6): 1, (3, 9): 11, (3, 10): 1, (4, 5): 60, (4, 6): 1, (4, 10): 1, (5, 7): 9, (5, 9): 1, (5, 10): 1, (6, 7): 1, (6, 8): 75, (7, 9): 77, (8, 10): 19, (9, 10): 1}",1101.0169982910156,149.0,33.0,419.0
65.0,Graph with 11 nodes and 28 edges,"[[0, 1, 1, 0, 1, 1, 1, 1, 1, 0, 0], [1, 0, 1, 1, 0, 0, 1, 0, 0, 0, 1], [1, 1, 0, 1, 1, 0, 0, 0, 0, 1, 0], [0, 1, 1, 0, 0, 0, 1, 0, 0, 1, 1], [1, 0, 1, 0, 0, 1, 1, 0, 0, 0, 1], [1, 0, 0, 0, 1, 0, 0, 1, 0, 1, 1], [1, 1, 0, 1, 1, 0, 0, 1, 1, 0, 0], [1, 0, 0, 0, 0, 1, 1, 0, 0, 1, 0], [1, 0, 0, 0, 0, 0, 1, 0, 0, 0, 1], [0, 0, 1, 1, 0, 1, 0, 1, 0, 0, 1], [0, 1, 0, 1, 1, 1, 0, 0, 1, 1, 0]]",26.0,2.0,Y,"{0: 46, 1: 42, 2: 38, 3: 44, 4: 34, 5: 30, 6: 26, 7: 40, 8: 32, 9: 36, 10: 28}","{(0, 1): 1, (0, 2): 1, (0, 4): 1, (0, 5): 1, (0, 6): 1, (0, 7): 11, (0, 8): 30, (1, 2): 1, (1, 3): 1, (1, 6): 16, (1, 10): 23, (2, 3): 5, (2, 4): 30, (2, 9): 1, (3, 6): 5, (3, 9): 32, (3, 10): 1, (4, 5): 1, (4, 6): 1, (4, 10): 1, (5, 7): 26, (5, 9): 1, (5, 10): 1, (6, 7): 2, (6, 8): 1, (7, 9): 1, (8, 10): 1, (9, 10): 1}",705.9574127197266,149.0,33.0,419.0
68.0,Graph with 11 nodes and 28 edges,"[[0, 0, 1, 1, 0, 0, 0, 1, 0, 0, 1], [0, 0, 1, 0, 0, 0, 1, 1, 0, 1, 0], [1, 1, 0, 1, 1, 1, 0, 1, 0, 1, 1], [1, 0, 1, 0, 0, 0, 0, 1, 0, 1, 1], [0, 0, 1, 0, 0, 0, 1, 0, 1, 1, 1], [0, 0, 1, 0, 0, 0, 0, 1, 1, 1, 1], [0, 1, 0, 0, 1, 0, 0, 0, 0, 0, 1], [1, 1, 1, 1, 0, 1, 0, 0, 1, 1, 0], [0, 0, 0, 0, 1, 1, 0, 1, 0, 0, 0], [0, 1, 1, 1, 1, 1, 0, 1, 0, 0, 0], [1, 0, 1, 1, 1, 1, 1, 0, 0, 0, 0]]",17.0,7.0,Y,"{0: 87, 1: 66, 2: 38, 3: 80, 4: 52, 5: 17, 6: 45, 7: 59, 8: 31, 9: 24, 10: 73}","{(0, 2): 1, (0, 3): 54, (0, 7): 1, (0, 10): 31, (1, 2): 16, (1, 6): 21, (1, 7): 23, (1, 9): 6, (2, 3): 1, (2, 4): 9, (2, 5): 1, (2, 7): 1, (2, 9): 8, (2, 10): 1, (3, 7): 17, (3, 9): 1, (3, 10): 7, (4, 6): 12, (4, 8): 15, (4, 9): 7, (4, 10): 9, (5, 7): 1, (5, 8): 1, (5, 9): 1, (5, 10): 13, (6, 10): 12, (7, 8): 15, (7, 9): 1}",1170.8736419677734,149.0,33.0,419.0
70.0,Graph with 11 nodes and 25 edges,"[[0, 1, 1, 1, 0, 0, 1, 0, 0, 0, 1], [1, 0, 0, 1, 0, 0, 1, 1, 1, 0, 0], [1, 0, 0, 0, 0, 0, 1, 0, 0, 1, 1], [1, 1, 0, 0, 1, 0, 1, 0, 0, 0, 1], [0, 0, 0, 1, 0, 1, 1, 0, 1, 1, 0], [0, 0, 0, 0, 1, 0, 1, 1, 1, 1, 0], [1, 1, 1, 1, 1, 1, 0, 0, 0, 0, 0], [0, 1, 0, 0, 0, 1, 0, 0, 1, 0, 1], [0, 1, 0, 0, 1, 1, 0, 1, 0, 0, 0], [0, 0, 1, 0, 1, 1, 0, 0, 0, 0, 0], [1, 0, 1, 1, 0, 0, 0, 1, 0, 0, 0]]",20.0,2.0,Y,"{0: 28, 1: 36, 2: 38, 3: 32, 4: 40, 5: 20, 6: 26, 7: 24, 8: 30, 9: 34, 10: 22}","{(0, 1): 4, (0, 2): 1, (0, 3): 19, (0, 6): 1, (0, 10): 3, (1, 3): 5, (1, 6): 6, (1, 7): 1, (1, 8): 20, (2, 6): 1, (2, 9): 32, (2, 10): 4, (3, 4): 6, (3, 6): 1, (3, 10): 1, (4, 5): 16, (4, 6): 16, (4, 8): 1, (4, 9): 1, (5, 6): 1, (5, 7): 1, (5, 8): 1, (5, 9): 1, (7, 8): 8, (7, 10): 14}",39.81590270996094,146.0,33.0,413.0
71.0,Graph with 11 nodes and 24 edges,"[[0, 0, 1, 0, 1, 1, 0, 1, 0, 1, 0], [0, 0, 0, 0, 1, 0, 1, 0, 1, 0, 0], [1, 0, 0, 0, 0, 1, 1, 1, 1, 0, 0], [0, 0, 0, 0, 0, 0, 1, 1, 1, 0, 1], [1, 1, 0, 0, 0, 1, 1, 1, 0, 0, 0], [1, 0, 1, 0, 1, 0, 0, 0, 1, 0, 0], [0, 1, 1, 1, 1, 0, 0, 0, 0, 0, 1], [1, 0, 1, 1, 1, 0, 0, 0, 1, 0, 0], [0, 1, 1, 1, 0, 1, 0, 1, 0, 1, 0], [1, 0, 0, 0, 0, 0, 0, 0, 1, 0, 1], [0, 0, 0, 1, 0, 0, 1, 0, 0, 1, 0]]",8.0,4.0,Y,"{0: 20, 1: 48, 2: 12, 3: 44, 4: 36, 5: 16, 6: 28, 7: 32, 8: 40, 9: 8, 10: 24}","{(0, 2): 1, (0, 4): 14, (0, 5): 1, (0, 7): 1, (0, 9): 3, (1, 4): 1, (1, 6): 17, (1, 8): 30, (2, 5): 1, (2, 6): 8, (2, 7): 1, (2, 8): 1, (3, 6): 1, (3, 7): 20, (3, 8): 1, (3, 10): 22, (4, 5): 11, (4, 6): 1, (4, 7): 9, (5, 8): 3, (6, 10): 1, (7, 8): 1, (8, 9): 4, (9, 10): 1}",1672.983169555664,145.0,33.0,411.0
71.0,Graph with 11 nodes and 24 edges,"[[0, 0, 1, 0, 1, 1, 0, 1, 0, 1, 0], [0, 0, 0, 0, 1, 0, 1, 0, 1, 0, 0], [1, 0, 0, 0, 0, 1, 1, 1, 1, 0, 0], [0, 0, 0, 0, 0, 0, 1, 1, 1, 0, 1], [1, 1, 0, 0, 0, 1, 1, 1, 0, 0, 0], [1, 0, 1, 0, 1, 0, 0, 0, 1, 0, 0], [0, 1, 1, 1, 1, 0, 0, 0, 0, 0, 1], [1, 0, 1, 1, 1, 0, 0, 0, 1, 0, 0], [0, 1, 1, 1, 0, 1, 0, 1, 0, 1, 0], [1, 0, 0, 0, 0, 0, 0, 0, 1, 0, 1], [0, 0, 0, 1, 0, 0, 1, 0, 0, 1, 0]]",21.0,9.0,Y,"{0: 111, 1: 30, 2: 21, 3: 66, 4: 75, 5: 93, 6: 57, 7: 102, 8: 84, 9: 48, 10: 39}","{(0, 2): 1, (0, 4): 57, (0, 5): 12, (0, 7): 31, (0, 9): 10, (1, 4): 1, (1, 6): 28, (1, 8): 1, (2, 5): 1, (2, 6): 12, (2, 7): 6, (2, 8): 1, (3, 6): 1, (3, 7): 63, (3, 8): 1, (3, 10): 1, (4, 5): 1, (4, 6): 15, (4, 7): 1, (5, 8): 79, (6, 10): 1, (7, 8): 1, (8, 9): 1, (9, 10): 37}",1786.947250366211,145.0,33.0,411.0
72.0,Graph with 11 nodes and 27 edges,"[[0, 1, 0, 0, 0, 1, 1, 0, 1, 1, 0], [1, 0, 1, 0, 0, 0, 0, 0, 1, 1, 0], [0, 1, 0, 0, 1, 0, 0, 0, 1, 0, 1], [0, 0, 0, 0, 0, 1, 0, 1, 0, 0, 1], [0, 0, 1, 0, 0, 1, 1, 0, 1, 1, 1], [1, 0, 0, 1, 1, 0, 1, 1, 0, 0, 1], [1, 0, 0, 0, 1, 1, 0, 1, 1, 0, 0], [0, 0, 0, 1, 0, 1, 1, 0, 0, 0, 1], [1, 1, 1, 0, 1, 0, 1, 0, 0, 1, 0], [1, 1, 0, 0, 1, 0, 0, 0, 1, 0, 1], [0, 0, 1, 1, 1, 1, 0, 1, 0, 1, 0]]",10.0,6.0,Y,"{0: 46, 1: 10, 2: 22, 3: 40, 4: 52, 5: 28, 6: 34, 7: 16, 8: 58, 9: 64, 10: 70}","{(0, 1): 1, (0, 5): 1, (0, 6): 1, (0, 8): 1, (0, 9): 42, (1, 2): 1, (1, 8): 1, (1, 9): 7, (2, 4): 1, (2, 8): 1, (2, 10): 19, (3, 5): 1, (3, 7): 1, (3, 10): 38, (4, 5): 7, (4, 6): 1, (4, 8): 29, (4, 9): 13, (4, 10): 1, (5, 6): 1, (5, 7): 8, (5, 10): 10, (6, 7): 6, (6, 8): 25, (7, 10): 1, (8, 9): 1, (9, 10): 1}",1258.85009765625,148.0,33.0,417.0
75.0,Graph with 11 nodes and 24 edges,"[[0, 1, 0, 1, 1, 1, 1, 1, 0, 0, 1], [1, 0, 0, 0, 0, 1, 0, 0, 1, 1, 0], [0, 0, 0, 0, 0, 1, 1, 0, 0, 0, 0], [1, 0, 0, 0, 0, 0, 0, 1, 1, 0, 0], [1, 0, 0, 0, 0, 1, 0, 0, 1, 1, 1], [1, 1, 1, 0, 1, 0, 1, 0, 1, 0, 1], [1, 0, 1, 0, 0, 1, 0, 0, 1, 0, 0], [1, 0, 0, 1, 0, 0, 0, 0, 0, 0, 0], [0, 1, 0, 1, 1, 1, 1, 0, 0, 0, 1], [0, 1, 0, 0, 1, 0, 0, 0, 0, 0, 1], [1, 0, 0, 0, 1, 1, 0, 0, 1, 1, 0]]",2.0,6.0,Y,"{0: 50, 1: 32, 2: 2, 3: 8, 4: 20, 5: 44, 6: 26, 7: 38, 8: 62, 9: 14, 10: 56}","{(0, 1): 1, (0, 3): 1, (0, 4): 1, (0, 5): 1, (0, 6): 13, (0, 7): 32, (0, 10): 1, (1, 5): 1, (1, 8): 18, (1, 9): 12, (2, 5): 1, (2, 6): 1, (3, 7): 6, (3, 8): 1, (4, 5): 1, (4, 8): 16, (4, 9): 1, (4, 10): 1, (5, 6): 9, (5, 8): 1, (5, 10): 30, (6, 8): 3, (8, 10): 23, (9, 10): 1}",2368.927001953125,145.0,33.0,411.0
77.0,Graph with 11 nodes and 25 edges,"[[0, 1, 0, 0, 0, 0, 0, 1, 1, 1, 0], [1, 0, 0, 0, 0, 1, 0, 1, 1, 1, 0], [0, 0, 0, 0, 1, 1, 0, 0, 1, 1, 1], [0, 0, 0, 0, 0, 1, 0, 1, 0, 0, 1], [0, 0, 1, 0, 0, 1, 1, 0, 0, 0, 0], [0, 1, 1, 1, 1, 0, 0, 1, 0, 0, 0], [0, 0, 0, 0, 1, 0, 0, 1, 1, 0, 0], [1, 1, 0, 1, 0, 1, 1, 0, 0, 1, 1], [1, 1, 1, 0, 0, 0, 1, 0, 0, 0, 1], [1, 1, 1, 0, 0, 0, 0, 1, 0, 0, 1], [0, 0, 1, 1, 0, 0, 0, 1, 1, 1, 0]]",15.0,1.0,Y,"{0: 16, 1: 17, 2: 18, 3: 19, 4: 20, 5: 21, 6: 22, 7: 23, 8: 24, 9: 25, 10: 15}","{(0, 1): 13, (0, 7): 1, (0, 8): 1, (0, 9): 1, (1, 5): 1, (1, 7): 1, (1, 8): 1, (1, 9): 1, (2, 4): 14, (2, 5): 1, (2, 8): 1, (2, 9): 1, (2, 10): 1, (3, 5): 17, (3, 7): 1, (3, 10): 1, (4, 5): 1, (4, 6): 5, (5, 7): 1, (6, 7): 2, (6, 8): 15, (7, 9): 16, (7, 10): 1, (8, 10): 6, (9, 10): 6}",1033.0677032470703,146.0,33.0,413.0
77.0,Graph with 11 nodes and 25 edges,"[[0, 1, 0, 0, 0, 0, 0, 1, 1, 1, 0], [1, 0, 0, 0, 0, 1, 0, 1, 1, 1, 0], [0, 0, 0, 0, 1, 1, 0, 0, 1, 1, 1], [0, 0, 0, 0, 0, 1, 0, 1, 0, 0, 1], [0, 0, 1, 0, 0, 1, 1, 0, 0, 0, 0], [0, 1, 1, 1, 1, 0, 0, 1, 0, 0, 0], [0, 0, 0, 0, 1, 0, 0, 1, 1, 0, 0], [1, 1, 0, 1, 0, 1, 1, 0, 0, 1, 1], [1, 1, 1, 0, 0, 0, 1, 0, 0, 0, 1], [1, 1, 1, 0, 0, 0, 0, 1, 0, 0, 1], [0, 0, 1, 1, 0, 0, 0, 1, 1, 1, 0]]",25.0,1.0,Y,"{0: 25, 1: 35, 2: 34, 3: 33, 4: 32, 5: 31, 6: 30, 7: 29, 8: 28, 9: 27, 10: 26}","{(0, 1): 1, (0, 7): 22, (0, 8): 1, (0, 9): 1, (1, 5): 1, (1, 7): 2, (1, 8): 8, (1, 9): 23, (2, 4): 1, (2, 5): 1, (2, 8): 16, (2, 9): 1, (2, 10): 15, (3, 5): 24, (3, 7): 1, (3, 10): 8, (4, 5): 4, (4, 6): 27, (5, 7): 1, (6, 7): 1, (6, 8): 2, (7, 9): 1, (7, 10): 1, (8, 10): 1, (9, 10): 1}",655.8895111083984,146.0,33.0,413.0
80.0,Graph with 11 nodes and 29 edges,"[[0, 0, 0, 0, 0, 1, 1, 0, 1, 0, 1], [0, 0, 0, 1, 0, 1, 0, 1, 1, 1, 0], [0, 0, 0, 1, 1, 1, 0, 0, 1, 0, 1], [0, 1, 1, 0, 0, 0, 1, 1, 0, 1, 1], [0, 0, 1, 0, 0, 1, 0, 1, 1, 1, 1], [1, 1, 1, 0, 1, 0, 0, 0, 1, 0, 1], [1, 0, 0, 1, 0, 0, 0, 0, 1, 1, 0], [0, 1, 0, 1, 1, 0, 0, 0, 0, 1, 0], [1, 1, 1, 0, 1, 1, 1, 0, 0, 0, 1], [0, 1, 0, 1, 1, 0, 1, 1, 0, 0, 0], [1, 0, 1, 1, 1, 1, 0, 0, 1, 0, 0]]",5.0,1.0,Y,"{0: 8, 1: 9, 2: 7, 3: 14, 4: 11, 5: 13, 6: 10, 7: 6, 8: 15, 9: 5, 10: 12}","{(0, 5): 1, (0, 6): 1, (0, 8): 5, (0, 10): 1, (1, 3): 1, (1, 5): 1, (1, 7): 1, (1, 8): 5, (1, 9): 1, (2, 3): 1, (2, 4): 1, (2, 5): 1, (2, 8): 1, (2, 10): 3, (3, 6): 7, (3, 7): 2, (3, 9): 1, (3, 10): 2, (4, 5): 5, (4, 7): 2, (4, 8): 1, (4, 9): 1, (4, 10): 1, (5, 8): 1, (5, 10): 4, (6, 8): 1, (6, 9): 1, (7, 9): 1, (8, 10): 1}",1010.894775390625,150.0,33.0,421.0
80.0,Graph with 11 nodes and 29 edges,"[[0, 0, 0, 0, 0, 1, 1, 0, 1, 0, 1], [0, 0, 0, 1, 0, 1, 0, 1, 1, 1, 0], [0, 0, 0, 1, 1, 1, 0, 0, 1, 0, 1], [0, 1, 1, 0, 0, 0, 1, 1, 0, 1, 1], [0, 0, 1, 0, 0, 1, 0, 1, 1, 1, 1], [1, 1, 1, 0, 1, 0, 0, 0, 1, 0, 1], [1, 0, 0, 1, 0, 0, 0, 0, 1, 1, 0], [0, 1, 0, 1, 1, 0, 0, 0, 0, 1, 0], [1, 1, 1, 0, 1, 1, 1, 0, 0, 0, 1], [0, 1, 0, 1, 1, 0, 1, 1, 0, 0, 0], [1, 0, 1, 1, 1, 1, 0, 0, 1, 0, 0]]",12.0,2.0,Y,"{0: 32, 1: 30, 2: 28, 3: 26, 4: 24, 5: 22, 6: 20, 7: 18, 8: 16, 9: 14, 10: 12}","{(0, 5): 1, (0, 6): 17, (0, 8): 10, (0, 10): 4, (1, 3): 1, (1, 5): 3, (1, 7): 15, (1, 8): 1, (1, 9): 10, (2, 3): 18, (2, 4): 6, (2, 5): 2, (2, 8): 1, (2, 10): 1, (3, 6): 1, (3, 7): 1, (3, 9): 1, (3, 10): 4, (4, 5): 14, (4, 7): 1, (4, 8): 1, (4, 9): 1, (4, 10): 1, (5, 8): 1, (5, 10): 1, (6, 8): 1, (6, 9): 1, (7, 9): 1, (8, 10): 1}",594.1390991210938,150.0,33.0,421.0
80.0,Graph with 11 nodes and 29 edges,"[[0, 0, 0, 0, 0, 1, 1, 0, 1, 0, 1], [0, 0, 0, 1, 0, 1, 0, 1, 1, 1, 0], [0, 0, 0, 1, 1, 1, 0, 0, 1, 0, 1], [0, 1, 1, 0, 0, 0, 1, 1, 0, 1, 1], [0, 0, 1, 0, 0, 1, 0, 1, 1, 1, 1], [1, 1, 1, 0, 1, 0, 0, 0, 1, 0, 1], [1, 0, 0, 1, 0, 0, 0, 0, 1, 1, 0], [0, 1, 0, 1, 1, 0, 0, 0, 0, 1, 0], [1, 1, 1, 0, 1, 1, 1, 0, 0, 0, 1], [0, 1, 0, 1, 1, 0, 1, 1, 0, 0, 0], [1, 0, 1, 1, 1, 1, 0, 0, 1, 0, 0]]",21.0,9.0,Y,"{0: 93, 1: 66, 2: 30, 3: 48, 4: 111, 5: 75, 6: 39, 7: 21, 8: 102, 9: 57, 10: 84}","{(0, 5): 70, (0, 6): 1, (0, 8): 1, (0, 10): 21, (1, 3): 1, (1, 5): 1, (1, 7): 1, (1, 8): 62, (1, 9): 1, (2, 3): 26, (2, 4): 1, (2, 5): 1, (2, 8): 1, (2, 10): 1, (3, 6): 18, (3, 7): 1, (3, 9): 1, (3, 10): 1, (4, 5): 1, (4, 7): 1, (4, 8): 15, (4, 9): 36, (4, 10): 57, (5, 8): 1, (5, 10): 1, (6, 8): 19, (6, 9): 1, (7, 9): 18, (8, 10): 3}",2260.923385620117,150.0,33.0,421.0
80.0,Graph with 11 nodes and 29 edges,"[[0, 0, 0, 0, 0, 1, 1, 0, 1, 0, 1], [0, 0, 0, 1, 0, 1, 0, 1, 1, 1, 0], [0, 0, 0, 1, 1, 1, 0, 0, 1, 0, 1], [0, 1, 1, 0, 0, 0, 1, 1, 0, 1, 1], [0, 0, 1, 0, 0, 1, 0, 1, 1, 1, 1], [1, 1, 1, 0, 1, 0, 0, 0, 1, 0, 1], [1, 0, 0, 1, 0, 0, 0, 0, 1, 1, 0], [0, 1, 0, 1, 1, 0, 0, 0, 0, 1, 0], [1, 1, 1, 0, 1, 1, 1, 0, 0, 0, 1], [0, 1, 0, 1, 1, 0, 1, 1, 0, 0, 0], [1, 0, 1, 1, 1, 1, 0, 0, 1, 0, 0]]",22.0,8.0,Y,"{0: 102, 1: 22, 2: 38, 3: 46, 4: 70, 5: 86, 6: 62, 7: 30, 8: 94, 9: 54, 10: 78}","{(0, 5): 81, (0, 6): 1, (0, 8): 1, (0, 10): 19, (1, 3): 2, (1, 5): 1, (1, 7): 9, (1, 8): 9, (1, 9): 1, (2, 3): 1, (2, 4): 1, (2, 5): 1, (2, 8): 21, (2, 10): 14, (3, 6): 40, (3, 7): 1, (3, 9): 1, (3, 10): 1, (4, 5): 1, (4, 7): 18, (4, 8): 1, (4, 9): 48, (4, 10): 1, (5, 8): 1, (5, 10): 1, (6, 8): 19, (6, 9): 2, (7, 9): 2, (8, 10): 42}",2053.976058959961,150.0,33.0,421.0
81.0,Graph with 11 nodes and 29 edges,"[[0, 1, 1, 0, 1, 0, 1, 1, 0, 1, 1], [1, 0, 1, 0, 1, 1, 1, 0, 0, 1, 1], [1, 1, 0, 0, 0, 0, 1, 0, 0, 0, 1], [0, 0, 0, 0, 1, 0, 0, 1, 0, 0, 1], [1, 1, 0, 1, 0, 0, 0, 1, 0, 1, 0], [0, 1, 0, 0, 0, 0, 0, 0, 1, 0, 1], [1, 1, 1, 0, 0, 0, 0, 1, 1, 1, 0], [1, 0, 0, 1, 1, 0, 1, 0, 1, 1, 1], [0, 0, 0, 0, 0, 1, 1, 1, 0, 0, 1], [1, 1, 0, 0, 1, 0, 1, 1, 0, 0, 0], [1, 1, 1, 1, 0, 1, 0, 1, 1, 0, 0]]",15.0,9.0,Y,"{0: 87, 1: 78, 2: 24, 3: 33, 4: 69, 5: 60, 6: 51, 7: 105, 8: 42, 9: 15, 10: 96}","{(0, 1): 72, (0, 2): 10, (0, 4): 1, (0, 6): 1, (0, 7): 1, (0, 9): 1, (0, 10): 1, (1, 2): 1, (1, 4): 1, (1, 5): 1, (1, 6): 1, (1, 9): 1, (1, 10): 1, (2, 6): 12, (2, 10): 1, (3, 4): 1, (3, 7): 1, (3, 10): 31, (4, 7): 65, (4, 9): 1, (5, 8): 14, (5, 10): 45, (6, 7): 25, (6, 8): 11, (6, 9): 1, (7, 8): 1, (7, 9): 11, (7, 10): 1, (8, 10): 16}",1431.9419860839844,150.0,33.0,421.0
81.0,Graph with 11 nodes and 29 edges,"[[0, 1, 1, 0, 1, 0, 1, 1, 0, 1, 1], [1, 0, 1, 0, 1, 1, 1, 0, 0, 1, 1], [1, 1, 0, 0, 0, 0, 1, 0, 0, 0, 1], [0, 0, 0, 0, 1, 0, 0, 1, 0, 0, 1], [1, 1, 0, 1, 0, 0, 0, 1, 0, 1, 0], [0, 1, 0, 0, 0, 0, 0, 0, 1, 0, 1], [1, 1, 1, 0, 0, 0, 0, 1, 1, 1, 0], [1, 0, 0, 1, 1, 0, 1, 0, 1, 1, 1], [0, 0, 0, 0, 0, 1, 1, 1, 0, 0, 1], [1, 1, 0, 0, 1, 0, 1, 1, 0, 0, 0], [1, 1, 1, 1, 0, 1, 0, 1, 1, 0, 0]]",21.0,3.0,Y,"{0: 39, 1: 45, 2: 24, 3: 27, 4: 51, 5: 42, 6: 30, 7: 36, 8: 33, 9: 21, 10: 48}","{(0, 1): 1, (0, 2): 1, (0, 4): 33, (0, 6): 1, (0, 7): 1, (0, 9): 1, (0, 10): 1, (1, 2): 1, (1, 4): 15, (1, 5): 1, (1, 6): 25, (1, 9): 1, (1, 10): 1, (2, 6): 1, (2, 10): 21, (3, 4): 1, (3, 7): 14, (3, 10): 12, (4, 7): 1, (4, 9): 1, (5, 8): 30, (5, 10): 11, (6, 7): 1, (6, 8): 1, (6, 9): 1, (7, 8): 1, (7, 9): 17, (7, 10): 1, (8, 10): 1}",1255.035400390625,150.0,33.0,421.0
83.0,Graph with 11 nodes and 29 edges,"[[0, 1, 1, 0, 1, 1, 0, 0, 1, 0, 1], [1, 0, 1, 0, 1, 0, 1, 1, 1, 0, 1], [1, 1, 0, 1, 0, 0, 0, 0, 1, 0, 1], [0, 0, 1, 0, 1, 1, 0, 1, 1, 1, 0], [1, 1, 0, 1, 0, 1, 1, 1, 0, 0, 0], [1, 0, 0, 1, 1, 0, 0, 1, 0, 0, 1], [0, 1, 0, 0, 1, 0, 0, 1, 0, 0, 1], [0, 1, 0, 1, 1, 1, 1, 0, 1, 0, 1], [1, 1, 1, 1, 0, 0, 0, 1, 0, 0, 0], [0, 0, 0, 1, 0, 0, 0, 0, 0, 0, 0], [1, 1, 1, 0, 0, 1, 1, 1, 0, 0, 0]]",9.0,9.0,Y,"{0: 45, 1: 81, 2: 36, 3: 99, 4: 18, 5: 27, 6: 9, 7: 72, 8: 63, 9: 90, 10: 54}","{(0, 1): 1, (0, 2): 1, (0, 4): 1, (0, 5): 1, (0, 8): 1, (0, 10): 40, (1, 2): 1, (1, 4): 1, (1, 6): 1, (1, 7): 52, (1, 8): 24, (1, 10): 1, (2, 3): 1, (2, 8): 32, (2, 10): 1, (3, 4): 1, (3, 5): 1, (3, 7): 1, (3, 8): 5, (3, 9): 90, (4, 5): 13, (4, 6): 1, (4, 7): 1, (5, 7): 11, (5, 10): 1, (6, 7): 1, (6, 10): 6, (7, 8): 1, (7, 10): 5}",936.9850158691406,150.0,33.0,421.0
83.0,Graph with 11 nodes and 29 edges,"[[0, 1, 1, 0, 1, 1, 0, 0, 1, 0, 1], [1, 0, 1, 0, 1, 0, 1, 1, 1, 0, 1], [1, 1, 0, 1, 0, 0, 0, 0, 1, 0, 1], [0, 0, 1, 0, 1, 1, 0, 1, 1, 1, 0], [1, 1, 0, 1, 0, 1, 1, 1, 0, 0, 0], [1, 0, 0, 1, 1, 0, 0, 1, 0, 0, 1], [0, 1, 0, 0, 1, 0, 0, 1, 0, 0, 1], [0, 1, 0, 1, 1, 1, 1, 0, 1, 0, 1], [1, 1, 1, 1, 0, 0, 0, 1, 0, 0, 0], [0, 0, 0, 1, 0, 0, 0, 0, 0, 0, 0], [1, 1, 1, 0, 0, 1, 1, 1, 0, 0, 0]]",12.0,8.0,Y,"{0: 92, 1: 76, 2: 12, 3: 52, 4: 44, 5: 20, 6: 60, 7: 28, 8: 68, 9: 36, 10: 84}","{(0, 1): 1, (0, 2): 8, (0, 4): 1, (0, 5): 1, (0, 8): 58, (0, 10): 23, (1, 2): 1, (1, 4): 39, (1, 6): 5, (1, 7): 22, (1, 8): 7, (1, 10): 1, (2, 3): 1, (2, 8): 1, (2, 10): 1, (3, 4): 1, (3, 5): 12, (3, 7): 1, (3, 8): 1, (3, 9): 36, (4, 5): 1, (4, 6): 1, (4, 7): 1, (5, 7): 1, (5, 10): 5, (6, 7): 1, (6, 10): 53, (7, 8): 1, (7, 10): 1}",1663.9232635498047,150.0,33.0,421.0
84.0,Graph with 11 nodes and 26 edges,"[[0, 0, 0, 1, 1, 0, 0, 1, 0, 1, 0], [0, 0, 0, 0, 1, 0, 0, 0, 1, 1, 1], [0, 0, 0, 0, 1, 1, 1, 1, 0, 1, 1], [1, 0, 0, 0, 1, 0, 1, 0, 1, 0, 0], [1, 1, 1, 1, 0, 1, 1, 1, 0, 0, 1], [0, 0, 1, 0, 1, 0, 0, 0, 0, 1, 1], [0, 0, 1, 1, 1, 0, 0, 1, 0, 1, 0], [1, 0, 1, 0, 1, 0, 1, 0, 1, 0, 0], [0, 1, 0, 1, 0, 0, 0, 1, 0, 0, 0], [1, 1, 1, 0, 0, 1, 1, 0, 0, 0, 0], [0, 1, 1, 0, 1, 1, 0, 0, 0, 0, 0]]",3.0,3.0,Y,"{0: 9, 1: 33, 2: 21, 3: 6, 4: 24, 5: 18, 6: 12, 7: 27, 8: 3, 9: 15, 10: 30}","{(0, 3): 2, (0, 4): 1, (0, 7): 2, (0, 9): 4, (1, 4): 2, (1, 8): 1, (1, 9): 5, (1, 10): 25, (2, 4): 1, (2, 5): 7, (2, 6): 1, (2, 7): 9, (2, 9): 2, (2, 10): 1, (3, 4): 1, (3, 6): 2, (3, 8): 1, (4, 5): 7, (4, 6): 1, (4, 7): 10, (4, 10): 1, (5, 9): 1, (5, 10): 3, (6, 7): 5, (6, 9): 3, (7, 8): 1}",1127.9582977294922,147.0,33.0,415.0
85.0,Graph with 11 nodes and 28 edges,"[[0, 1, 0, 1, 0, 0, 0, 0, 1, 0, 1], [1, 0, 0, 1, 1, 1, 0, 1, 0, 0, 1], [0, 0, 0, 1, 0, 1, 0, 0, 0, 1, 0], [1, 1, 1, 0, 1, 1, 1, 0, 1, 0, 0], [0, 1, 0, 1, 0, 1, 0, 1, 1, 1, 1], [0, 1, 1, 1, 1, 0, 1, 1, 0, 0, 1], [0, 0, 0, 1, 0, 1, 0, 0, 1, 0, 1], [0, 1, 0, 0, 1, 1, 0, 0, 0, 0, 0], [1, 0, 0, 1, 1, 0, 1, 0, 0, 1, 0], [0, 0, 1, 0, 1, 0, 0, 0, 1, 0, 1], [1, 1, 0, 0, 1, 1, 1, 0, 0, 1, 0]]",12.0,2.0,Y,"{0: 20, 1: 14, 2: 30, 3: 32, 4: 28, 5: 16, 6: 18, 7: 24, 8: 12, 9: 26, 10: 22}","{(0, 1): 1, (0, 3): 5, (0, 8): 1, (0, 10): 13, (1, 3): 1, (1, 4): 5, (1, 5): 1, (1, 7): 5, (1, 10): 1, (2, 3): 10, (2, 5): 1, (2, 9): 19, (3, 4): 1, (3, 5): 1, (3, 6): 6, (3, 8): 8, (4, 5): 1, (4, 7): 14, (4, 8): 1, (4, 9): 5, (4, 10): 1, (5, 6): 6, (5, 7): 5, (5, 10): 1, (6, 8): 1, (6, 10): 5, (8, 9): 1, (9, 10): 1}",102.996826171875,149.0,33.0,419.0
86.0,Graph with 11 nodes and 29 edges,"[[0, 1, 0, 0, 0, 0, 1, 1, 0, 1, 0], [1, 0, 1, 1, 0, 1, 0, 0, 0, 1, 1], [0, 1, 0, 0, 0, 1, 1, 1, 0, 1, 1], [0, 1, 0, 0, 1, 1, 1, 1, 0, 0, 0], [0, 0, 0, 1, 0, 0, 1, 1, 1, 1, 1], [0, 1, 1, 1, 0, 0, 0, 1, 0, 0, 1], [1, 0, 1, 1, 1, 0, 0, 1, 0, 0, 0], [1, 0, 1, 1, 1, 1, 1, 0, 0, 1, 0], [0, 0, 0, 0, 1, 0, 0, 0, 0, 1, 0], [1, 1, 1, 0, 1, 0, 0, 1, 1, 0, 1], [0, 1, 1, 0, 1, 1, 0, 0, 0, 1, 0]]",24.0,2.0,Y,"{0: 44, 1: 42, 2: 40, 3: 38, 4: 36, 5: 34, 6: 32, 7: 30, 8: 28, 9: 26, 10: 24}","{(0, 1): 1, (0, 6): 28, (0, 7): 1, (0, 9): 14, (1, 2): 31, (1, 3): 1, (1, 5): 1, (1, 9): 7, (1, 10): 1, (2, 5): 5, (2, 6): 1, (2, 7): 1, (2, 9): 1, (2, 10): 1, (3, 4): 1, (3, 5): 11, (3, 6): 1, (3, 7): 24, (4, 6): 1, (4, 7): 1, (4, 8): 27, (4, 9): 1, (4, 10): 5, (5, 7): 1, (5, 10): 16, (6, 7): 1, (7, 9): 1, (8, 9): 1, (9, 10): 1}",689.9833679199219,150.0,33.0,421.0
87.0,Graph with 11 nodes and 32 edges,"[[0, 0, 1, 1, 0, 0, 1, 1, 1, 1, 1], [0, 0, 1, 0, 0, 1, 1, 1, 1, 0, 0], [1, 1, 0, 0, 1, 0, 0, 0, 0, 0, 1], [1, 0, 0, 0, 1, 0, 0, 0, 1, 1, 1], [0, 0, 1, 1, 0, 0, 0, 1, 1, 0, 1], [0, 1, 0, 0, 0, 0, 1, 1, 1, 1, 1], [1, 1, 0, 0, 0, 1, 0, 0, 1, 1, 1], [1, 1, 0, 0, 1, 1, 0, 0, 1, 1, 0], [1, 1, 0, 1, 1, 1, 1, 1, 0, 1, 0], [1, 0, 0, 1, 0, 1, 1, 1, 1, 0, 0], [1, 0, 1, 1, 1, 1, 1, 0, 0, 0, 0]]",13.0,5.0,Y,"{0: 13, 1: 53, 2: 58, 3: 43, 4: 33, 5: 28, 6: 38, 7: 23, 8: 63, 9: 48, 10: 18}","{(0, 2): 1, (0, 3): 1, (0, 6): 1, (0, 7): 3, (0, 8): 1, (0, 9): 1, (0, 10): 5, (1, 2): 37, (1, 5): 3, (1, 6): 6, (1, 7): 1, (1, 8): 6, (2, 4): 13, (2, 10): 7, (3, 4): 12, (3, 8): 22, (3, 9): 7, (3, 10): 1, (4, 7): 4, (4, 8): 1, (4, 10): 3, (5, 6): 2, (5, 7): 13, (5, 8): 1, (5, 9): 8, (5, 10): 1, (6, 8): 14, (6, 9): 14, (6, 10): 1, (7, 8): 1, (7, 9): 1, (8, 9): 17}",70.09506225585938,153.0,33.0,427.0
87.0,Graph with 11 nodes and 32 edges,"[[0, 0, 1, 1, 0, 0, 1, 1, 1, 1, 1], [0, 0, 1, 0, 0, 1, 1, 1, 1, 0, 0], [1, 1, 0, 0, 1, 0, 0, 0, 0, 0, 1], [1, 0, 0, 0, 1, 0, 0, 0, 1, 1, 1], [0, 0, 1, 1, 0, 0, 0, 1, 1, 0, 1], [0, 1, 0, 0, 0, 0, 1, 1, 1, 1, 1], [1, 1, 0, 0, 0, 1, 0, 0, 1, 1, 1], [1, 1, 0, 0, 1, 1, 0, 0, 1, 1, 0], [1, 1, 0, 1, 1, 1, 1, 1, 0, 1, 0], [1, 0, 0, 1, 0, 1, 1, 1, 1, 0, 0], [1, 0, 1, 1, 1, 1, 1, 0, 0, 0, 0]]",26.0,4.0,Y,"{0: 34, 1: 58, 2: 62, 3: 50, 4: 42, 5: 46, 6: 38, 7: 66, 8: 26, 9: 54, 10: 30}","{(0, 2): 1, (0, 3): 1, (0, 6): 1, (0, 7): 28, (0, 8): 1, (0, 9): 1, (0, 10): 1, (1, 2): 46, (1, 5): 1, (1, 6): 9, (1, 7): 1, (1, 8): 1, (2, 4): 14, (2, 10): 1, (3, 4): 20, (3, 8): 1, (3, 9): 3, (3, 10): 25, (4, 7): 6, (4, 8): 1, (4, 10): 1, (5, 6): 13, (5, 7): 21, (5, 8): 1, (5, 9): 9, (5, 10): 1, (6, 8): 1, (6, 9): 13, (6, 10): 1, (7, 8): 1, (7, 9): 9, (8, 9): 19}",70.09506225585938,153.0,33.0,427.0
88.0,Graph with 11 nodes and 29 edges,"[[0, 1, 1, 1, 1, 0, 1, 1, 0, 1, 0], [1, 0, 1, 0, 1, 0, 1, 0, 0, 0, 0], [1, 1, 0, 0, 1, 0, 0, 1, 0, 0, 1], [1, 0, 0, 0, 0, 0, 0, 1, 0, 1, 1], [1, 1, 1, 0, 0, 1, 0, 1, 1, 0, 0], [0, 0, 0, 0, 1, 0, 0, 1, 1, 1, 0], [1, 1, 0, 0, 0, 0, 0, 1, 1, 0, 1], [1, 0, 1, 1, 1, 1, 1, 0, 1, 1, 1], [0, 0, 0, 0, 1, 1, 1, 1, 0, 1, 0], [1, 0, 0, 1, 0, 1, 0, 1, 1, 0, 0], [0, 0, 1, 1, 0, 0, 1, 1, 0, 0, 0]]",17.0,7.0,Y,"{0: 24, 1: 31, 2: 38, 3: 45, 4: 52, 5: 59, 6: 66, 7: 73, 8: 80, 9: 87, 10: 17}","{(0, 1): 18, (0, 2): 1, (0, 3): 1, (0, 4): 1, (0, 6): 1, (0, 7): 1, (0, 9): 1, (1, 2): 11, (1, 4): 1, (1, 6): 1, (2, 4): 24, (2, 7): 1, (2, 10): 1, (3, 7): 42, (3, 9): 1, (3, 10): 1, (4, 5): 24, (4, 7): 1, (4, 8): 1, (5, 7): 1, (5, 8): 1, (5, 9): 33, (6, 7): 1, (6, 8): 49, (6, 10): 14, (7, 8): 1, (7, 9): 24, (7, 10): 1, (8, 9): 28}",1245.0218200683594,150.0,33.0,421.0
89.0,Graph with 11 nodes and 27 edges,"[[0, 1, 1, 0, 0, 0, 0, 0, 1, 1, 0], [1, 0, 0, 0, 1, 0, 0, 1, 0, 0, 1], [1, 0, 0, 1, 0, 1, 1, 1, 1, 0, 1], [0, 0, 1, 0, 1, 0, 0, 1, 1, 0, 0], [0, 1, 0, 1, 0, 1, 1, 1, 0, 1, 1], [0, 0, 1, 0, 1, 0, 1, 0, 1, 1, 0], [0, 0, 1, 0, 1, 1, 0, 0, 0, 0, 1], [0, 1, 1, 1, 1, 0, 0, 0, 1, 1, 0], [1, 0, 1, 1, 0, 1, 0, 1, 0, 0, 0], [1, 0, 0, 0, 1, 1, 0, 1, 0, 0, 0], [0, 1, 1, 0, 1, 0, 1, 0, 0, 0, 0]]",19.0,7.0,Y,"{0: 47, 1: 82, 2: 68, 3: 54, 4: 26, 5: 33, 6: 40, 7: 61, 8: 75, 9: 19, 10: 89}","{(0, 1): 29, (0, 2): 1, (0, 8): 5, (0, 9): 12, (1, 4): 10, (1, 7): 36, (1, 10): 7, (2, 3): 1, (2, 5): 24, (2, 6): 1, (2, 7): 1, (2, 8): 1, (2, 10): 39, (3, 4): 1, (3, 7): 1, (3, 8): 51, (4, 5): 1, (4, 6): 1, (4, 7): 1, (4, 9): 1, (4, 10): 11, (5, 6): 6, (5, 8): 1, (5, 9): 1, (6, 10): 32, (7, 8): 17, (7, 9): 5}",1147.0317840576172,148.0,33.0,417.0
89.0,Graph with 11 nodes and 27 edges,"[[0, 1, 1, 0, 0, 0, 0, 0, 1, 1, 0], [1, 0, 0, 0, 1, 0, 0, 1, 0, 0, 1], [1, 0, 0, 1, 0, 1, 1, 1, 1, 0, 1], [0, 0, 1, 0, 1, 0, 0, 1, 1, 0, 0], [0, 1, 0, 1, 0, 1, 1, 1, 0, 1, 1], [0, 0, 1, 0, 1, 0, 1, 0, 1, 1, 0], [0, 0, 1, 0, 1, 1, 0, 0, 0, 0, 1], [0, 1, 1, 1, 1, 0, 0, 0, 1, 1, 0], [1, 0, 1, 1, 0, 1, 0, 1, 0, 0, 0], [1, 0, 0, 0, 1, 1, 0, 1, 0, 0, 0], [0, 1, 1, 0, 1, 0, 1, 0, 0, 0, 0]]",20.0,4.0,Y,"{0: 60, 1: 56, 2: 52, 3: 48, 4: 44, 5: 40, 6: 36, 7: 32, 8: 28, 9: 24, 10: 20}","{(0, 1): 21, (0, 2): 20, (0, 8): 1, (0, 9): 18, (1, 4): 17, (1, 7): 1, (1, 10): 17, (2, 3): 1, (2, 5): 1, (2, 6): 1, (2, 7): 27, (2, 8): 1, (2, 10): 1, (3, 4): 22, (3, 7): 1, (3, 8): 24, (4, 5): 1, (4, 6): 1, (4, 7): 1, (4, 9): 1, (4, 10): 1, (5, 6): 33, (5, 8): 1, (5, 9): 4, (6, 10): 1, (7, 8): 1, (7, 9): 1}",741.0049438476562,148.0,33.0,417.0
90.0,Graph with 11 nodes and 30 edges,"[[0, 1, 1, 1, 0, 1, 1, 1, 0, 1, 1], [1, 0, 1, 0, 0, 1, 1, 0, 1, 1, 0], [1, 1, 0, 1, 1, 1, 0, 0, 0, 1, 0], [1, 0, 1, 0, 1, 1, 0, 0, 0, 1, 1], [0, 0, 1, 1, 0, 1, 1, 0, 0, 0, 1], [1, 1, 1, 1, 1, 0, 0, 0, 1, 0, 0], [1, 1, 0, 0, 1, 0, 0, 1, 0, 1, 0], [1, 0, 0, 0, 0, 0, 1, 0, 0, 0, 1], [0, 1, 0, 0, 0, 1, 0, 0, 0, 0, 1], [1, 1, 1, 1, 0, 0, 1, 0, 0, 0, 1], [1, 0, 0, 1, 1, 0, 0, 1, 1, 1, 0]]",4.0,2.0,Y,"{0: 12, 1: 20, 2: 22, 3: 16, 4: 24, 5: 6, 6: 18, 7: 4, 8: 14, 9: 10, 10: 8}","{(0, 1): 1, (0, 2): 1, (0, 3): 1, (0, 5): 1, (0, 6): 5, (0, 7): 1, (0, 9): 1, (0, 10): 1, (1, 2): 3, (1, 5): 1, (1, 6): 4, (1, 8): 10, (1, 9): 1, (2, 3): 4, (2, 4): 11, (2, 5): 1, (2, 9): 2, (3, 4): 5, (3, 5): 1, (3, 9): 4, (3, 10): 1, (4, 5): 1, (4, 6): 6, (4, 10): 1, (5, 8): 1, (6, 7): 2, (6, 9): 1, (7, 10): 1, (8, 10): 3, (9, 10): 1}",92.98324584960938,151.0,33.0,423.0
90.0,Graph with 11 nodes and 30 edges,"[[0, 1, 1, 1, 0, 1, 1, 1, 0, 1, 1], [1, 0, 1, 0, 0, 1, 1, 0, 1, 1, 0], [1, 1, 0, 1, 1, 1, 0, 0, 0, 1, 0], [1, 0, 1, 0, 1, 1, 0, 0, 0, 1, 1], [0, 0, 1, 1, 0, 1, 1, 0, 0, 0, 1], [1, 1, 1, 1, 1, 0, 0, 0, 1, 0, 0], [1, 1, 0, 0, 1, 0, 0, 1, 0, 1, 0], [1, 0, 0, 0, 0, 0, 1, 0, 0, 0, 1], [0, 1, 0, 0, 0, 1, 0, 0, 0, 0, 1], [1, 1, 1, 1, 0, 0, 1, 0, 0, 0, 1], [1, 0, 0, 1, 1, 0, 0, 1, 1, 1, 0]]",9.0,7.0,Y,"{0: 16, 1: 23, 2: 30, 3: 37, 4: 44, 5: 51, 6: 58, 7: 65, 8: 72, 9: 9, 10: 79}","{(0, 1): 9, (0, 2): 1, (0, 3): 1, (0, 5): 1, (0, 6): 1, (0, 7): 1, (0, 9): 1, (0, 10): 1, (1, 2): 10, (1, 5): 1, (1, 6): 1, (1, 8): 1, (1, 9): 1, (2, 3): 16, (2, 4): 1, (2, 5): 1, (2, 9): 1, (3, 4): 10, (3, 5): 7, (3, 9): 1, (3, 10): 2, (4, 5): 16, (4, 6): 7, (4, 10): 10, (5, 8): 25, (6, 7): 48, (6, 9): 1, (7, 10): 16, (8, 10): 46, (9, 10): 4}",1093.8644409179688,151.0,33.0,423.0
90.0,Graph with 11 nodes and 30 edges,"[[0, 1, 1, 1, 0, 1, 1, 1, 0, 1, 1], [1, 0, 1, 0, 0, 1, 1, 0, 1, 1, 0], [1, 1, 0, 1, 1, 1, 0, 0, 0, 1, 0], [1, 0, 1, 0, 1, 1, 0, 0, 0, 1, 1], [0, 0, 1, 1, 0, 1, 1, 0, 0, 0, 1], [1, 1, 1, 1, 1, 0, 0, 0, 1, 0, 0], [1, 1, 0, 0, 1, 0, 0, 1, 0, 1, 0], [1, 0, 0, 0, 0, 0, 1, 0, 0, 0, 1], [0, 1, 0, 0, 0, 1, 0, 0, 0, 0, 1], [1, 1, 1, 1, 0, 0, 1, 0, 0, 0, 1], [1, 0, 0, 1, 1, 0, 0, 1, 1, 1, 0]]",17.0,5.0,Y,"{0: 52, 1: 42, 2: 27, 3: 37, 4: 62, 5: 32, 6: 47, 7: 67, 8: 17, 9: 22, 10: 57}","{(0, 1): 36, (0, 2): 1, (0, 3): 1, (0, 5): 1, (0, 6): 1, (0, 7): 10, (0, 9): 1, (0, 10): 1, (1, 2): 1, (1, 5): 1, (1, 6): 1, (1, 8): 2, (1, 9): 1, (2, 3): 16, (2, 4): 7, (2, 5): 1, (2, 9): 1, (3, 4): 1, (3, 5): 1, (3, 9): 17, (3, 10): 1, (4, 5): 27, (4, 6): 1, (4, 10): 26, (5, 8): 1, (6, 7): 43, (6, 9): 1, (7, 10): 14, (8, 10): 14, (9, 10): 1}",2885.103225708008,151.0,33.0,423.0
92.0,Graph with 11 nodes and 26 edges,"[[0, 1, 0, 1, 1, 0, 0, 1, 0, 0, 0], [1, 0, 1, 1, 0, 1, 0, 1, 1, 1, 1], [0, 1, 0, 0, 0, 0, 0, 1, 1, 0, 1], [1, 1, 0, 0, 0, 0, 0, 1, 0, 0, 1], [1, 0, 0, 0, 0, 1, 1, 1, 1, 0, 0], [0, 1, 0, 0, 1, 0, 0, 1, 0, 1, 1], [0, 0, 0, 0, 1, 0, 0, 1, 1, 0, 1], [1, 1, 1, 1, 1, 1, 1, 0, 0, 0, 0], [0, 1, 1, 0, 1, 0, 1, 0, 0, 0, 0], [0, 1, 0, 0, 0, 1, 0, 0, 0, 0, 0], [0, 1, 1, 1, 0, 1, 1, 0, 0, 0, 0]]",10.0,4.0,Y,"{0: 46, 1: 34, 2: 18, 3: 14, 4: 42, 5: 26, 6: 30, 7: 50, 8: 22, 9: 10, 10: 38}","{(0, 1): 10, (0, 3): 5, (0, 4): 13, (0, 7): 18, (1, 2): 1, (1, 3): 1, (1, 5): 1, (1, 7): 1, (1, 8): 1, (1, 9): 2, (1, 10): 17, (2, 7): 2, (2, 8): 9, (2, 10): 6, (3, 7): 1, (3, 10): 7, (4, 5): 1, (4, 6): 13, (4, 7): 4, (4, 8): 11, (5, 7): 9, (5, 9): 8, (5, 10): 7, (6, 7): 15, (6, 8): 1, (6, 10): 1}",1695.1560974121094,147.0,33.0,415.0
92.0,Graph with 11 nodes and 26 edges,"[[0, 1, 0, 1, 1, 0, 0, 1, 0, 0, 0], [1, 0, 1, 1, 0, 1, 0, 1, 1, 1, 1], [0, 1, 0, 0, 0, 0, 0, 1, 1, 0, 1], [1, 1, 0, 0, 0, 0, 0, 1, 0, 0, 1], [1, 0, 0, 0, 0, 1, 1, 1, 1, 0, 0], [0, 1, 0, 0, 1, 0, 0, 1, 0, 1, 1], [0, 0, 0, 0, 1, 0, 0, 1, 1, 0, 1], [1, 1, 1, 1, 1, 1, 1, 0, 0, 0, 0], [0, 1, 1, 0, 1, 0, 1, 0, 0, 0, 0], [0, 1, 0, 0, 0, 1, 0, 0, 0, 0, 0], [0, 1, 1, 1, 0, 1, 1, 0, 0, 0, 0]]",14.0,2.0,Y,"{0: 22, 1: 26, 2: 14, 3: 34, 4: 16, 5: 30, 6: 20, 7: 18, 8: 32, 9: 28, 10: 24}","{(0, 1): 3, (0, 3): 14, (0, 4): 4, (0, 7): 1, (1, 2): 5, (1, 3): 1, (1, 5): 1, (1, 7): 1, (1, 8): 7, (1, 9): 3, (1, 10): 5, (2, 7): 1, (2, 8): 7, (2, 10): 1, (3, 7): 4, (3, 10): 15, (4, 5): 1, (4, 6): 1, (4, 7): 1, (4, 8): 9, (5, 7): 1, (5, 9): 25, (5, 10): 2, (6, 7): 9, (6, 8): 9, (6, 10): 1}",74.14817810058594,147.0,33.0,415.0
93.0,Graph with 11 nodes and 26 edges,"[[0, 0, 1, 1, 1, 1, 0, 0, 0, 0, 1], [0, 0, 1, 1, 0, 0, 0, 1, 0, 1, 1], [1, 1, 0, 0, 0, 0, 1, 0, 1, 0, 0], [1, 1, 0, 0, 0, 0, 0, 1, 0, 0, 1], [1, 0, 0, 0, 0, 0, 1, 0, 1, 1, 1], [1, 0, 0, 0, 0, 0, 0, 0, 0, 1, 0], [0, 0, 1, 0, 1, 0, 0, 0, 1, 1, 1], [0, 1, 0, 1, 0, 0, 0, 0, 0, 0, 1], [0, 0, 1, 0, 1, 0, 1, 0, 0, 1, 1], [0, 1, 0, 0, 1, 1, 1, 0, 1, 0, 1], [1, 1, 0, 1, 1, 0, 1, 1, 1, 1, 0]]",3.0,9.0,Y,"{0: 48, 1: 75, 2: 66, 3: 84, 4: 57, 5: 3, 6: 39, 7: 12, 8: 21, 9: 30, 10: 93}","{(0, 2): 1, (0, 3): 1, (0, 4): 1, (0, 5): 1, (0, 10): 44, (1, 2): 13, (1, 3): 59, (1, 7): 1, (1, 9): 1, (1, 10): 1, (2, 6): 35, (2, 8): 17, (3, 7): 10, (3, 10): 14, (4, 6): 1, (4, 8): 1, (4, 9): 24, (4, 10): 30, (5, 9): 2, (6, 8): 1, (6, 9): 1, (6, 10): 1, (7, 10): 1, (8, 9): 1, (8, 10): 1, (9, 10): 1}",836.8492126464844,147.0,33.0,415.0
93.0,Graph with 11 nodes and 26 edges,"[[0, 0, 1, 1, 1, 1, 0, 0, 0, 0, 1], [0, 0, 1, 1, 0, 0, 0, 1, 0, 1, 1], [1, 1, 0, 0, 0, 0, 1, 0, 1, 0, 0], [1, 1, 0, 0, 0, 0, 0, 1, 0, 0, 1], [1, 0, 0, 0, 0, 0, 1, 0, 1, 1, 1], [1, 0, 0, 0, 0, 0, 0, 0, 0, 1, 0], [0, 0, 1, 0, 1, 0, 0, 0, 1, 1, 1], [0, 1, 0, 1, 0, 0, 0, 0, 0, 0, 1], [0, 0, 1, 0, 1, 0, 1, 0, 0, 1, 1], [0, 1, 0, 0, 1, 1, 1, 0, 1, 0, 1], [1, 1, 0, 1, 1, 0, 1, 1, 1, 1, 0]]",4.0,6.0,Y,"{0: 64, 1: 58, 2: 52, 3: 46, 4: 40, 5: 34, 6: 28, 7: 4, 8: 22, 9: 16, 10: 10}","{(0, 2): 1, (0, 3): 1, (0, 4): 26, (0, 5): 33, (0, 10): 3, (1, 2): 10, (1, 3): 43, (1, 7): 2, (1, 9): 2, (1, 10): 1, (2, 6): 23, (2, 8): 18, (3, 7): 1, (3, 10): 1, (4, 6): 2, (4, 8): 1, (4, 9): 10, (4, 10): 1, (5, 9): 1, (6, 8): 1, (6, 9): 1, (6, 10): 1, (7, 10): 1, (8, 9): 1, (8, 10): 1, (9, 10): 1}",787.0197296142578,147.0,33.0,415.0
94.0,Graph with 11 nodes and 29 edges,"[[0, 1, 0, 1, 0, 1, 0, 1, 0, 0, 1], [1, 0, 0, 1, 1, 1, 0, 1, 1, 0, 1], [0, 0, 0, 1, 0, 0, 0, 1, 0, 1, 1], [1, 1, 1, 0, 1, 1, 0, 1, 1, 0, 0], [0, 1, 0, 1, 0, 0, 0, 0, 1, 0, 1], [1, 1, 0, 1, 0, 0, 1, 0, 1, 1, 0], [0, 0, 0, 0, 0, 1, 0, 0, 1, 0, 0], [1, 1, 1, 1, 0, 0, 0, 0, 1, 0, 1], [0, 1, 0, 1, 1, 1, 1, 1, 0, 0, 1], [0, 0, 1, 0, 0, 1, 0, 0, 0, 0, 1], [1, 1, 1, 0, 1, 0, 0, 1, 1, 1, 0]]",9.0,7.0,Y,"{0: 16, 1: 23, 2: 30, 3: 37, 4: 44, 5: 51, 6: 58, 7: 65, 8: 72, 9: 9, 10: 79}","{(0, 1): 12, (0, 3): 1, (0, 5): 1, (0, 7): 1, (0, 10): 1, (1, 3): 6, (1, 4): 1, (1, 5): 1, (1, 7): 1, (1, 8): 1, (1, 10): 1, (2, 3): 26, (2, 7): 1, (2, 9): 2, (2, 10): 1, (3, 4): 1, (3, 5): 1, (3, 7): 1, (3, 8): 1, (4, 8): 1, (4, 10): 41, (5, 6): 30, (5, 8): 12, (5, 9): 6, (6, 8): 28, (7, 8): 28, (7, 10): 33, (8, 10): 1, (9, 10): 1}",1043.7965393066406,150.0,33.0,421.0
94.0,Graph with 11 nodes and 29 edges,"[[0, 1, 0, 1, 0, 1, 0, 1, 0, 0, 1], [1, 0, 0, 1, 1, 1, 0, 1, 1, 0, 1], [0, 0, 0, 1, 0, 0, 0, 1, 0, 1, 1], [1, 1, 1, 0, 1, 1, 0, 1, 1, 0, 0], [0, 1, 0, 1, 0, 0, 0, 0, 1, 0, 1], [1, 1, 0, 1, 0, 0, 1, 0, 1, 1, 0], [0, 0, 0, 0, 0, 1, 0, 0, 1, 0, 0], [1, 1, 1, 1, 0, 0, 0, 0, 1, 0, 1], [0, 1, 0, 1, 1, 1, 1, 1, 0, 0, 1], [0, 0, 1, 0, 0, 1, 0, 0, 0, 0, 1], [1, 1, 1, 0, 1, 0, 0, 1, 1, 1, 0]]",16.0,8.0,Y,"{0: 40, 1: 64, 2: 24, 3: 48, 4: 56, 5: 80, 6: 88, 7: 96, 8: 32, 9: 16, 10: 72}","{(0, 1): 5, (0, 3): 14, (0, 5): 1, (0, 7): 13, (0, 10): 7, (1, 3): 1, (1, 4): 29, (1, 5): 1, (1, 7): 13, (1, 8): 1, (1, 10): 14, (2, 3): 1, (2, 7): 15, (2, 9): 7, (2, 10): 1, (3, 4): 1, (3, 5): 3, (3, 7): 27, (3, 8): 1, (4, 8): 4, (4, 10): 22, (5, 6): 73, (5, 8): 1, (5, 9): 1, (6, 8): 15, (7, 8): 9, (7, 10): 19, (8, 10): 1, (9, 10): 8}",1212.1200561523438,150.0,33.0,421.0
94.0,Graph with 11 nodes and 29 edges,"[[0, 1, 0, 1, 0, 1, 0, 1, 0, 0, 1], [1, 0, 0, 1, 1, 1, 0, 1, 1, 0, 1], [0, 0, 0, 1, 0, 0, 0, 1, 0, 1, 1], [1, 1, 1, 0, 1, 1, 0, 1, 1, 0, 0], [0, 1, 0, 1, 0, 0, 0, 0, 1, 0, 1], [1, 1, 0, 1, 0, 0, 1, 0, 1, 1, 0], [0, 0, 0, 0, 0, 1, 0, 0, 1, 0, 0], [1, 1, 1, 1, 0, 0, 0, 0, 1, 0, 1], [0, 1, 0, 1, 1, 1, 1, 1, 0, 0, 1], [0, 0, 1, 0, 0, 1, 0, 0, 0, 0, 1], [1, 1, 1, 0, 1, 0, 0, 1, 1, 1, 0]]",27.0,5.0,Y,"{0: 67, 1: 27, 2: 77, 3: 52, 4: 37, 5: 42, 6: 47, 7: 57, 8: 72, 9: 32, 10: 62}","{(0, 1): 13, (0, 3): 1, (0, 5): 1, (0, 7): 51, (0, 10): 1, (1, 3): 9, (1, 4): 1, (1, 5): 1, (1, 7): 1, (1, 8): 1, (1, 10): 1, (2, 3): 2, (2, 7): 2, (2, 9): 30, (2, 10): 43, (3, 4): 1, (3, 5): 37, (3, 7): 1, (3, 8): 1, (4, 8): 21, (4, 10): 14, (5, 6): 1, (5, 8): 1, (5, 9): 1, (6, 8): 46, (7, 8): 1, (7, 10): 1, (8, 10): 1, (9, 10): 1}",1646.9955444335938,150.0,33.0,421.0
95.0,Graph with 11 nodes and 26 edges,"[[0, 0, 0, 1, 0, 0, 1, 0, 1, 1, 0], [0, 0, 1, 0, 1, 1, 0, 1, 1, 0, 1], [0, 1, 0, 1, 0, 1, 0, 0, 0, 1, 1], [1, 0, 1, 0, 1, 0, 1, 0, 0, 0, 0], [0, 1, 0, 1, 0, 1, 0, 1, 1, 1, 1], [0, 1, 1, 0, 1, 0, 1, 0, 1, 1, 0], [1, 0, 0, 1, 0, 1, 0, 1, 0, 0, 0], [0, 1, 0, 0, 1, 0, 1, 0, 0, 0, 0], [1, 1, 0, 0, 1, 1, 0, 0, 0, 0, 1], [1, 0, 1, 0, 1, 1, 0, 0, 0, 0, 0], [0, 1, 1, 0, 1, 0, 0, 0, 1, 0, 0]]",9.0,1.0,Y,"{0: 9, 1: 19, 2: 18, 3: 17, 4: 16, 5: 15, 6: 14, 7: 13, 8: 12, 9: 11, 10: 10}","{(0, 3): 1, (0, 6): 1, (0, 8): 6, (0, 9): 1, (1, 2): 1, (1, 4): 9, (1, 5): 1, (1, 7): 1, (1, 8): 1, (1, 10): 6, (2, 3): 13, (2, 5): 2, (2, 9): 1, (2, 10): 1, (3, 4): 2, (3, 6): 1, (4, 5): 1, (4, 7): 1, (4, 8): 1, (4, 9): 1, (4, 10): 1, (5, 6): 1, (5, 8): 2, (5, 9): 8, (6, 7): 11, (8, 10): 2}",771.9993591308594,147.0,33.0,415.0
95.0,Graph with 11 nodes and 26 edges,"[[0, 0, 0, 1, 0, 0, 1, 0, 1, 1, 0], [0, 0, 1, 0, 1, 1, 0, 1, 1, 0, 1], [0, 1, 0, 1, 0, 1, 0, 0, 0, 1, 1], [1, 0, 1, 0, 1, 0, 1, 0, 0, 0, 0], [0, 1, 0, 1, 0, 1, 0, 1, 1, 1, 1], [0, 1, 1, 0, 1, 0, 1, 0, 1, 1, 0], [1, 0, 0, 1, 0, 1, 0, 1, 0, 0, 0], [0, 1, 0, 0, 1, 0, 1, 0, 0, 0, 0], [1, 1, 0, 0, 1, 1, 0, 0, 0, 0, 1], [1, 0, 1, 0, 1, 1, 0, 0, 0, 0, 0], [0, 1, 1, 0, 1, 0, 0, 0, 1, 0, 0]]",20.0,8.0,Y,"{0: 20, 1: 52, 2: 36, 3: 60, 4: 76, 5: 44, 6: 28, 7: 68, 8: 100, 9: 84, 10: 92}","{(0, 3): 17, (0, 6): 1, (0, 8): 1, (0, 9): 1, (1, 2): 1, (1, 4): 2, (1, 5): 1, (1, 7): 36, (1, 8): 5, (1, 10): 7, (2, 3): 20, (2, 5): 1, (2, 9): 13, (2, 10): 1, (3, 4): 22, (3, 6): 1, (4, 5): 1, (4, 7): 7, (4, 8): 7, (4, 9): 35, (4, 10): 2, (5, 6): 1, (5, 8): 5, (5, 9): 35, (6, 7): 25, (8, 10): 82}",1168.0126190185547,147.0,33.0,415.0
96.0,Graph with 11 nodes and 30 edges,"[[0, 1, 1, 1, 1, 1, 0, 1, 1, 1, 0], [1, 0, 0, 0, 1, 0, 0, 0, 0, 1, 1], [1, 0, 0, 1, 1, 1, 0, 0, 0, 0, 1], [1, 0, 1, 0, 1, 1, 1, 0, 0, 1, 1], [1, 1, 1, 1, 0, 1, 0, 1, 0, 0, 0], [1, 0, 1, 1, 1, 0, 0, 0, 0, 1, 1], [0, 0, 0, 1, 0, 0, 0, 1, 1, 0, 0], [1, 0, 0, 0, 1, 0, 1, 0, 0, 1, 1], [1, 0, 0, 0, 0, 0, 1, 0, 0, 0, 1], [1, 1, 0, 1, 0, 1, 0, 1, 0, 0, 1], [0, 1, 1, 1, 0, 1, 0, 1, 1, 1, 0]]",5.0,3.0,Y,"{0: 8, 1: 5, 2: 35, 3: 32, 4: 29, 5: 26, 6: 23, 7: 20, 8: 17, 9: 14, 10: 11}","{(0, 1): 1, (0, 2): 1, (0, 3): 1, (0, 4): 1, (0, 5): 1, (0, 7): 1, (0, 8): 1, (0, 9): 1, (1, 4): 1, (1, 9): 1, (1, 10): 2, (2, 3): 6, (2, 4): 23, (2, 5): 1, (2, 10): 4, (3, 4): 1, (3, 5): 21, (3, 6): 1, (3, 9): 1, (3, 10): 1, (4, 5): 1, (4, 7): 2, (5, 9): 1, (5, 10): 1, (6, 7): 7, (6, 8): 15, (7, 9): 9, (7, 10): 1, (8, 10): 1, (9, 10): 1}",792.0265197753906,151.0,33.0,423.0
96.0,Graph with 11 nodes and 30 edges,"[[0, 1, 1, 1, 1, 1, 0, 1, 1, 1, 0], [1, 0, 0, 0, 1, 0, 0, 0, 0, 1, 1], [1, 0, 0, 1, 1, 1, 0, 0, 0, 0, 1], [1, 0, 1, 0, 1, 1, 1, 0, 0, 1, 1], [1, 1, 1, 1, 0, 1, 0, 1, 0, 0, 0], [1, 0, 1, 1, 1, 0, 0, 0, 0, 1, 1], [0, 0, 0, 1, 0, 0, 0, 1, 1, 0, 0], [1, 0, 0, 0, 1, 0, 1, 0, 0, 1, 1], [1, 0, 0, 0, 0, 0, 1, 0, 0, 0, 1], [1, 1, 0, 1, 0, 1, 0, 1, 0, 0, 1], [0, 1, 1, 1, 0, 1, 0, 1, 1, 1, 0]]",22.0,4.0,Y,"{0: 62, 1: 54, 2: 46, 3: 58, 4: 26, 5: 34, 6: 22, 7: 50, 8: 30, 9: 42, 10: 38}","{(0, 1): 3, (0, 2): 1, (0, 3): 1, (0, 4): 1, (0, 5): 1, (0, 7): 26, (0, 8): 28, (0, 9): 1, (1, 4): 1, (1, 9): 18, (1, 10): 32, (2, 3): 14, (2, 4): 1, (2, 5): 29, (2, 10): 1, (3, 4): 1, (3, 5): 1, (3, 6): 20, (3, 9): 20, (3, 10): 1, (4, 5): 1, (4, 7): 21, (5, 9): 1, (5, 10): 1, (6, 7): 1, (6, 8): 1, (7, 9): 1, (7, 10): 1, (8, 10): 1, (9, 10): 1}",648.0216979980469,151.0,33.0,423.0
96.0,Graph with 11 nodes and 30 edges,"[[0, 1, 1, 1, 1, 1, 0, 1, 1, 1, 0], [1, 0, 0, 0, 1, 0, 0, 0, 0, 1, 1], [1, 0, 0, 1, 1, 1, 0, 0, 0, 0, 1], [1, 0, 1, 0, 1, 1, 1, 0, 0, 1, 1], [1, 1, 1, 1, 0, 1, 0, 1, 0, 0, 0], [1, 0, 1, 1, 1, 0, 0, 0, 0, 1, 1], [0, 0, 0, 1, 0, 0, 0, 1, 1, 0, 0], [1, 0, 0, 0, 1, 0, 1, 0, 0, 1, 1], [1, 0, 0, 0, 0, 0, 1, 0, 0, 0, 1], [1, 1, 0, 1, 0, 1, 0, 1, 0, 0, 1], [0, 1, 1, 1, 0, 1, 0, 1, 1, 1, 0]]",23.0,9.0,Y,"{0: 32, 1: 41, 2: 50, 3: 59, 4: 68, 5: 77, 6: 86, 7: 95, 8: 104, 9: 113, 10: 23}","{(0, 1): 23, (0, 2): 1, (0, 3): 1, (0, 4): 1, (0, 5): 1, (0, 7): 1, (0, 8): 3, (0, 9): 1, (1, 4): 1, (1, 9): 16, (1, 10): 1, (2, 3): 46, (2, 4): 1, (2, 5): 1, (2, 10): 1, (3, 4): 1, (3, 5): 8, (3, 6): 1, (3, 9): 1, (3, 10): 1, (4, 5): 63, (4, 7): 1, (5, 9): 3, (5, 10): 1, (6, 7): 1, (6, 8): 84, (7, 9): 91, (7, 10): 1, (8, 10): 17, (9, 10): 1}",1042.8428649902344,151.0,33.0,423.0
96.0,Graph with 11 nodes and 30 edges,"[[0, 1, 1, 1, 1, 1, 0, 1, 1, 1, 0], [1, 0, 0, 0, 1, 0, 0, 0, 0, 1, 1], [1, 0, 0, 1, 1, 1, 0, 0, 0, 0, 1], [1, 0, 1, 0, 1, 1, 1, 0, 0, 1, 1], [1, 1, 1, 1, 0, 1, 0, 1, 0, 0, 0], [1, 0, 1, 1, 1, 0, 0, 0, 0, 1, 1], [0, 0, 0, 1, 0, 0, 0, 1, 1, 0, 0], [1, 0, 0, 0, 1, 0, 1, 0, 0, 1, 1], [1, 0, 0, 0, 0, 0, 1, 0, 0, 0, 1], [1, 1, 0, 1, 0, 1, 0, 1, 0, 0, 1], [0, 1, 1, 1, 0, 1, 0, 1, 1, 1, 0]]",27.0,7.0,Y,"{0: 97, 1: 55, 2: 27, 3: 48, 4: 76, 5: 83, 6: 69, 7: 41, 8: 62, 9: 34, 10: 90}","{(0, 1): 1, (0, 2): 1, (0, 3): 7, (0, 4): 43, (0, 5): 1, (0, 7): 37, (0, 8): 1, (0, 9): 6, (1, 4): 1, (1, 9): 24, (1, 10): 29, (2, 3): 1, (2, 4): 1, (2, 5): 23, (2, 10): 1, (3, 4): 29, (3, 5): 1, (3, 6): 8, (3, 9): 1, (3, 10): 1, (4, 5): 1, (4, 7): 1, (5, 9): 1, (5, 10): 56, (6, 7): 1, (6, 8): 60, (7, 9): 1, (7, 10): 1, (8, 10): 1, (9, 10): 1}",1374.959945678711,151.0,33.0,423.0
97.0,Graph with 11 nodes and 24 edges,"[[0, 0, 0, 1, 1, 0, 0, 0, 0, 1, 1], [0, 0, 0, 0, 1, 0, 1, 1, 0, 0, 1], [0, 0, 0, 1, 1, 0, 0, 0, 0, 0, 0], [1, 0, 1, 0, 1, 0, 0, 1, 1, 0, 1], [1, 1, 1, 1, 0, 1, 0, 0, 1, 0, 0], [0, 0, 0, 0, 1, 0, 1, 1, 1, 0, 0], [0, 1, 0, 0, 0, 1, 0, 1, 0, 1, 0], [0, 1, 0, 1, 0, 1, 1, 0, 0, 1, 1], [0, 0, 0, 1, 1, 1, 0, 0, 0, 0, 1], [1, 0, 0, 0, 0, 0, 1, 1, 0, 0, 0], [1, 1, 0, 1, 0, 0, 0, 1, 1, 0, 0]]",22.0,2.0,Y,"{0: 22, 1: 42, 2: 40, 3: 38, 4: 36, 5: 34, 6: 32, 7: 30, 8: 28, 9: 26, 10: 24}","{(0, 3): 1, (0, 4): 19, (0, 9): 1, (0, 10): 1, (1, 4): 1, (1, 6): 1, (1, 7): 25, (1, 10): 15, (2, 3): 28, (2, 4): 12, (3, 4): 1, (3, 7): 1, (3, 8): 1, (3, 10): 6, (4, 5): 2, (4, 8): 1, (5, 6): 6, (5, 7): 1, (5, 8): 25, (6, 7): 1, (6, 9): 24, (7, 9): 1, (7, 10): 1, (8, 10): 1}",637.054443359375,145.0,33.0,411.0
98.0,Graph with 11 nodes and 29 edges,"[[0, 0, 0, 1, 1, 0, 0, 1, 1, 1, 1], [0, 0, 1, 0, 0, 1, 1, 0, 1, 0, 1], [0, 1, 0, 0, 0, 0, 0, 0, 0, 0, 1], [1, 0, 0, 0, 1, 1, 0, 0, 1, 0, 1], [1, 0, 0, 1, 0, 1, 0, 0, 1, 1, 0], [0, 1, 0, 1, 1, 0, 0, 1, 0, 1, 0], [0, 1, 0, 0, 0, 0, 0, 1, 1, 0, 1], [1, 0, 0, 0, 0, 1, 1, 0, 1, 1, 1], [1, 1, 0, 1, 1, 0, 1, 1, 0, 0, 1], [1, 0, 0, 0, 1, 1, 0, 1, 0, 0, 1], [1, 1, 1, 1, 0, 0, 1, 1, 1, 1, 0]]",22.0,6.0,Y,"{0: 28, 1: 34, 2: 40, 3: 46, 4: 52, 5: 58, 6: 64, 7: 70, 8: 76, 9: 82, 10: 22}","{(0, 3): 23, (0, 4): 1, (0, 7): 1, (0, 8): 1, (0, 9): 1, (0, 10): 1, (1, 2): 30, (1, 5): 1, (1, 6): 1, (1, 8): 1, (1, 10): 1, (2, 10): 10, (3, 4): 20, (3, 5): 1, (3, 8): 1, (3, 10): 1, (4, 5): 1, (4, 8): 5, (4, 9): 25, (5, 7): 1, (5, 9): 54, (6, 7): 28, (6, 8): 29, (6, 10): 6, (7, 8): 38, (7, 9): 1, (7, 10): 1, (8, 10): 1, (9, 10): 1}",1301.0501861572266,150.0,33.0,421.0
99.0,Graph with 11 nodes and 33 edges,"[[0, 1, 1, 0, 1, 0, 0, 0, 1, 0, 0], [1, 0, 1, 1, 1, 0, 0, 1, 0, 1, 0], [1, 1, 0, 1, 1, 0, 0, 1, 1, 1, 1], [0, 1, 1, 0, 1, 1, 1, 1, 0, 1, 1], [1, 1, 1, 1, 0, 1, 1, 1, 0, 1, 0], [0, 0, 0, 1, 1, 0, 0, 0, 1, 0, 1], [0, 0, 0, 1, 1, 0, 0, 0, 1, 1, 0], [0, 1, 1, 1, 1, 0, 0, 0, 1, 1, 1], [1, 0, 1, 0, 0, 1, 1, 1, 0, 0, 0], [0, 1, 1, 1, 1, 0, 1, 1, 0, 0, 1], [0, 0, 1, 1, 0, 1, 0, 1, 0, 1, 0]]",4.0,2.0,Y,"{0: 24, 1: 22, 2: 20, 3: 18, 4: 16, 5: 14, 6: 4, 7: 12, 8: 10, 9: 8, 10: 6}","{(0, 1): 4, (0, 2): 13, (0, 4): 1, (0, 8): 6, (1, 2): 1, (1, 3): 10, (1, 4): 1, (1, 7): 5, (1, 9): 1, (2, 3): 1, (2, 4): 1, (2, 7): 1, (2, 8): 1, (2, 9): 1, (2, 10): 1, (3, 4): 1, (3, 5): 2, (3, 6): 1, (3, 7): 1, (3, 9): 1, (3, 10): 1, (4, 5): 9, (4, 6): 1, (4, 7): 1, (4, 9): 1, (5, 8): 1, (5, 10): 2, (6, 8): 1, (6, 9): 1, (7, 8): 1, (7, 9): 2, (7, 10): 1, (9, 10): 1}",813.9610290527344,154.0,33.0,429.0
