graph_index,Graph,Adjacency_list,a,d,APG_label_availability,Vertex_labels,APG_label_availability,Vertex_labels,Edge_labels,Gurobi_runtime/microseconds,Gurobi_num_vars,Gurobi_num_constrs,Gurobi_nonzero_coefs
0.0,Graph with 10 nodes and 23 edges,"[[0, 0, 1, 0, 0, 0, 1, 1, 0, 0], [0, 0, 0, 1, 1, 1, 0, 0, 1, 0], [1, 0, 0, 1, 0, 0, 0, 1, 0, 1], [0, 1, 1, 0, 1, 0, 0, 1, 0, 1], [0, 1, 0, 1, 0, 1, 0, 1, 0, 0], [0, 1, 0, 0, 1, 0, 0, 1, 1, 1], [1, 0, 0, 0, 0, 0, 0, 1, 1, 1], [1, 0, 1, 1, 1, 1, 1, 0, 0, 1], [0, 1, 0, 0, 0, 1, 1, 0, 0, 1], [0, 0, 1, 1, 0, 1, 1, 1, 1, 0]]",9.0,6.0,Y,"{0: 45, 1: 21, 2: 57, 3: 51, 4: 15, 5: 39, 6: 33, 7: 63, 8: 9, 9: 27}",Y,"{0: 45, 1: 21, 2: 57, 3: 51, 4: 15, 5: 39, 6: 33, 7: 63, 8: 9, 9: 27}","{(0, 2): 41, (0, 6): 2, (0, 7): 2, (1, 3): 14, (1, 4): 4, (1, 5): 2, (1, 8): 1, (2, 3): 12, (2, 7): 1, (2, 9): 3, (3, 4): 9, (3, 7): 3, (3, 9): 13, (4, 5): 1, (4, 7): 1, (5, 7): 32, (5, 8): 2, (5, 9): 2, (6, 7): 23, (6, 8): 3, (6, 9): 5, (7, 9): 1, (8, 9): 3}",59.1278076171875,23.0,10.0,46.0
1.0,Graph with 10 nodes and 21 edges,"[[0, 0, 1, 1, 0, 1, 1, 0, 0, 1], [0, 0, 1, 1, 0, 1, 0, 0, 0, 0], [1, 1, 0, 1, 1, 1, 1, 0, 1, 0], [1, 1, 1, 0, 0, 1, 1, 1, 1, 0], [0, 0, 1, 0, 0, 1, 0, 0, 1, 0], [1, 1, 1, 1, 1, 0, 0, 0, 0, 0], [1, 0, 1, 1, 0, 0, 0, 0, 0, 0], [0, 0, 0, 1, 0, 0, 0, 0, 1, 0], [0, 0, 1, 1, 1, 0, 0, 1, 0, 1], [1, 0, 0, 0, 0, 0, 0, 0, 1, 0]]",17.0,2.0,Y,"{0: 35, 1: 33, 2: 31, 3: 29, 4: 27, 5: 25, 6: 23, 7: 21, 8: 19, 9: 17}",Y,"{0: 35, 1: 33, 2: 31, 3: 29, 4: 27, 5: 25, 6: 23, 7: 21, 8: 19, 9: 17}","{(0, 2): 1, (0, 3): 1, (0, 5): 2, (0, 6): 15, (0, 9): 16, (1, 2): 1, (1, 3): 12, (1, 5): 20, (2, 3): 1, (2, 4): 25, (2, 5): 1, (2, 6): 1, (2, 8): 1, (3, 5): 1, (3, 6): 7, (3, 7): 6, (3, 8): 1, (4, 5): 1, (4, 8): 1, (7, 8): 15, (8, 9): 1}",381.9465637207031,21.0,10.0,42.0
3.0,Graph with 10 nodes and 22 edges,"[[0, 1, 0, 1, 0, 0, 0, 1, 1, 0], [1, 0, 1, 0, 0, 0, 1, 0, 1, 1], [0, 1, 0, 1, 1, 1, 1, 0, 1, 0], [1, 0, 1, 0, 1, 0, 0, 1, 0, 0], [0, 0, 1, 1, 0, 1, 0, 0, 1, 1], [0, 0, 1, 0, 1, 0, 0, 0, 0, 0], [0, 1, 1, 0, 0, 0, 0, 1, 1, 0], [1, 0, 0, 1, 0, 0, 1, 0, 0, 1], [1, 1, 1, 0, 1, 0, 1, 0, 0, 1], [0, 1, 0, 0, 1, 0, 0, 1, 1, 0]]",18.0,6.0,Y,"{0: 24, 1: 18, 2: 66, 3: 36, 4: 30, 5: 48, 6: 72, 7: 54, 8: 42, 9: 60}",Y,"{0: 24, 1: 18, 2: 66, 3: 36, 4: 30, 5: 48, 6: 72, 7: 54, 8: 42, 9: 60}","{(0, 1): 1, (0, 3): 20, (0, 7): 2, (0, 8): 1, (1, 2): 1, (1, 6): 14, (1, 8): 1, (1, 9): 1, (2, 3): 1, (2, 4): 1, (2, 5): 42, (2, 6): 20, (2, 8): 1, (3, 4): 1, (3, 7): 14, (4, 5): 6, (4, 8): 1, (4, 9): 21, (6, 7): 1, (6, 8): 37, (7, 9): 37, (8, 9): 1}",623.9414215087891,22.0,10.0,44.0
3.0,Graph with 10 nodes and 22 edges,"[[0, 1, 0, 1, 0, 0, 0, 1, 1, 0], [1, 0, 1, 0, 0, 0, 1, 0, 1, 1], [0, 1, 0, 1, 1, 1, 1, 0, 1, 0], [1, 0, 1, 0, 1, 0, 0, 1, 0, 0], [0, 0, 1, 1, 0, 1, 0, 0, 1, 1], [0, 0, 1, 0, 1, 0, 0, 0, 0, 0], [0, 1, 1, 0, 0, 0, 0, 1, 1, 0], [1, 0, 0, 1, 0, 0, 1, 0, 0, 1], [1, 1, 1, 0, 1, 0, 1, 0, 0, 1], [0, 1, 0, 0, 1, 0, 0, 1, 1, 0]]",19.0,2.0,Y,"{0: 37, 1: 35, 2: 33, 3: 31, 4: 29, 5: 27, 6: 25, 7: 23, 8: 21, 9: 19}",Y,"{0: 37, 1: 35, 2: 33, 3: 31, 4: 29, 5: 27, 6: 25, 7: 23, 8: 21, 9: 19}","{(0, 1): 26, (0, 3): 9, (0, 7): 1, (0, 8): 1, (1, 2): 6, (1, 6): 1, (1, 8): 1, (1, 9): 1, (2, 3): 1, (2, 4): 1, (2, 5): 2, (2, 6): 22, (2, 8): 1, (3, 4): 1, (3, 7): 20, (4, 5): 25, (4, 8): 1, (4, 9): 1, (6, 7): 1, (6, 8): 1, (7, 9): 1, (8, 9): 16}",678.0624389648438,22.0,10.0,44.0
3.0,Graph with 10 nodes and 22 edges,"[[0, 1, 0, 1, 0, 0, 0, 1, 1, 0], [1, 0, 1, 0, 0, 0, 1, 0, 1, 1], [0, 1, 0, 1, 1, 1, 1, 0, 1, 0], [1, 0, 1, 0, 1, 0, 0, 1, 0, 0], [0, 0, 1, 1, 0, 1, 0, 0, 1, 1], [0, 0, 1, 0, 1, 0, 0, 0, 0, 0], [0, 1, 1, 0, 0, 0, 0, 1, 1, 0], [1, 0, 0, 1, 0, 0, 1, 0, 0, 1], [1, 1, 1, 0, 1, 0, 1, 0, 0, 1], [0, 1, 0, 0, 1, 0, 0, 1, 1, 0]]",21.0,4.0,Y,"{0: 57, 1: 53, 2: 49, 3: 45, 4: 41, 5: 37, 6: 33, 7: 29, 8: 25, 9: 21}",Y,"{0: 57, 1: 53, 2: 49, 3: 45, 4: 41, 5: 37, 6: 33, 7: 29, 8: 25, 9: 21}","{(0, 1): 1, (0, 3): 10, (0, 7): 26, (0, 8): 20, (1, 2): 3, (1, 6): 30, (1, 8): 1, (1, 9): 18, (2, 3): 2, (2, 4): 6, (2, 5): 36, (2, 6): 1, (2, 8): 1, (3, 4): 32, (3, 7): 1, (4, 5): 1, (4, 8): 1, (4, 9): 1, (6, 7): 1, (6, 8): 1, (7, 9): 1, (8, 9): 1}",211.0004425048828,22.0,10.0,44.0
4.0,Graph with 10 nodes and 18 edges,"[[0, 1, 0, 0, 1, 0, 1, 1, 1, 1], [1, 0, 0, 0, 0, 1, 1, 1, 0, 0], [0, 0, 0, 1, 0, 0, 0, 1, 0, 0], [0, 0, 1, 0, 0, 0, 0, 0, 1, 0], [1, 0, 0, 0, 0, 0, 1, 1, 0, 0], [0, 1, 0, 0, 0, 0, 0, 1, 0, 1], [1, 1, 0, 0, 1, 0, 0, 1, 0, 0], [1, 1, 1, 0, 1, 1, 1, 0, 1, 0], [1, 0, 0, 1, 0, 0, 0, 1, 0, 0], [1, 0, 0, 0, 0, 1, 0, 0, 0, 0]]",14.0,8.0,Y,"{0: 86, 1: 38, 2: 14, 3: 22, 4: 78, 5: 54, 6: 46, 7: 70, 8: 30, 9: 62}",Y,"{0: 86, 1: 38, 2: 14, 3: 22, 4: 78, 5: 54, 6: 46, 7: 70, 8: 30, 9: 62}","{(0, 1): 1, (0, 4): 34, (0, 6): 1, (0, 7): 25, (0, 8): 15, (0, 9): 10, (1, 5): 1, (1, 6): 1, (1, 7): 35, (2, 3): 13, (2, 7): 1, (3, 8): 9, (4, 6): 43, (4, 7): 1, (5, 7): 1, (5, 9): 52, (6, 7): 1, (7, 8): 6}",725.9845733642578,18.0,10.0,36.0
4.0,Graph with 10 nodes and 18 edges,"[[0, 1, 0, 0, 1, 0, 1, 1, 1, 1], [1, 0, 0, 0, 0, 1, 1, 1, 0, 0], [0, 0, 0, 1, 0, 0, 0, 1, 0, 0], [0, 0, 1, 0, 0, 0, 0, 0, 1, 0], [1, 0, 0, 0, 0, 0, 1, 1, 0, 0], [0, 1, 0, 0, 0, 0, 0, 1, 0, 1], [1, 1, 0, 0, 1, 0, 0, 1, 0, 0], [1, 1, 1, 0, 1, 1, 1, 0, 1, 0], [1, 0, 0, 1, 0, 0, 0, 1, 0, 0], [1, 0, 0, 0, 0, 1, 0, 0, 0, 0]]",27.0,8.0,Y,"{0: 99, 1: 43, 2: 35, 3: 51, 4: 91, 5: 67, 6: 27, 7: 75, 8: 59, 9: 83}",Y,"{0: 99, 1: 43, 2: 35, 3: 51, 4: 91, 5: 67, 6: 27, 7: 75, 8: 59, 9: 83}","{(0, 1): 17, (0, 4): 1, (0, 6): 1, (0, 7): 1, (0, 8): 41, (0, 9): 38, (1, 5): 21, (1, 6): 4, (1, 7): 1, (2, 3): 34, (2, 7): 1, (3, 8): 17, (4, 6): 21, (4, 7): 69, (5, 7): 1, (5, 9): 45, (6, 7): 1, (7, 8): 1}",26.941299438476562,18.0,10.0,36.0
6.0,Graph with 10 nodes and 21 edges,"[[0, 1, 0, 0, 1, 0, 0, 0, 1, 0], [1, 0, 1, 1, 0, 1, 0, 0, 1, 0], [0, 1, 0, 1, 1, 1, 0, 0, 1, 0], [0, 1, 1, 0, 0, 0, 0, 0, 1, 0], [1, 0, 1, 0, 0, 1, 1, 0, 1, 1], [0, 1, 1, 0, 1, 0, 0, 0, 0, 1], [0, 0, 0, 0, 1, 0, 0, 0, 1, 1], [0, 0, 0, 0, 0, 0, 0, 0, 1, 1], [1, 1, 1, 1, 1, 0, 1, 1, 0, 0], [0, 0, 0, 0, 1, 1, 1, 1, 0, 0]]",24.0,8.0,Y,"{0: 32, 1: 80, 2: 88, 3: 64, 4: 48, 5: 72, 6: 56, 7: 24, 8: 96, 9: 40}",Y,"{0: 32, 1: 80, 2: 88, 3: 64, 4: 48, 5: 72, 6: 56, 7: 24, 8: 96, 9: 40}","{(0, 1): 2, (0, 4): 1, (0, 8): 29, (1, 2): 44, (1, 3): 1, (1, 5): 32, (1, 8): 1, (2, 3): 1, (2, 4): 4, (2, 5): 38, (2, 8): 1, (3, 8): 62, (4, 5): 1, (4, 6): 40, (4, 8): 1, (4, 9): 1, (5, 9): 1, (6, 8): 1, (6, 9): 15, (7, 8): 1, (7, 9): 23}",453.948974609375,21.0,10.0,42.0
6.0,Graph with 10 nodes and 21 edges,"[[0, 1, 0, 0, 1, 0, 0, 0, 1, 0], [1, 0, 1, 1, 0, 1, 0, 0, 1, 0], [0, 1, 0, 1, 1, 1, 0, 0, 1, 0], [0, 1, 1, 0, 0, 0, 0, 0, 1, 0], [1, 0, 1, 0, 0, 1, 1, 0, 1, 1], [0, 1, 1, 0, 1, 0, 0, 0, 0, 1], [0, 0, 0, 0, 1, 0, 0, 0, 1, 1], [0, 0, 0, 0, 0, 0, 0, 0, 1, 1], [1, 1, 1, 1, 1, 0, 1, 1, 0, 0], [0, 0, 0, 0, 1, 1, 1, 1, 0, 0]]",25.0,8.0,Y,"{0: 97, 1: 81, 2: 89, 3: 65, 4: 25, 5: 33, 6: 57, 7: 41, 8: 73, 9: 49}",Y,"{0: 97, 1: 81, 2: 89, 3: 65, 4: 25, 5: 33, 6: 57, 7: 41, 8: 73, 9: 49}","{(0, 1): 77, (0, 4): 14, (0, 8): 6, (1, 2): 1, (1, 3): 1, (1, 5): 1, (1, 8): 1, (2, 3): 50, (2, 4): 7, (2, 5): 30, (2, 8): 1, (3, 8): 14, (4, 5): 1, (4, 6): 1, (4, 8): 1, (4, 9): 1, (5, 9): 1, (6, 8): 49, (6, 9): 7, (7, 8): 1, (7, 9): 40}",640.869140625,21.0,10.0,42.0
7.0,Graph with 10 nodes and 23 edges,"[[0, 1, 1, 0, 1, 0, 1, 1, 0, 0], [1, 0, 0, 0, 1, 0, 1, 0, 1, 1], [1, 0, 0, 0, 0, 0, 1, 0, 1, 1], [0, 0, 0, 0, 0, 1, 1, 1, 0, 0], [1, 1, 0, 0, 0, 0, 0, 0, 0, 1], [0, 0, 0, 1, 0, 0, 1, 1, 1, 1], [1, 1, 1, 1, 0, 1, 0, 1, 0, 0], [1, 0, 0, 1, 0, 1, 1, 0, 1, 0], [0, 1, 1, 0, 0, 1, 0, 1, 0, 1], [0, 1, 1, 0, 1, 1, 0, 0, 1, 0]]",24.0,6.0,Y,"{0: 42, 1: 36, 2: 48, 3: 66, 4: 24, 5: 54, 6: 60, 7: 78, 8: 72, 9: 30}",Y,"{0: 42, 1: 36, 2: 48, 3: 66, 4: 24, 5: 54, 6: 60, 7: 78, 8: 72, 9: 30}","{(0, 1): 1, (0, 2): 1, (0, 4): 1, (0, 6): 5, (0, 7): 34, (1, 4): 21, (1, 6): 4, (1, 8): 1, (1, 9): 9, (2, 6): 1, (2, 8): 31, (2, 9): 15, (3, 5): 1, (3, 6): 46, (3, 7): 19, (4, 9): 2, (5, 6): 1, (5, 7): 16, (5, 8): 33, (5, 9): 3, (6, 7): 3, (7, 8): 6, (8, 9): 1}",41.961669921875,23.0,10.0,46.0
8.0,Graph with 10 nodes and 20 edges,"[[0, 1, 0, 1, 0, 1, 1, 0, 1, 0], [1, 0, 0, 1, 0, 1, 0, 0, 1, 1], [0, 0, 0, 1, 1, 1, 0, 0, 0, 0], [1, 1, 1, 0, 0, 0, 1, 0, 1, 0], [0, 0, 1, 0, 0, 0, 0, 1, 1, 0], [1, 1, 1, 0, 0, 0, 0, 0, 1, 1], [1, 0, 0, 1, 0, 0, 0, 1, 0, 0], [0, 0, 0, 0, 1, 0, 1, 0, 0, 1], [1, 1, 0, 1, 1, 1, 0, 0, 0, 0], [0, 1, 0, 0, 0, 1, 0, 1, 0, 0]]",7.0,6.0,Y,"{0: 49, 1: 7, 2: 13, 3: 37, 4: 55, 5: 25, 6: 31, 7: 61, 8: 43, 9: 19}",Y,"{0: 49, 1: 7, 2: 13, 3: 37, 4: 55, 5: 25, 6: 31, 7: 61, 8: 43, 9: 19}","{(0, 1): 3, (0, 3): 5, (0, 5): 1, (0, 6): 1, (0, 8): 39, (1, 3): 1, (1, 5): 1, (1, 8): 1, (1, 9): 1, (2, 3): 1, (2, 4): 1, (2, 5): 11, (3, 6): 29, (3, 8): 1, (4, 7): 53, (4, 8): 1, (5, 8): 1, (5, 9): 11, (6, 7): 1, (7, 9): 7}",24.080276489257812,20.0,10.0,40.0
8.0,Graph with 10 nodes and 20 edges,"[[0, 1, 0, 1, 0, 1, 1, 0, 1, 0], [1, 0, 0, 1, 0, 1, 0, 0, 1, 1], [0, 0, 0, 1, 1, 1, 0, 0, 0, 0], [1, 1, 1, 0, 0, 0, 1, 0, 1, 0], [0, 0, 1, 0, 0, 0, 0, 1, 1, 0], [1, 1, 1, 0, 0, 0, 0, 0, 1, 1], [1, 0, 0, 1, 0, 0, 0, 1, 0, 0], [0, 0, 0, 0, 1, 0, 1, 0, 0, 1], [1, 1, 0, 1, 1, 1, 0, 0, 0, 0], [0, 1, 0, 0, 0, 1, 0, 1, 0, 0]]",24.0,2.0,Y,"{0: 26, 1: 28, 2: 30, 3: 32, 4: 34, 5: 36, 6: 38, 7: 40, 8: 42, 9: 24}",Y,"{0: 26, 1: 28, 2: 30, 3: 32, 4: 34, 5: 36, 6: 38, 7: 40, 8: 42, 9: 24}","{(0, 1): 6, (0, 3): 1, (0, 5): 13, (0, 6): 1, (0, 8): 5, (1, 3): 1, (1, 5): 9, (1, 8): 3, (1, 9): 9, (2, 3): 1, (2, 4): 28, (2, 5): 1, (3, 6): 1, (3, 8): 28, (4, 7): 1, (4, 8): 5, (5, 8): 1, (5, 9): 12, (6, 7): 36, (7, 9): 3}",29.087066650390625,20.0,10.0,40.0
9.0,Graph with 10 nodes and 20 edges,"[[0, 0, 0, 0, 1, 1, 1, 0, 1, 1], [0, 0, 1, 0, 0, 0, 0, 0, 0, 0], [0, 1, 0, 0, 1, 1, 0, 1, 1, 0], [0, 0, 0, 0, 0, 0, 0, 0, 1, 1], [1, 0, 1, 0, 0, 0, 0, 1, 1, 1], [1, 0, 1, 0, 0, 0, 0, 1, 1, 0], [1, 0, 0, 0, 0, 0, 0, 1, 0, 0], [0, 0, 1, 0, 1, 1, 1, 0, 0, 1], [1, 0, 1, 1, 1, 1, 0, 0, 0, 1], [1, 0, 0, 1, 1, 0, 0, 1, 1, 0]]",9.0,8.0,Y,"{0: 73, 1: 17, 2: 25, 3: 9, 4: 33, 5: 41, 6: 49, 7: 57, 8: 81, 9: 65}",Y,"{0: 73, 1: 17, 2: 25, 3: 9, 4: 33, 5: 41, 6: 49, 7: 57, 8: 81, 9: 65}","{(0, 4): 1, (0, 5): 34, (0, 6): 26, (0, 8): 11, (0, 9): 1, (1, 2): 17, (2, 4): 1, (2, 5): 5, (2, 7): 1, (2, 8): 1, (3, 8): 8, (3, 9): 1, (4, 7): 1, (4, 8): 29, (4, 9): 1, (5, 7): 1, (5, 8): 1, (6, 7): 23, (7, 9): 31, (8, 9): 31}",838.9949798583984,20.0,10.0,40.0
11.0,Graph with 10 nodes and 24 edges,"[[0, 1, 1, 0, 0, 0, 1, 0, 0, 0], [1, 0, 0, 1, 0, 1, 0, 1, 1, 1], [1, 0, 0, 1, 0, 1, 0, 1, 0, 1], [0, 1, 1, 0, 1, 0, 0, 1, 0, 1], [0, 0, 0, 1, 0, 0, 0, 1, 1, 0], [0, 1, 1, 0, 0, 0, 1, 0, 1, 0], [1, 0, 0, 0, 0, 1, 0, 1, 1, 1], [0, 1, 1, 1, 1, 0, 1, 0, 0, 1], [0, 1, 0, 0, 1, 1, 1, 0, 0, 1], [0, 1, 1, 1, 0, 0, 1, 1, 1, 0]]",4.0,2.0,Y,"{0: 4, 1: 6, 2: 22, 3: 20, 4: 18, 5: 16, 6: 14, 7: 12, 8: 10, 9: 8}",Y,"{0: 4, 1: 6, 2: 22, 3: 20, 4: 18, 5: 16, 6: 14, 7: 12, 8: 10, 9: 8}","{(0, 1): 1, (0, 2): 1, (0, 6): 2, (1, 3): 1, (1, 5): 1, (1, 7): 1, (1, 8): 1, (1, 9): 1, (2, 3): 1, (2, 5): 11, (2, 7): 6, (2, 9): 3, (3, 4): 16, (3, 7): 1, (3, 9): 1, (4, 7): 1, (4, 8): 1, (5, 6): 3, (5, 8): 1, (6, 7): 2, (6, 8): 6, (6, 9): 1, (7, 9): 1, (8, 9): 1}",37.90855407714844,24.0,10.0,48.0
11.0,Graph with 10 nodes and 24 edges,"[[0, 1, 1, 0, 0, 0, 1, 0, 0, 0], [1, 0, 0, 1, 0, 1, 0, 1, 1, 1], [1, 0, 0, 1, 0, 1, 0, 1, 0, 1], [0, 1, 1, 0, 1, 0, 0, 1, 0, 1], [0, 0, 0, 1, 0, 0, 0, 1, 1, 0], [0, 1, 1, 0, 0, 0, 1, 0, 1, 0], [1, 0, 0, 0, 0, 1, 0, 1, 1, 1], [0, 1, 1, 1, 1, 0, 1, 0, 0, 1], [0, 1, 0, 0, 1, 1, 1, 0, 0, 1], [0, 1, 1, 1, 0, 0, 1, 1, 1, 0]]",29.0,4.0,Y,"{0: 29, 1: 65, 2: 61, 3: 57, 4: 53, 5: 49, 6: 45, 7: 41, 8: 37, 9: 33}",Y,"{0: 29, 1: 65, 2: 61, 3: 57, 4: 53, 5: 49, 6: 45, 7: 41, 8: 37, 9: 33}","{(0, 1): 1, (0, 2): 27, (0, 6): 1, (1, 3): 50, (1, 5): 1, (1, 7): 11, (1, 8): 1, (1, 9): 1, (2, 3): 4, (2, 5): 1, (2, 7): 1, (2, 9): 28, (3, 4): 1, (3, 7): 1, (3, 9): 1, (4, 7): 26, (4, 8): 26, (5, 6): 40, (5, 8): 7, (6, 7): 1, (6, 8): 2, (6, 9): 1, (7, 9): 1, (8, 9): 1}",1118.8983917236328,24.0,10.0,48.0
12.0,Graph with 10 nodes and 25 edges,"[[0, 1, 0, 0, 1, 0, 1, 0, 1, 0], [1, 0, 1, 0, 1, 1, 1, 0, 1, 0], [0, 1, 0, 1, 0, 0, 0, 1, 1, 1], [0, 0, 1, 0, 1, 0, 1, 0, 1, 0], [1, 1, 0, 1, 0, 0, 0, 0, 0, 1], [0, 1, 0, 0, 0, 0, 1, 1, 1, 1], [1, 1, 0, 1, 0, 1, 0, 1, 1, 0], [0, 0, 1, 0, 0, 1, 1, 0, 0, 1], [1, 1, 1, 1, 0, 1, 1, 0, 0, 1], [0, 0, 1, 0, 1, 1, 0, 1, 1, 0]]",8.0,6.0,Y,"{0: 44, 1: 14, 2: 8, 3: 32, 4: 62, 5: 26, 6: 20, 7: 50, 8: 38, 9: 56}",Y,"{0: 44, 1: 14, 2: 8, 3: 32, 4: 62, 5: 26, 6: 20, 7: 50, 8: 38, 9: 56}","{(0, 1): 1, (0, 4): 41, (0, 6): 1, (0, 8): 1, (1, 2): 1, (1, 4): 9, (1, 5): 1, (1, 6): 1, (1, 8): 1, (2, 3): 4, (2, 7): 1, (2, 8): 1, (2, 9): 1, (3, 4): 1, (3, 6): 1, (3, 8): 26, (4, 9): 11, (5, 6): 13, (5, 7): 10, (5, 8): 1, (5, 9): 1, (6, 7): 1, (6, 8): 3, (7, 9): 38, (8, 9): 5}",1177.072525024414,25.0,10.0,50.0
12.0,Graph with 10 nodes and 25 edges,"[[0, 1, 0, 0, 1, 0, 1, 0, 1, 0], [1, 0, 1, 0, 1, 1, 1, 0, 1, 0], [0, 1, 0, 1, 0, 0, 0, 1, 1, 1], [0, 0, 1, 0, 1, 0, 1, 0, 1, 0], [1, 1, 0, 1, 0, 0, 0, 0, 0, 1], [0, 1, 0, 0, 0, 0, 1, 1, 1, 1], [1, 1, 0, 1, 0, 1, 0, 1, 1, 0], [0, 0, 1, 0, 0, 1, 1, 0, 0, 1], [1, 1, 1, 1, 0, 1, 1, 0, 0, 1], [0, 0, 1, 0, 1, 1, 0, 1, 1, 0]]",20.0,4.0,Y,"{0: 56, 1: 52, 2: 48, 3: 44, 4: 40, 5: 36, 6: 32, 7: 28, 8: 24, 9: 20}",Y,"{0: 56, 1: 52, 2: 48, 3: 44, 4: 40, 5: 36, 6: 32, 7: 28, 8: 24, 9: 20}","{(0, 1): 1, (0, 4): 10, (0, 6): 27, (0, 8): 18, (1, 2): 1, (1, 4): 28, (1, 5): 20, (1, 6): 1, (1, 8): 1, (2, 3): 41, (2, 7): 1, (2, 8): 1, (2, 9): 4, (3, 4): 1, (3, 6): 1, (3, 8): 1, (4, 9): 1, (5, 6): 1, (5, 7): 13, (5, 8): 1, (5, 9): 1, (6, 7): 1, (6, 8): 1, (7, 9): 13, (8, 9): 1}",450.8495330810547,25.0,10.0,50.0
13.0,Graph with 10 nodes and 23 edges,"[[0, 1, 1, 0, 0, 0, 1, 1, 0, 0], [1, 0, 1, 1, 0, 0, 1, 1, 1, 1], [1, 1, 0, 0, 0, 1, 1, 0, 0, 1], [0, 1, 0, 0, 1, 1, 1, 0, 0, 1], [0, 0, 0, 1, 0, 0, 0, 0, 0, 1], [0, 0, 1, 1, 0, 0, 0, 0, 0, 1], [1, 1, 1, 1, 0, 0, 0, 1, 1, 0], [1, 1, 0, 0, 0, 0, 1, 0, 1, 1], [0, 1, 0, 0, 0, 0, 1, 1, 0, 0], [0, 1, 1, 1, 1, 1, 0, 1, 0, 0]]",9.0,2.0,Y,"{0: 15, 1: 27, 2: 25, 3: 19, 4: 11, 5: 17, 6: 23, 7: 13, 8: 9, 9: 21}",Y,"{0: 15, 1: 27, 2: 25, 3: 19, 4: 11, 5: 17, 6: 23, 7: 13, 8: 9, 9: 21}","{(0, 1): 10, (0, 2): 1, (0, 6): 1, (0, 7): 3, (1, 2): 1, (1, 3): 5, (1, 6): 8, (1, 7): 1, (1, 8): 1, (1, 9): 1, (2, 5): 15, (2, 6): 1, (2, 9): 7, (3, 4): 1, (3, 5): 1, (3, 6): 11, (3, 9): 1, (4, 9): 10, (5, 9): 1, (6, 7): 1, (6, 8): 1, (7, 8): 7, (7, 9): 1}",1156.0916900634766,23.0,10.0,46.0
13.0,Graph with 10 nodes and 23 edges,"[[0, 1, 1, 0, 0, 0, 1, 1, 0, 0], [1, 0, 1, 1, 0, 0, 1, 1, 1, 1], [1, 1, 0, 0, 0, 1, 1, 0, 0, 1], [0, 1, 0, 0, 1, 1, 1, 0, 0, 1], [0, 0, 0, 1, 0, 0, 0, 0, 0, 1], [0, 0, 1, 1, 0, 0, 0, 0, 0, 1], [1, 1, 1, 1, 0, 0, 0, 1, 1, 0], [1, 1, 0, 0, 0, 0, 1, 0, 1, 1], [0, 1, 0, 0, 0, 0, 1, 1, 0, 0], [0, 1, 1, 1, 1, 1, 0, 1, 0, 0]]",12.0,8.0,Y,"{0: 52, 1: 68, 2: 36, 3: 28, 4: 44, 5: 20, 6: 60, 7: 12, 8: 76, 9: 84}",Y,"{0: 52, 1: 68, 2: 36, 3: 28, 4: 44, 5: 20, 6: 60, 7: 12, 8: 76, 9: 84}","{(0, 1): 1, (0, 2): 1, (0, 6): 43, (0, 7): 7, (1, 2): 1, (1, 3): 1, (1, 6): 1, (1, 7): 1, (1, 8): 62, (1, 9): 1, (2, 5): 1, (2, 6): 1, (2, 9): 32, (3, 4): 2, (3, 5): 18, (3, 6): 1, (3, 9): 6, (4, 9): 42, (5, 9): 1, (6, 7): 1, (6, 8): 13, (7, 8): 1, (7, 9): 2}",396.96693420410156,23.0,10.0,46.0
14.0,Graph with 10 nodes and 26 edges,"[[0, 1, 1, 0, 1, 0, 0, 1, 0, 0], [1, 0, 1, 1, 0, 1, 1, 1, 0, 1], [1, 1, 0, 0, 1, 1, 1, 1, 0, 0], [0, 1, 0, 0, 1, 0, 1, 1, 1, 0], [1, 0, 1, 1, 0, 0, 1, 1, 0, 1], [0, 1, 1, 0, 0, 0, 0, 1, 0, 1], [0, 1, 1, 1, 1, 0, 0, 0, 1, 0], [1, 1, 1, 1, 1, 1, 0, 0, 1, 1], [0, 0, 0, 1, 0, 0, 1, 1, 0, 0], [0, 1, 0, 0, 1, 1, 0, 1, 0, 0]]",6.0,6.0,Y,"{0: 48, 1: 18, 2: 12, 3: 36, 4: 60, 5: 54, 6: 24, 7: 42, 8: 30, 9: 6}",Y,"{0: 48, 1: 18, 2: 12, 3: 36, 4: 60, 5: 54, 6: 24, 7: 42, 8: 30, 9: 6}","{(0, 1): 3, (0, 2): 2, (0, 4): 42, (0, 7): 1, (1, 2): 1, (1, 3): 1, (1, 5): 10, (1, 6): 1, (1, 7): 1, (1, 9): 1, (2, 4): 1, (2, 5): 6, (2, 6): 1, (2, 7): 1, (3, 4): 12, (3, 6): 6, (3, 7): 1, (3, 8): 16, (4, 6): 3, (4, 7): 1, (4, 9): 1, (5, 7): 35, (5, 9): 3, (6, 8): 13, (7, 8): 1, (7, 9): 1}",72.00241088867188,26.0,10.0,52.0
14.0,Graph with 10 nodes and 26 edges,"[[0, 1, 1, 0, 1, 0, 0, 1, 0, 0], [1, 0, 1, 1, 0, 1, 1, 1, 0, 1], [1, 1, 0, 0, 1, 1, 1, 1, 0, 0], [0, 1, 0, 0, 1, 0, 1, 1, 1, 0], [1, 0, 1, 1, 0, 0, 1, 1, 0, 1], [0, 1, 1, 0, 0, 0, 0, 1, 0, 1], [0, 1, 1, 1, 1, 0, 0, 0, 1, 0], [1, 1, 1, 1, 1, 1, 0, 0, 1, 1], [0, 0, 0, 1, 0, 0, 1, 1, 0, 0], [0, 1, 0, 0, 1, 1, 0, 1, 0, 0]]",24.0,6.0,Y,"{0: 78, 1: 36, 2: 54, 3: 30, 4: 24, 5: 72, 6: 66, 7: 48, 8: 42, 9: 60}",Y,"{0: 78, 1: 36, 2: 54, 3: 30, 4: 24, 5: 72, 6: 66, 7: 48, 8: 42, 9: 60}","{(0, 1): 30, (0, 2): 1, (0, 4): 18, (0, 7): 29, (1, 2): 1, (1, 3): 1, (1, 5): 1, (1, 6): 1, (1, 7): 1, (1, 9): 1, (2, 4): 1, (2, 5): 2, (2, 6): 48, (2, 7): 1, (3, 4): 1, (3, 6): 1, (3, 7): 1, (3, 8): 26, (4, 6): 1, (4, 7): 1, (4, 9): 2, (5, 7): 13, (5, 9): 56, (6, 8): 15, (7, 8): 1, (7, 9): 1}",918.1499481201172,26.0,10.0,52.0
16.0,Graph with 10 nodes and 17 edges,"[[0, 1, 1, 0, 1, 1, 0, 0, 1, 1], [1, 0, 0, 0, 0, 0, 1, 0, 0, 0], [1, 0, 0, 1, 1, 0, 0, 1, 0, 1], [0, 0, 1, 0, 1, 0, 0, 0, 0, 0], [1, 0, 1, 1, 0, 1, 1, 0, 1, 0], [1, 0, 0, 0, 1, 0, 1, 0, 0, 1], [0, 1, 0, 0, 1, 1, 0, 0, 0, 0], [0, 0, 1, 0, 0, 0, 0, 0, 0, 0], [1, 0, 0, 0, 1, 0, 0, 0, 0, 0], [1, 0, 1, 0, 0, 1, 0, 0, 0, 0]]",8.0,2.0,Y,"{0: 26, 1: 24, 2: 22, 3: 20, 4: 18, 5: 16, 6: 14, 7: 10, 8: 8, 9: 12}",Y,"{0: 26, 1: 24, 2: 22, 3: 20, 4: 18, 5: 16, 6: 14, 7: 10, 8: 8, 9: 12}","{(0, 1): 12, (0, 2): 1, (0, 4): 1, (0, 5): 5, (0, 8): 5, (0, 9): 2, (1, 6): 12, (2, 3): 9, (2, 4): 1, (2, 7): 10, (2, 9): 1, (3, 4): 11, (4, 5): 1, (4, 6): 1, (4, 8): 3, (5, 6): 1, (5, 9): 9}",365.0188446044922,17.0,10.0,34.0
18.0,Graph with 10 nodes and 24 edges,"[[0, 0, 0, 1, 1, 0, 1, 0, 0, 1], [0, 0, 1, 1, 1, 1, 0, 1, 1, 0], [0, 1, 0, 0, 0, 1, 0, 1, 0, 1], [1, 1, 0, 0, 0, 0, 1, 1, 1, 1], [1, 1, 0, 0, 0, 1, 0, 0, 0, 0], [0, 1, 1, 0, 1, 0, 1, 0, 0, 0], [1, 0, 0, 1, 0, 1, 0, 1, 1, 1], [0, 1, 1, 1, 0, 0, 1, 0, 1, 0], [0, 1, 0, 1, 0, 0, 1, 1, 0, 1], [1, 0, 1, 1, 0, 0, 1, 0, 1, 0]]",18.0,2.0,Y,"{0: 36, 1: 22, 2: 20, 3: 32, 4: 24, 5: 18, 6: 30, 7: 28, 8: 26, 9: 34}",Y,"{0: 36, 1: 22, 2: 20, 3: 32, 4: 24, 5: 18, 6: 30, 7: 28, 8: 26, 9: 34}","{(0, 3): 1, (0, 4): 20, (0, 6): 12, (0, 9): 3, (1, 2): 11, (1, 3): 3, (1, 4): 1, (1, 5): 1, (1, 7): 5, (1, 8): 1, (2, 5): 3, (2, 7): 5, (2, 9): 1, (3, 6): 1, (3, 7): 6, (3, 8): 4, (3, 9): 17, (4, 5): 3, (5, 6): 11, (6, 7): 1, (6, 8): 1, (6, 9): 4, (7, 8): 11, (8, 9): 9}",54.12101745605469,24.0,10.0,48.0
18.0,Graph with 10 nodes and 24 edges,"[[0, 0, 0, 1, 1, 0, 1, 0, 0, 1], [0, 0, 1, 1, 1, 1, 0, 1, 1, 0], [0, 1, 0, 0, 0, 1, 0, 1, 0, 1], [1, 1, 0, 0, 0, 0, 1, 1, 1, 1], [1, 1, 0, 0, 0, 1, 0, 0, 0, 0], [0, 1, 1, 0, 1, 0, 1, 0, 0, 0], [1, 0, 0, 1, 0, 1, 0, 1, 1, 1], [0, 1, 1, 1, 0, 0, 1, 0, 1, 0], [0, 1, 0, 1, 0, 0, 1, 1, 0, 1], [1, 0, 1, 1, 0, 0, 1, 0, 1, 0]]",18.0,4.0,Y,"{0: 42, 1: 46, 2: 34, 3: 50, 4: 18, 5: 22, 6: 26, 7: 54, 8: 38, 9: 30}",Y,"{0: 42, 1: 46, 2: 34, 3: 50, 4: 18, 5: 22, 6: 26, 7: 54, 8: 38, 9: 30}","{(0, 3): 1, (0, 4): 1, (0, 6): 21, (0, 9): 19, (1, 2): 1, (1, 3): 41, (1, 4): 1, (1, 5): 1, (1, 7): 1, (1, 8): 1, (2, 5): 4, (2, 7): 21, (2, 9): 8, (3, 6): 1, (3, 7): 1, (3, 8): 5, (3, 9): 1, (4, 5): 16, (5, 6): 1, (6, 7): 1, (6, 8): 1, (6, 9): 1, (7, 8): 30, (8, 9): 1}",363.1114959716797,24.0,10.0,48.0
19.0,Graph with 10 nodes and 25 edges,"[[0, 1, 1, 0, 1, 0, 1, 0, 1, 1], [1, 0, 0, 1, 0, 1, 0, 1, 0, 1], [1, 0, 0, 0, 1, 1, 1, 0, 1, 1], [0, 1, 0, 0, 1, 1, 0, 0, 0, 0], [1, 0, 1, 1, 0, 0, 0, 0, 0, 1], [0, 1, 1, 1, 0, 0, 1, 0, 1, 0], [1, 0, 1, 0, 0, 1, 0, 1, 0, 1], [0, 1, 0, 0, 0, 0, 1, 0, 1, 1], [1, 0, 1, 0, 0, 1, 0, 1, 0, 1], [1, 1, 1, 0, 1, 0, 1, 1, 1, 0]]",4.0,6.0,Y,"{0: 58, 1: 52, 2: 46, 3: 40, 4: 34, 5: 28, 6: 22, 7: 4, 8: 16, 9: 10}",Y,"{0: 58, 1: 52, 2: 46, 3: 40, 4: 34, 5: 28, 6: 22, 7: 4, 8: 16, 9: 10}","{(0, 1): 1, (0, 2): 22, (0, 4): 1, (0, 6): 18, (0, 8): 12, (0, 9): 4, (1, 3): 26, (1, 5): 23, (1, 7): 1, (1, 9): 1, (2, 4): 19, (2, 5): 2, (2, 6): 1, (2, 8): 1, (2, 9): 1, (3, 4): 13, (3, 5): 1, (4, 9): 1, (5, 6): 1, (5, 8): 1, (6, 7): 1, (6, 9): 1, (7, 8): 1, (7, 9): 1, (8, 9): 1}",360.9657287597656,25.0,10.0,50.0
20.0,Graph with 10 nodes and 28 edges,"[[0, 0, 0, 0, 1, 0, 0, 1, 1, 1], [0, 0, 1, 1, 1, 1, 1, 1, 1, 0], [0, 1, 0, 1, 1, 1, 0, 1, 1, 1], [0, 1, 1, 0, 0, 1, 0, 0, 0, 1], [1, 1, 1, 0, 0, 1, 0, 1, 1, 1], [0, 1, 1, 1, 1, 0, 1, 0, 1, 0], [0, 1, 0, 0, 0, 1, 0, 0, 1, 1], [1, 1, 1, 0, 1, 0, 0, 0, 1, 0], [1, 1, 1, 0, 1, 1, 1, 1, 0, 0], [1, 0, 1, 1, 1, 0, 1, 0, 0, 0]]",10.0,4.0,Y,"{0: 46, 1: 42, 2: 38, 3: 34, 4: 30, 5: 26, 6: 22, 7: 18, 8: 14, 9: 10}",Y,"{0: 46, 1: 42, 2: 38, 3: 34, 4: 30, 5: 26, 6: 22, 7: 18, 8: 14, 9: 10}","{(0, 4): 24, (0, 7): 14, (0, 8): 2, (0, 9): 6, (1, 2): 1, (1, 3): 16, (1, 4): 1, (1, 5): 7, (1, 6): 15, (1, 7): 1, (1, 8): 1, (2, 3): 16, (2, 4): 1, (2, 5): 15, (2, 7): 1, (2, 8): 3, (2, 9): 1, (3, 5): 1, (3, 9): 1, (4, 5): 1, (4, 7): 1, (4, 8): 1, (4, 9): 1, (5, 6): 1, (5, 8): 1, (6, 8): 5, (6, 9): 1, (7, 8): 1}",71.04873657226562,28.0,10.0,56.0
21.0,Graph with 10 nodes and 19 edges,"[[0, 1, 0, 0, 0, 1, 1, 1, 1, 0], [1, 0, 1, 0, 0, 1, 0, 0, 0, 0], [0, 1, 0, 1, 1, 0, 0, 1, 0, 0], [0, 0, 1, 0, 0, 1, 1, 0, 1, 0], [0, 0, 1, 0, 0, 0, 1, 0, 1, 0], [1, 1, 0, 1, 0, 0, 0, 0, 0, 0], [1, 0, 0, 1, 1, 0, 0, 1, 1, 1], [1, 0, 1, 0, 0, 0, 1, 0, 0, 1], [1, 0, 0, 1, 1, 0, 1, 0, 0, 0], [0, 0, 0, 0, 0, 0, 1, 1, 0, 0]]",2.0,2.0,Y,"{0: 20, 1: 18, 2: 16, 3: 14, 4: 12, 5: 10, 6: 8, 7: 6, 8: 4, 9: 2}",Y,"{0: 20, 1: 18, 2: 16, 3: 14, 4: 12, 5: 10, 6: 8, 7: 6, 8: 4, 9: 2}","{(0, 1): 16, (0, 5): 1, (0, 6): 1, (0, 7): 1, (0, 8): 1, (1, 2): 1, (1, 5): 1, (2, 3): 4, (2, 4): 10, (2, 7): 1, (3, 5): 8, (3, 6): 1, (3, 8): 1, (4, 6): 1, (4, 8): 1, (6, 7): 3, (6, 8): 1, (6, 9): 1, (7, 9): 1}",22.88818359375,19.0,10.0,38.0
23.0,Graph with 10 nodes and 30 edges,"[[0, 1, 1, 1, 1, 0, 1, 0, 1, 0], [1, 0, 1, 1, 1, 1, 0, 0, 1, 0], [1, 1, 0, 0, 0, 1, 0, 0, 1, 0], [1, 1, 0, 0, 1, 0, 1, 1, 1, 1], [1, 1, 0, 1, 0, 0, 1, 1, 1, 1], [0, 1, 1, 0, 0, 0, 0, 1, 1, 1], [1, 0, 0, 1, 1, 0, 0, 1, 1, 0], [0, 0, 0, 1, 1, 1, 1, 0, 1, 1], [1, 1, 1, 1, 1, 1, 1, 1, 0, 1], [0, 0, 0, 1, 1, 1, 0, 1, 1, 0]]",29.0,2.0,Y,"{0: 39, 1: 41, 2: 35, 3: 37, 4: 43, 5: 33, 6: 47, 7: 31, 8: 45, 9: 29}",Y,"{0: 39, 1: 41, 2: 35, 3: 37, 4: 43, 5: 33, 6: 47, 7: 31, 8: 45, 9: 29}","{(0, 1): 1, (0, 2): 1, (0, 3): 31, (0, 4): 1, (0, 6): 4, (0, 8): 1, (1, 2): 4, (1, 3): 1, (1, 4): 33, (1, 5): 1, (1, 8): 1, (2, 5): 29, (2, 8): 1, (3, 4): 1, (3, 6): 1, (3, 7): 1, (3, 8): 1, (3, 9): 1, (4, 6): 4, (4, 7): 1, (4, 8): 2, (4, 9): 1, (5, 7): 1, (5, 8): 1, (5, 9): 1, (6, 7): 26, (6, 8): 12, (7, 8): 1, (7, 9): 1, (8, 9): 25}",275.8502960205078,30.0,10.0,60.0
25.0,Graph with 10 nodes and 23 edges,"[[0, 1, 0, 0, 1, 1, 1, 0, 1, 1], [1, 0, 1, 0, 0, 0, 0, 0, 1, 1], [0, 1, 0, 0, 1, 1, 0, 0, 0, 0], [0, 0, 0, 0, 1, 1, 0, 0, 0, 1], [1, 0, 1, 1, 0, 1, 1, 1, 0, 0], [1, 0, 1, 1, 1, 0, 1, 0, 0, 0], [1, 0, 0, 0, 1, 1, 0, 1, 1, 1], [0, 0, 0, 0, 1, 0, 1, 0, 0, 1], [1, 1, 0, 0, 0, 0, 1, 0, 0, 1], [1, 1, 0, 1, 0, 0, 1, 1, 1, 0]]",9.0,6.0,Y,"{0: 33, 1: 27, 2: 63, 3: 9, 4: 45, 5: 15, 6: 21, 7: 51, 8: 39, 9: 57}",Y,"{0: 33, 1: 27, 2: 63, 3: 9, 4: 45, 5: 15, 6: 21, 7: 51, 8: 39, 9: 57}","{(0, 1): 1, (0, 4): 1, (0, 5): 9, (0, 6): 1, (0, 8): 20, (0, 9): 1, (1, 2): 23, (1, 8): 2, (1, 9): 1, (2, 4): 37, (2, 5): 3, (3, 4): 1, (3, 5): 1, (3, 9): 7, (4, 5): 1, (4, 6): 1, (4, 7): 4, (5, 6): 1, (6, 7): 1, (6, 8): 16, (6, 9): 1, (7, 9): 46, (8, 9): 1}",654.9358367919922,23.0,10.0,46.0
27.0,Graph with 10 nodes and 26 edges,"[[0, 0, 1, 1, 1, 0, 1, 0, 0, 0], [0, 0, 1, 0, 0, 1, 1, 1, 1, 1], [1, 1, 0, 1, 1, 0, 0, 0, 1, 0], [1, 0, 1, 0, 1, 1, 1, 1, 1, 1], [1, 0, 1, 1, 0, 1, 0, 1, 1, 0], [0, 1, 0, 1, 1, 0, 0, 0, 1, 0], [1, 1, 0, 1, 0, 0, 0, 0, 1, 0], [0, 1, 0, 1, 1, 0, 0, 0, 0, 1], [0, 1, 1, 1, 1, 1, 1, 0, 0, 1], [0, 1, 0, 1, 0, 0, 0, 1, 1, 0]]",12.0,8.0,Y,"{0: 84, 1: 76, 2: 68, 3: 60, 4: 52, 5: 44, 6: 36, 7: 28, 8: 20, 9: 12}",Y,"{0: 84, 1: 76, 2: 68, 3: 60, 4: 52, 5: 44, 6: 36, 7: 28, 8: 20, 9: 12}","{(0, 2): 1, (0, 3): 3, (0, 4): 47, (0, 6): 33, (1, 2): 1, (1, 5): 41, (1, 6): 1, (1, 7): 24, (1, 8): 1, (1, 9): 8, (2, 3): 51, (2, 4): 1, (2, 8): 14, (3, 4): 1, (3, 5): 1, (3, 6): 1, (3, 7): 1, (3, 8): 1, (3, 9): 1, (4, 5): 1, (4, 7): 1, (4, 8): 1, (5, 8): 1, (6, 8): 1, (7, 9): 2, (8, 9): 1}",275.1350402832031,26.0,10.0,52.0
27.0,Graph with 10 nodes and 26 edges,"[[0, 0, 1, 1, 1, 0, 1, 0, 0, 0], [0, 0, 1, 0, 0, 1, 1, 1, 1, 1], [1, 1, 0, 1, 1, 0, 0, 0, 1, 0], [1, 0, 1, 0, 1, 1, 1, 1, 1, 1], [1, 0, 1, 1, 0, 1, 0, 1, 1, 0], [0, 1, 0, 1, 1, 0, 0, 0, 1, 0], [1, 1, 0, 1, 0, 0, 0, 0, 1, 0], [0, 1, 0, 1, 1, 0, 0, 0, 0, 1], [0, 1, 1, 1, 1, 1, 1, 0, 0, 1], [0, 1, 0, 1, 0, 0, 0, 1, 1, 0]]",20.0,8.0,Y,"{0: 92, 1: 28, 2: 20, 3: 44, 4: 60, 5: 36, 6: 84, 7: 68, 8: 52, 9: 76}",Y,"{0: 92, 1: 28, 2: 20, 3: 44, 4: 60, 5: 36, 6: 84, 7: 68, 8: 52, 9: 76}","{(0, 2): 16, (0, 3): 1, (0, 4): 1, (0, 6): 74, (1, 2): 1, (1, 5): 22, (1, 6): 1, (1, 7): 2, (1, 8): 1, (1, 9): 1, (2, 3): 1, (2, 4): 1, (2, 8): 1, (3, 4): 37, (3, 5): 1, (3, 6): 1, (3, 7): 1, (3, 8): 1, (3, 9): 1, (4, 5): 1, (4, 7): 1, (4, 8): 19, (5, 8): 12, (6, 8): 8, (7, 9): 64, (8, 9): 10}",338.0775451660156,26.0,10.0,52.0
27.0,Graph with 10 nodes and 26 edges,"[[0, 0, 1, 1, 1, 0, 1, 0, 0, 0], [0, 0, 1, 0, 0, 1, 1, 1, 1, 1], [1, 1, 0, 1, 1, 0, 0, 0, 1, 0], [1, 0, 1, 0, 1, 1, 1, 1, 1, 1], [1, 0, 1, 1, 0, 1, 0, 1, 1, 0], [0, 1, 0, 1, 1, 0, 0, 0, 1, 0], [1, 1, 0, 1, 0, 0, 0, 0, 1, 0], [0, 1, 0, 1, 1, 0, 0, 0, 0, 1], [0, 1, 1, 1, 1, 1, 1, 0, 0, 1], [0, 1, 0, 1, 0, 0, 0, 1, 1, 0]]",26.0,6.0,Y,"{0: 74, 1: 80, 2: 56, 3: 62, 4: 32, 5: 44, 6: 50, 7: 26, 8: 68, 9: 38}",Y,"{0: 74, 1: 80, 2: 56, 3: 62, 4: 32, 5: 44, 6: 50, 7: 26, 8: 68, 9: 38}","{(0, 2): 52, (0, 3): 1, (0, 4): 20, (0, 6): 1, (1, 2): 1, (1, 5): 34, (1, 6): 1, (1, 7): 1, (1, 8): 42, (1, 9): 1, (2, 3): 1, (2, 4): 1, (2, 8): 1, (3, 4): 1, (3, 5): 1, (3, 6): 47, (3, 7): 1, (3, 8): 9, (3, 9): 1, (4, 5): 8, (4, 7): 1, (4, 8): 1, (5, 8): 1, (6, 8): 1, (7, 9): 23, (8, 9): 13}",839.9486541748047,26.0,10.0,52.0
28.0,Graph with 10 nodes and 23 edges,"[[0, 0, 0, 1, 0, 1, 1, 1, 0, 0], [0, 0, 0, 1, 1, 0, 1, 0, 0, 0], [0, 0, 0, 1, 0, 1, 1, 0, 1, 0], [1, 1, 1, 0, 0, 0, 1, 1, 0, 1], [0, 1, 0, 0, 0, 0, 0, 1, 0, 1], [1, 0, 1, 0, 0, 0, 1, 1, 1, 1], [1, 1, 1, 1, 0, 1, 0, 0, 1, 0], [1, 0, 0, 1, 1, 1, 0, 0, 1, 0], [0, 0, 1, 0, 0, 1, 1, 1, 0, 1], [0, 0, 0, 1, 1, 1, 0, 0, 1, 0]]",22.0,2.0,Y,"{0: 40, 1: 38, 2: 36, 3: 34, 4: 32, 5: 30, 6: 28, 7: 26, 8: 24, 9: 22}",Y,"{0: 40, 1: 38, 2: 36, 3: 34, 4: 32, 5: 30, 6: 28, 7: 26, 8: 24, 9: 22}","{(0, 3): 16, (0, 5): 1, (0, 6): 1, (0, 7): 22, (1, 3): 14, (1, 4): 12, (1, 6): 12, (2, 3): 1, (2, 5): 14, (2, 6): 1, (2, 8): 20, (3, 6): 1, (3, 7): 1, (3, 9): 1, (4, 7): 1, (4, 9): 19, (5, 6): 12, (5, 7): 1, (5, 8): 1, (5, 9): 1, (6, 8): 1, (7, 8): 1, (8, 9): 1}",756.0253143310547,23.0,10.0,46.0
29.0,Graph with 10 nodes and 20 edges,"[[0, 0, 0, 1, 1, 1, 0, 1, 1, 1], [0, 0, 1, 0, 0, 0, 1, 0, 1, 0], [0, 1, 0, 0, 1, 0, 0, 1, 0, 1], [1, 0, 0, 0, 0, 0, 1, 1, 0, 0], [1, 0, 1, 0, 0, 0, 0, 0, 0, 0], [1, 0, 0, 0, 0, 0, 0, 1, 0, 0], [0, 1, 0, 1, 0, 0, 0, 1, 1, 1], [1, 0, 1, 1, 0, 1, 1, 0, 1, 0], [1, 1, 0, 0, 0, 0, 1, 1, 0, 1], [1, 0, 1, 0, 0, 0, 1, 0, 1, 0]]",2.0,4.0,Y,"{0: 10, 1: 14, 2: 18, 3: 22, 4: 6, 5: 2, 6: 26, 7: 30, 8: 34, 9: 38}",Y,"{0: 10, 1: 14, 2: 18, 3: 22, 4: 6, 5: 2, 6: 26, 7: 30, 8: 34, 9: 38}","{(0, 3): 1, (0, 4): 1, (0, 5): 1, (0, 7): 1, (0, 8): 1, (0, 9): 5, (1, 2): 1, (1, 6): 1, (1, 8): 12, (2, 4): 5, (2, 7): 11, (2, 9): 1, (3, 6): 6, (3, 7): 15, (5, 7): 1, (6, 7): 1, (6, 8): 3, (6, 9): 15, (7, 8): 1, (8, 9): 17}",25.987625122070312,20.0,10.0,40.0
30.0,Graph with 10 nodes and 19 edges,"[[0, 0, 0, 1, 1, 0, 0, 1, 0, 0], [0, 0, 1, 1, 0, 0, 1, 0, 0, 0], [0, 1, 0, 1, 1, 1, 0, 0, 1, 1], [1, 1, 1, 0, 0, 0, 1, 1, 0, 0], [1, 0, 1, 0, 0, 1, 0, 0, 1, 1], [0, 0, 1, 0, 1, 0, 0, 0, 0, 0], [0, 1, 0, 1, 0, 0, 0, 1, 1, 0], [1, 0, 0, 1, 0, 0, 1, 0, 0, 1], [0, 0, 1, 0, 1, 0, 1, 0, 0, 0], [0, 0, 1, 0, 1, 0, 0, 1, 0, 0]]",5.0,8.0,Y,"{0: 45, 1: 21, 2: 77, 3: 53, 4: 13, 5: 5, 6: 37, 7: 69, 8: 61, 9: 29}",Y,"{0: 45, 1: 21, 2: 77, 3: 53, 4: 13, 5: 5, 6: 37, 7: 69, 8: 61, 9: 29}","{(0, 3): 3, (0, 4): 3, (0, 7): 39, (1, 2): 6, (1, 3): 14, (1, 6): 1, (2, 3): 1, (2, 4): 5, (2, 5): 3, (2, 8): 55, (2, 9): 7, (3, 6): 28, (3, 7): 7, (4, 5): 2, (4, 8): 1, (4, 9): 2, (6, 7): 3, (6, 8): 5, (7, 9): 20}",51.021575927734375,19.0,10.0,38.0
33.0,Graph with 10 nodes and 27 edges,"[[0, 1, 1, 1, 1, 0, 1, 1, 0, 0], [1, 0, 1, 1, 0, 1, 0, 1, 0, 1], [1, 1, 0, 0, 0, 1, 1, 1, 1, 1], [1, 1, 0, 0, 0, 1, 1, 0, 0, 1], [1, 0, 0, 0, 0, 0, 0, 1, 1, 0], [0, 1, 1, 1, 0, 0, 1, 0, 1, 0], [1, 0, 1, 1, 0, 1, 0, 1, 1, 1], [1, 1, 1, 0, 1, 0, 1, 0, 0, 0], [0, 0, 1, 0, 1, 1, 1, 0, 0, 1], [0, 1, 1, 1, 0, 0, 1, 0, 1, 0]]",19.0,8.0,Y,"{0: 91, 1: 19, 2: 43, 3: 75, 4: 59, 5: 51, 6: 83, 7: 67, 8: 27, 9: 35}",Y,"{0: 91, 1: 19, 2: 43, 3: 75, 4: 59, 5: 51, 6: 83, 7: 67, 8: 27, 9: 35}","{(0, 1): 1, (0, 2): 1, (0, 3): 1, (0, 4): 35, (0, 6): 52, (0, 7): 1, (1, 2): 1, (1, 3): 1, (1, 5): 1, (1, 7): 14, (1, 9): 1, (2, 5): 1, (2, 6): 4, (2, 7): 28, (2, 8): 1, (2, 9): 7, (3, 5): 47, (3, 6): 1, (3, 9): 25, (4, 7): 1, (4, 8): 23, (5, 6): 1, (5, 8): 1, (6, 7): 23, (6, 8): 1, (6, 9): 1, (8, 9): 1}",1120.0904846191406,27.0,10.0,54.0
35.0,Graph with 10 nodes and 24 edges,"[[0, 0, 1, 0, 1, 1, 1, 0, 1, 1], [0, 0, 0, 1, 1, 0, 0, 0, 1, 1], [1, 0, 0, 1, 0, 0, 1, 1, 1, 0], [0, 1, 1, 0, 1, 1, 0, 0, 0, 1], [1, 1, 0, 1, 0, 0, 1, 1, 1, 1], [1, 0, 0, 1, 0, 0, 1, 0, 0, 0], [1, 0, 1, 0, 1, 1, 0, 1, 0, 0], [0, 0, 1, 0, 1, 0, 1, 0, 0, 1], [1, 1, 1, 0, 1, 0, 0, 0, 0, 0], [1, 1, 0, 1, 1, 0, 0, 1, 0, 0]]",5.0,6.0,Y,"{0: 17, 1: 11, 2: 23, 3: 29, 4: 35, 5: 41, 6: 47, 7: 53, 8: 5, 9: 59}",Y,"{0: 17, 1: 11, 2: 23, 3: 29, 4: 35, 5: 41, 6: 47, 7: 53, 8: 5, 9: 59}","{(0, 2): 5, (0, 4): 1, (0, 5): 1, (0, 6): 1, (0, 8): 1, (0, 9): 8, (1, 3): 8, (1, 4): 1, (1, 8): 1, (1, 9): 1, (2, 3): 10, (2, 6): 5, (2, 7): 1, (2, 8): 2, (3, 4): 9, (3, 5): 1, (3, 9): 1, (4, 6): 1, (4, 7): 12, (4, 8): 1, (4, 9): 10, (5, 6): 39, (6, 7): 1, (7, 9): 39}",34.09385681152344,24.0,10.0,48.0
35.0,Graph with 10 nodes and 24 edges,"[[0, 0, 1, 0, 1, 1, 1, 0, 1, 1], [0, 0, 0, 1, 1, 0, 0, 0, 1, 1], [1, 0, 0, 1, 0, 0, 1, 1, 1, 0], [0, 1, 1, 0, 1, 1, 0, 0, 0, 1], [1, 1, 0, 1, 0, 0, 1, 1, 1, 1], [1, 0, 0, 1, 0, 0, 1, 0, 0, 0], [1, 0, 1, 0, 1, 1, 0, 1, 0, 0], [0, 0, 1, 0, 1, 0, 1, 0, 0, 1], [1, 1, 1, 0, 1, 0, 0, 0, 0, 0], [1, 1, 0, 1, 1, 0, 0, 1, 0, 0]]",10.0,6.0,Y,"{0: 52, 1: 34, 2: 10, 3: 28, 4: 64, 5: 22, 6: 58, 7: 46, 8: 40, 9: 16}",Y,"{0: 52, 1: 34, 2: 10, 3: 28, 4: 64, 5: 22, 6: 58, 7: 46, 8: 40, 9: 16}","{(0, 2): 1, (0, 4): 8, (0, 5): 1, (0, 6): 39, (0, 8): 2, (0, 9): 1, (1, 3): 1, (1, 4): 1, (1, 8): 31, (1, 9): 1, (2, 3): 1, (2, 6): 1, (2, 7): 1, (2, 8): 6, (3, 4): 20, (3, 5): 5, (3, 9): 1, (4, 6): 1, (4, 7): 32, (4, 8): 1, (4, 9): 1, (5, 6): 16, (6, 7): 1, (7, 9): 12}",1045.9423065185547,24.0,10.0,48.0
37.0,Graph with 10 nodes and 23 edges,"[[0, 1, 0, 0, 0, 1, 1, 0, 0, 0], [1, 0, 1, 1, 0, 1, 0, 1, 0, 1], [0, 1, 0, 0, 0, 1, 0, 1, 1, 1], [0, 1, 0, 0, 0, 1, 0, 1, 1, 0], [0, 0, 0, 0, 0, 0, 1, 1, 0, 1], [1, 1, 1, 1, 0, 0, 0, 0, 1, 1], [1, 0, 0, 0, 1, 0, 0, 1, 1, 0], [0, 1, 1, 1, 1, 0, 1, 0, 1, 0], [0, 0, 1, 1, 0, 1, 1, 1, 0, 0], [0, 1, 1, 0, 1, 1, 0, 0, 0, 0]]",18.0,8.0,Y,"{0: 26, 1: 34, 2: 42, 3: 50, 4: 58, 5: 66, 6: 74, 7: 82, 8: 90, 9: 18}",Y,"{0: 26, 1: 34, 2: 42, 3: 50, 4: 58, 5: 66, 6: 74, 7: 82, 8: 90, 9: 18}","{(0, 1): 1, (0, 5): 1, (0, 6): 24, (1, 2): 1, (1, 3): 1, (1, 5): 1, (1, 7): 29, (1, 9): 1, (2, 5): 9, (2, 7): 3, (2, 8): 28, (2, 9): 1, (3, 5): 1, (3, 7): 47, (3, 8): 1, (4, 6): 42, (4, 7): 1, (4, 9): 15, (5, 8): 53, (5, 9): 1, (6, 7): 1, (6, 8): 7, (7, 8): 1}",777.0061492919922,23.0,10.0,46.0
39.0,Graph with 10 nodes and 19 edges,"[[0, 0, 1, 1, 0, 0, 0, 0, 0, 0], [0, 0, 0, 1, 1, 1, 0, 0, 1, 1], [1, 0, 0, 1, 0, 1, 1, 0, 1, 0], [1, 1, 1, 0, 0, 1, 0, 0, 0, 1], [0, 1, 0, 0, 0, 1, 0, 1, 1, 1], [0, 1, 1, 1, 1, 0, 0, 0, 0, 0], [0, 0, 1, 0, 0, 0, 0, 1, 0, 1], [0, 0, 0, 0, 1, 0, 1, 0, 0, 0], [0, 1, 1, 0, 1, 0, 0, 0, 0, 0], [0, 1, 0, 1, 1, 0, 1, 0, 0, 0]]",7.0,2.0,Y,"{0: 25, 1: 23, 2: 21, 3: 19, 4: 17, 5: 15, 6: 13, 7: 11, 8: 9, 9: 7}",Y,"{0: 25, 1: 23, 2: 21, 3: 19, 4: 17, 5: 15, 6: 13, 7: 11, 8: 9, 9: 7}","{(0, 2): 13, (0, 3): 12, (1, 3): 4, (1, 4): 5, (1, 5): 10, (1, 8): 1, (1, 9): 3, (2, 3): 1, (2, 5): 1, (2, 6): 3, (2, 8): 3, (3, 5): 1, (3, 9): 1, (4, 5): 3, (4, 7): 3, (4, 8): 5, (4, 9): 1, (6, 7): 8, (6, 9): 2}",46.96846008300781,19.0,10.0,38.0
39.0,Graph with 10 nodes and 19 edges,"[[0, 0, 1, 1, 0, 0, 0, 0, 0, 0], [0, 0, 0, 1, 1, 1, 0, 0, 1, 1], [1, 0, 0, 1, 0, 1, 1, 0, 1, 0], [1, 1, 1, 0, 0, 1, 0, 0, 0, 1], [0, 1, 0, 0, 0, 1, 0, 1, 1, 1], [0, 1, 1, 1, 1, 0, 0, 0, 0, 0], [0, 0, 1, 0, 0, 0, 0, 1, 0, 1], [0, 0, 0, 0, 1, 0, 1, 0, 0, 0], [0, 1, 1, 0, 1, 0, 0, 0, 0, 0], [0, 1, 0, 1, 1, 0, 1, 0, 0, 0]]",15.0,2.0,Y,"{0: 21, 1: 25, 2: 23, 3: 31, 4: 29, 5: 33, 6: 27, 7: 17, 8: 15, 9: 19}",Y,"{0: 21, 1: 25, 2: 23, 3: 31, 4: 29, 5: 33, 6: 27, 7: 17, 8: 15, 9: 19}","{(0, 2): 1, (0, 3): 20, (1, 3): 1, (1, 4): 7, (1, 5): 15, (1, 8): 1, (1, 9): 1, (2, 3): 6, (2, 5): 14, (2, 6): 1, (2, 8): 1, (3, 5): 3, (3, 9): 1, (4, 5): 1, (4, 7): 1, (4, 8): 13, (4, 9): 7, (6, 7): 16, (6, 9): 10}",526.9050598144531,19.0,10.0,38.0
40.0,Graph with 10 nodes and 23 edges,"[[0, 0, 1, 0, 0, 1, 1, 0, 1, 1], [0, 0, 0, 1, 0, 0, 0, 1, 1, 1], [1, 0, 0, 1, 1, 0, 0, 0, 1, 1], [0, 1, 1, 0, 1, 0, 0, 0, 1, 0], [0, 0, 1, 1, 0, 0, 0, 0, 0, 1], [1, 0, 0, 0, 0, 0, 1, 0, 0, 1], [1, 0, 0, 0, 0, 1, 0, 1, 0, 1], [0, 1, 0, 0, 0, 0, 1, 0, 1, 1], [1, 1, 1, 1, 0, 0, 0, 1, 0, 1], [1, 1, 1, 0, 1, 1, 1, 1, 1, 0]]",13.0,4.0,Y,"{0: 17, 1: 21, 2: 25, 3: 29, 4: 33, 5: 37, 6: 41, 7: 45, 8: 49, 9: 13}",Y,"{0: 17, 1: 21, 2: 25, 3: 29, 4: 33, 5: 37, 6: 41, 7: 45, 8: 49, 9: 13}","{(0, 2): 1, (0, 5): 1, (0, 6): 1, (0, 8): 8, (0, 9): 6, (1, 3): 1, (1, 7): 18, (1, 8): 1, (1, 9): 1, (2, 3): 1, (2, 4): 21, (2, 8): 1, (2, 9): 1, (3, 4): 11, (3, 8): 16, (4, 9): 1, (5, 6): 35, (5, 9): 1, (6, 7): 4, (6, 9): 1, (7, 8): 22, (7, 9): 1, (8, 9): 1}",441.0743713378906,23.0,10.0,46.0
44.0,Graph with 10 nodes and 25 edges,"[[0, 0, 0, 0, 0, 0, 1, 1, 0, 0], [0, 0, 1, 0, 1, 0, 0, 1, 1, 1], [0, 1, 0, 0, 0, 1, 1, 1, 0, 1], [0, 0, 0, 0, 1, 0, 1, 0, 1, 1], [0, 1, 0, 1, 0, 0, 1, 0, 1, 0], [0, 0, 1, 0, 0, 0, 1, 1, 1, 0], [1, 0, 1, 1, 1, 1, 0, 1, 0, 1], [1, 1, 1, 0, 0, 1, 1, 0, 1, 1], [0, 1, 0, 1, 1, 1, 0, 1, 0, 1], [0, 1, 1, 1, 0, 0, 1, 1, 1, 0]]",7.0,8.0,Y,"{0: 15, 1: 23, 2: 31, 3: 39, 4: 47, 5: 55, 6: 63, 7: 71, 8: 79, 9: 7}",Y,"{0: 15, 1: 23, 2: 31, 3: 39, 4: 47, 5: 55, 6: 63, 7: 71, 8: 79, 9: 7}","{(0, 6): 14, (0, 7): 1, (1, 2): 1, (1, 4): 5, (1, 7): 15, (1, 8): 1, (1, 9): 1, (2, 5): 2, (2, 6): 1, (2, 7): 25, (2, 9): 2, (3, 4): 10, (3, 6): 1, (3, 8): 27, (3, 9): 1, (4, 6): 12, (4, 8): 20, (5, 6): 15, (5, 7): 9, (5, 8): 29, (6, 7): 19, (6, 9): 1, (7, 8): 1, (7, 9): 1, (8, 9): 1}",73.90975952148438,25.0,10.0,50.0
44.0,Graph with 10 nodes and 25 edges,"[[0, 0, 0, 0, 0, 0, 1, 1, 0, 0], [0, 0, 1, 0, 1, 0, 0, 1, 1, 1], [0, 1, 0, 0, 0, 1, 1, 1, 0, 1], [0, 0, 0, 0, 1, 0, 1, 0, 1, 1], [0, 1, 0, 1, 0, 0, 1, 0, 1, 0], [0, 0, 1, 0, 0, 0, 1, 1, 1, 0], [1, 0, 1, 1, 1, 1, 0, 1, 0, 1], [1, 1, 1, 0, 0, 1, 1, 0, 1, 1], [0, 1, 0, 1, 1, 1, 0, 1, 0, 1], [0, 1, 1, 1, 0, 0, 1, 1, 1, 0]]",17.0,2.0,Y,"{0: 19, 1: 35, 2: 33, 3: 31, 4: 29, 5: 27, 6: 17, 7: 23, 8: 21, 9: 25}",Y,"{0: 19, 1: 35, 2: 33, 3: 31, 4: 29, 5: 27, 6: 17, 7: 23, 8: 21, 9: 25}","{(0, 6): 3, (0, 7): 16, (1, 2): 7, (1, 4): 1, (1, 7): 1, (1, 8): 16, (1, 9): 10, (2, 5): 23, (2, 6): 1, (2, 7): 1, (2, 9): 1, (3, 4): 18, (3, 6): 1, (3, 8): 1, (3, 9): 11, (4, 6): 9, (4, 8): 1, (5, 6): 1, (5, 7): 2, (5, 8): 1, (6, 7): 1, (6, 9): 1, (7, 8): 1, (7, 9): 1, (8, 9): 1}",568.8667297363281,25.0,10.0,50.0
44.0,Graph with 10 nodes and 25 edges,"[[0, 0, 0, 0, 0, 0, 1, 1, 0, 0], [0, 0, 1, 0, 1, 0, 0, 1, 1, 1], [0, 1, 0, 0, 0, 1, 1, 1, 0, 1], [0, 0, 0, 0, 1, 0, 1, 0, 1, 1], [0, 1, 0, 1, 0, 0, 1, 0, 1, 0], [0, 0, 1, 0, 0, 0, 1, 1, 1, 0], [1, 0, 1, 1, 1, 1, 0, 1, 0, 1], [1, 1, 1, 0, 0, 1, 1, 0, 1, 1], [0, 1, 0, 1, 1, 1, 0, 1, 0, 1], [0, 1, 1, 1, 0, 0, 1, 1, 1, 0]]",24.0,4.0,Y,"{0: 44, 1: 60, 2: 52, 3: 36, 4: 32, 5: 40, 6: 48, 7: 28, 8: 24, 9: 56}",Y,"{0: 44, 1: 60, 2: 52, 3: 36, 4: 32, 5: 40, 6: 48, 7: 28, 8: 24, 9: 56}","{(0, 6): 34, (0, 7): 10, (1, 2): 24, (1, 4): 3, (1, 7): 7, (1, 8): 1, (1, 9): 25, (2, 5): 23, (2, 6): 1, (2, 7): 1, (2, 9): 3, (3, 4): 9, (3, 6): 1, (3, 8): 1, (3, 9): 25, (4, 6): 1, (4, 8): 19, (5, 6): 9, (5, 7): 7, (5, 8): 1, (6, 7): 1, (6, 9): 1, (7, 8): 1, (7, 9): 1, (8, 9): 1}",44.10743713378906,25.0,10.0,50.0
45.0,Graph with 10 nodes and 19 edges,"[[0, 1, 1, 1, 1, 0, 1, 0, 1, 1], [1, 0, 0, 1, 0, 0, 1, 1, 0, 1], [1, 0, 0, 1, 0, 1, 0, 0, 1, 0], [1, 1, 1, 0, 1, 0, 0, 1, 0, 0], [1, 0, 0, 1, 0, 0, 1, 0, 0, 0], [0, 0, 1, 0, 0, 0, 0, 0, 0, 0], [1, 1, 0, 0, 1, 0, 0, 0, 1, 0], [0, 1, 0, 1, 0, 0, 0, 0, 1, 0], [1, 0, 1, 0, 0, 0, 1, 1, 0, 0], [1, 1, 0, 0, 0, 0, 0, 0, 0, 0]]",8.0,2.0,Y,"{0: 26, 1: 24, 2: 22, 3: 20, 4: 18, 5: 16, 6: 14, 7: 12, 8: 10, 9: 8}",Y,"{0: 26, 1: 24, 2: 22, 3: 20, 4: 18, 5: 16, 6: 14, 7: 12, 8: 10, 9: 8}","{(0, 1): 1, (0, 2): 1, (0, 3): 2, (0, 4): 9, (0, 6): 5, (0, 8): 2, (0, 9): 6, (1, 3): 8, (1, 6): 6, (1, 7): 7, (1, 9): 2, (2, 3): 1, (2, 5): 16, (2, 8): 4, (3, 4): 7, (3, 7): 2, (4, 6): 2, (6, 8): 1, (7, 8): 3}",66.04194641113281,19.0,10.0,38.0
45.0,Graph with 10 nodes and 19 edges,"[[0, 1, 1, 1, 1, 0, 1, 0, 1, 1], [1, 0, 0, 1, 0, 0, 1, 1, 0, 1], [1, 0, 0, 1, 0, 1, 0, 0, 1, 0], [1, 1, 1, 0, 1, 0, 0, 1, 0, 0], [1, 0, 0, 1, 0, 0, 1, 0, 0, 0], [0, 0, 1, 0, 0, 0, 0, 0, 0, 0], [1, 1, 0, 0, 1, 0, 0, 0, 1, 0], [0, 1, 0, 1, 0, 0, 0, 0, 1, 0], [1, 0, 1, 0, 0, 0, 1, 1, 0, 0], [1, 1, 0, 0, 0, 0, 0, 0, 0, 0]]",9.0,4.0,Y,"{0: 13, 1: 17, 2: 25, 3: 29, 4: 33, 5: 21, 6: 37, 7: 41, 8: 45, 9: 9}",Y,"{0: 13, 1: 17, 2: 25, 3: 29, 4: 33, 5: 21, 6: 37, 7: 41, 8: 45, 9: 9}","{(0, 1): 1, (0, 2): 1, (0, 3): 7, (0, 4): 1, (0, 6): 1, (0, 8): 1, (0, 9): 1, (1, 3): 6, (1, 6): 1, (1, 7): 1, (1, 9): 8, (2, 3): 1, (2, 5): 21, (2, 8): 2, (3, 4): 7, (3, 7): 8, (4, 6): 25, (6, 8): 10, (7, 8): 32}",898.1227874755859,19.0,10.0,38.0
45.0,Graph with 10 nodes and 19 edges,"[[0, 1, 1, 1, 1, 0, 1, 0, 1, 1], [1, 0, 0, 1, 0, 0, 1, 1, 0, 1], [1, 0, 0, 1, 0, 1, 0, 0, 1, 0], [1, 1, 1, 0, 1, 0, 0, 1, 0, 0], [1, 0, 0, 1, 0, 0, 1, 0, 0, 0], [0, 0, 1, 0, 0, 0, 0, 0, 0, 0], [1, 1, 0, 0, 1, 0, 0, 0, 1, 0], [0, 1, 0, 1, 0, 0, 0, 0, 1, 0], [1, 0, 1, 0, 0, 0, 1, 1, 0, 0], [1, 1, 0, 0, 0, 0, 0, 0, 0, 0]]",11.0,4.0,Y,"{0: 15, 1: 19, 2: 27, 3: 31, 4: 35, 5: 23, 6: 39, 7: 47, 8: 43, 9: 11}",Y,"{0: 15, 1: 19, 2: 27, 3: 31, 4: 35, 5: 23, 6: 39, 7: 47, 8: 43, 9: 11}","{(0, 1): 1, (0, 2): 1, (0, 3): 1, (0, 4): 1, (0, 6): 1, (0, 8): 1, (0, 9): 9, (1, 3): 1, (1, 6): 14, (1, 7): 1, (1, 9): 2, (2, 3): 1, (2, 5): 23, (2, 8): 2, (3, 4): 16, (3, 7): 12, (4, 6): 18, (6, 8): 6, (7, 8): 34}",718.1167602539062,19.0,10.0,38.0
45.0,Graph with 10 nodes and 19 edges,"[[0, 1, 1, 1, 1, 0, 1, 0, 1, 1], [1, 0, 0, 1, 0, 0, 1, 1, 0, 1], [1, 0, 0, 1, 0, 1, 0, 0, 1, 0], [1, 1, 1, 0, 1, 0, 0, 1, 0, 0], [1, 0, 0, 1, 0, 0, 1, 0, 0, 0], [0, 0, 1, 0, 0, 0, 0, 0, 0, 0], [1, 1, 0, 0, 1, 0, 0, 0, 1, 0], [0, 1, 0, 1, 0, 0, 0, 0, 1, 0], [1, 0, 1, 0, 0, 0, 1, 1, 0, 0], [1, 1, 0, 0, 0, 0, 0, 0, 0, 0]]",24.0,2.0,Y,"{0: 42, 1: 40, 2: 38, 3: 36, 4: 34, 5: 32, 6: 30, 7: 28, 8: 26, 9: 24}",Y,"{0: 42, 1: 40, 2: 38, 3: 36, 4: 34, 5: 32, 6: 30, 7: 28, 8: 26, 9: 24}","{(0, 1): 9, (0, 2): 1, (0, 3): 27, (0, 4): 1, (0, 6): 1, (0, 8): 1, (0, 9): 2, (1, 3): 1, (1, 6): 1, (1, 7): 7, (1, 9): 22, (2, 3): 1, (2, 5): 32, (2, 8): 4, (3, 4): 6, (3, 7): 1, (4, 6): 27, (6, 8): 1, (7, 8): 20}",449.18060302734375,19.0,10.0,38.0
46.0,Graph with 10 nodes and 20 edges,"[[0, 0, 1, 1, 1, 1, 0, 1, 0, 1], [0, 0, 0, 1, 1, 1, 0, 1, 0, 0], [1, 0, 0, 0, 0, 1, 0, 0, 1, 0], [1, 1, 0, 0, 1, 1, 0, 0, 1, 1], [1, 1, 0, 1, 0, 1, 0, 0, 0, 0], [1, 1, 1, 1, 1, 0, 0, 1, 0, 0], [0, 0, 0, 0, 0, 0, 0, 1, 1, 0], [1, 1, 0, 0, 0, 1, 1, 0, 0, 0], [0, 0, 1, 1, 0, 0, 1, 0, 0, 0], [1, 0, 0, 1, 0, 0, 0, 0, 0, 0]]",7.0,2.0,Y,"{0: 25, 1: 23, 2: 21, 3: 19, 4: 17, 5: 15, 6: 13, 7: 11, 8: 9, 9: 7}",Y,"{0: 25, 1: 23, 2: 21, 3: 19, 4: 17, 5: 15, 6: 13, 7: 11, 8: 9, 9: 7}","{(0, 2): 15, (0, 3): 1, (0, 4): 1, (0, 5): 1, (0, 7): 1, (0, 9): 6, (1, 3): 10, (1, 4): 7, (1, 5): 3, (1, 7): 3, (2, 5): 5, (2, 8): 1, (3, 4): 5, (3, 5): 1, (3, 8): 1, (3, 9): 1, (4, 5): 4, (5, 7): 1, (6, 7): 6, (6, 8): 7}",31.948089599609375,20.0,10.0,40.0
46.0,Graph with 10 nodes and 20 edges,"[[0, 0, 1, 1, 1, 1, 0, 1, 0, 1], [0, 0, 0, 1, 1, 1, 0, 1, 0, 0], [1, 0, 0, 0, 0, 1, 0, 0, 1, 0], [1, 1, 0, 0, 1, 1, 0, 0, 1, 1], [1, 1, 0, 1, 0, 1, 0, 0, 0, 0], [1, 1, 1, 1, 1, 0, 0, 1, 0, 0], [0, 0, 0, 0, 0, 0, 0, 1, 1, 0], [1, 1, 0, 0, 0, 1, 1, 0, 0, 0], [0, 0, 1, 1, 0, 0, 1, 0, 0, 0], [1, 0, 0, 1, 0, 0, 0, 0, 0, 0]]",8.0,4.0,Y,"{0: 20, 1: 36, 2: 28, 3: 24, 4: 16, 5: 44, 6: 12, 7: 8, 8: 40, 9: 32}",Y,"{0: 20, 1: 36, 2: 28, 3: 24, 4: 16, 5: 44, 6: 12, 7: 8, 8: 40, 9: 32}","{(0, 2): 1, (0, 3): 1, (0, 4): 1, (0, 5): 1, (0, 7): 1, (0, 9): 15, (1, 3): 1, (1, 4): 6, (1, 5): 28, (1, 7): 1, (2, 5): 1, (2, 8): 26, (3, 4): 1, (3, 5): 1, (3, 8): 3, (3, 9): 17, (4, 5): 8, (5, 7): 5, (6, 7): 1, (6, 8): 11}",245.80955505371094,20.0,10.0,40.0
46.0,Graph with 10 nodes and 20 edges,"[[0, 0, 1, 1, 1, 1, 0, 1, 0, 1], [0, 0, 0, 1, 1, 1, 0, 1, 0, 0], [1, 0, 0, 0, 0, 1, 0, 0, 1, 0], [1, 1, 0, 0, 1, 1, 0, 0, 1, 1], [1, 1, 0, 1, 0, 1, 0, 0, 0, 0], [1, 1, 1, 1, 1, 0, 0, 1, 0, 0], [0, 0, 0, 0, 0, 0, 0, 1, 1, 0], [1, 1, 0, 0, 0, 1, 1, 0, 0, 0], [0, 0, 1, 1, 0, 0, 1, 0, 0, 0], [1, 0, 0, 1, 0, 0, 0, 0, 0, 0]]",15.0,8.0,Y,"{0: 87, 1: 31, 2: 47, 3: 63, 4: 71, 5: 15, 6: 79, 7: 39, 8: 55, 9: 23}",Y,"{0: 87, 1: 31, 2: 47, 3: 63, 4: 71, 5: 15, 6: 79, 7: 39, 8: 55, 9: 23}","{(0, 2): 35, (0, 3): 4, (0, 4): 30, (0, 5): 1, (0, 7): 1, (0, 9): 16, (1, 3): 18, (1, 4): 5, (1, 5): 7, (1, 7): 1, (2, 5): 1, (2, 8): 11, (3, 4): 32, (3, 5): 1, (3, 8): 1, (3, 9): 7, (4, 5): 4, (5, 7): 1, (6, 7): 36, (6, 8): 43}",56.98204040527344,20.0,10.0,40.0
47.0,Graph with 10 nodes and 24 edges,"[[0, 0, 1, 1, 1, 1, 0, 0, 0, 0], [0, 0, 0, 1, 0, 0, 0, 0, 1, 0], [1, 0, 0, 0, 1, 0, 0, 1, 1, 1], [1, 1, 0, 0, 1, 0, 0, 1, 0, 1], [1, 0, 1, 1, 0, 1, 1, 1, 0, 1], [1, 0, 0, 0, 1, 0, 1, 1, 1, 1], [0, 0, 0, 0, 1, 1, 0, 0, 1, 1], [0, 0, 1, 1, 1, 1, 0, 0, 1, 0], [0, 1, 1, 0, 0, 1, 1, 1, 0, 0], [0, 0, 1, 1, 1, 1, 1, 0, 0, 0]]",25.0,8.0,Y,"{0: 33, 1: 41, 2: 49, 3: 57, 4: 65, 5: 73, 6: 81, 7: 89, 8: 97, 9: 25}",Y,"{0: 33, 1: 41, 2: 49, 3: 57, 4: 65, 5: 73, 6: 81, 7: 89, 8: 97, 9: 25}","{(0, 2): 1, (0, 3): 1, (0, 4): 1, (0, 5): 30, (1, 3): 1, (1, 8): 40, (2, 4): 1, (2, 7): 13, (2, 8): 33, (2, 9): 1, (3, 4): 2, (3, 7): 52, (3, 9): 1, (4, 5): 1, (4, 6): 58, (4, 7): 1, (4, 9): 1, (5, 6): 20, (5, 7): 1, (5, 8): 1, (5, 9): 20, (6, 8): 1, (6, 9): 2, (7, 8): 22}",799.1790771484375,24.0,10.0,48.0
54.0,Graph with 10 nodes and 20 edges,"[[0, 0, 1, 1, 0, 1, 1, 1, 0, 1], [0, 0, 1, 1, 0, 0, 1, 0, 0, 1], [1, 1, 0, 0, 1, 0, 0, 0, 1, 0], [1, 1, 0, 0, 1, 0, 1, 0, 0, 1], [0, 0, 1, 1, 0, 0, 1, 0, 0, 0], [1, 0, 0, 0, 0, 0, 0, 1, 0, 0], [1, 1, 0, 1, 1, 0, 0, 1, 1, 0], [1, 0, 0, 0, 0, 1, 1, 0, 1, 0], [0, 0, 1, 0, 0, 0, 1, 1, 0, 0], [1, 1, 0, 1, 0, 0, 0, 0, 0, 0]]",11.0,8.0,Y,"{0: 19, 1: 27, 2: 35, 3: 43, 4: 51, 5: 59, 6: 67, 7: 75, 8: 83, 9: 11}",Y,"{0: 19, 1: 27, 2: 35, 3: 43, 4: 51, 5: 59, 6: 67, 7: 75, 8: 83, 9: 11}","{(0, 2): 1, (0, 3): 1, (0, 5): 10, (0, 6): 1, (0, 7): 5, (0, 9): 1, (1, 2): 1, (1, 3): 19, (1, 6): 1, (1, 9): 6, (2, 4): 32, (2, 8): 1, (3, 4): 18, (3, 6): 1, (3, 9): 4, (4, 6): 1, (5, 7): 49, (6, 7): 1, (6, 8): 62, (7, 8): 20}",818.9678192138672,20.0,10.0,40.0
55.0,Graph with 10 nodes and 25 edges,"[[0, 1, 1, 0, 1, 1, 0, 1, 1, 0], [1, 0, 0, 1, 1, 0, 1, 1, 1, 1], [1, 0, 0, 1, 0, 0, 1, 0, 1, 0], [0, 1, 1, 0, 0, 0, 0, 1, 0, 0], [1, 1, 0, 0, 0, 1, 1, 1, 1, 0], [1, 0, 0, 0, 1, 0, 1, 1, 0, 1], [0, 1, 1, 0, 1, 1, 0, 1, 0, 1], [1, 1, 0, 1, 1, 1, 1, 0, 0, 0], [1, 1, 1, 0, 1, 0, 0, 0, 0, 0], [0, 1, 0, 0, 0, 1, 1, 0, 0, 0]]",25.0,2.0,Y,"{0: 31, 1: 43, 2: 41, 3: 35, 4: 27, 5: 33, 6: 39, 7: 29, 8: 25, 9: 37}",Y,"{0: 31, 1: 43, 2: 41, 3: 35, 4: 27, 5: 33, 6: 39, 7: 29, 8: 25, 9: 37}","{(0, 1): 5, (0, 2): 1, (0, 4): 22, (0, 5): 1, (0, 7): 1, (0, 8): 1, (1, 3): 10, (1, 4): 1, (1, 6): 18, (1, 7): 1, (1, 8): 1, (1, 9): 7, (2, 3): 1, (2, 6): 17, (2, 8): 22, (3, 7): 24, (4, 5): 1, (4, 6): 1, (4, 7): 1, (4, 8): 1, (5, 6): 1, (5, 7): 1, (5, 9): 29, (6, 7): 1, (6, 9): 1}",393.86749267578125,25.0,10.0,50.0
56.0,Graph with 10 nodes and 27 edges,"[[0, 0, 1, 1, 1, 0, 0, 1, 0, 1], [0, 0, 0, 1, 1, 1, 1, 1, 0, 0], [1, 0, 0, 0, 0, 1, 1, 1, 0, 1], [1, 1, 0, 0, 0, 0, 1, 1, 0, 1], [1, 1, 0, 0, 0, 1, 1, 0, 0, 1], [0, 1, 1, 0, 1, 0, 1, 1, 1, 1], [0, 1, 1, 1, 1, 1, 0, 1, 0, 1], [1, 1, 1, 1, 0, 1, 1, 0, 0, 1], [0, 0, 0, 0, 0, 1, 0, 0, 0, 0], [1, 0, 1, 1, 1, 1, 1, 1, 0, 0]]",6.0,2.0,Y,"{0: 8, 1: 10, 2: 12, 3: 14, 4: 6, 5: 24, 6: 22, 7: 20, 8: 18, 9: 16}",Y,"{0: 8, 1: 10, 2: 12, 3: 14, 4: 6, 5: 24, 6: 22, 7: 20, 8: 18, 9: 16}","{(0, 2): 4, (0, 3): 1, (0, 4): 1, (0, 7): 1, (0, 9): 1, (1, 3): 1, (1, 4): 1, (1, 5): 1, (1, 6): 6, (1, 7): 1, (2, 5): 1, (2, 6): 1, (2, 7): 5, (2, 9): 1, (3, 6): 6, (3, 7): 5, (3, 9): 1, (4, 5): 1, (4, 6): 2, (4, 9): 1, (5, 6): 1, (5, 7): 1, (5, 8): 18, (5, 9): 1, (6, 7): 1, (6, 9): 5, (7, 9): 6}",36.95487976074219,27.0,10.0,54.0
57.0,Graph with 10 nodes and 27 edges,"[[0, 1, 1, 1, 1, 1, 1, 0, 1, 0], [1, 0, 0, 0, 1, 0, 1, 1, 0, 0], [1, 0, 0, 1, 1, 1, 0, 0, 1, 1], [1, 0, 1, 0, 0, 0, 1, 0, 0, 1], [1, 1, 1, 0, 0, 0, 0, 1, 1, 1], [1, 0, 1, 0, 0, 0, 1, 1, 0, 1], [1, 1, 0, 1, 0, 1, 0, 0, 0, 1], [0, 1, 0, 0, 1, 1, 0, 0, 1, 1], [1, 0, 1, 0, 1, 0, 0, 1, 0, 1], [0, 0, 1, 1, 1, 1, 1, 1, 1, 0]]",23.0,4.0,Y,"{0: 23, 1: 59, 2: 55, 3: 51, 4: 47, 5: 43, 6: 39, 7: 35, 8: 31, 9: 27}",Y,"{0: 23, 1: 59, 2: 55, 3: 51, 4: 47, 5: 43, 6: 39, 7: 35, 8: 31, 9: 27}","{(0, 1): 1, (0, 2): 1, (0, 3): 17, (0, 4): 1, (0, 5): 1, (0, 6): 1, (0, 8): 1, (1, 4): 26, (1, 6): 1, (1, 7): 31, (2, 3): 24, (2, 4): 1, (2, 5): 5, (2, 8): 11, (2, 9): 13, (3, 6): 1, (3, 9): 9, (4, 7): 1, (4, 8): 17, (4, 9): 1, (5, 6): 35, (5, 7): 1, (5, 9): 1, (6, 9): 1, (7, 8): 1, (7, 9): 1, (8, 9): 1}",645.8759307861328,27.0,10.0,54.0
58.0,Graph with 10 nodes and 22 edges,"[[0, 1, 0, 0, 1, 1, 1, 0, 0, 1], [1, 0, 0, 0, 0, 0, 1, 1, 1, 0], [0, 0, 0, 0, 0, 1, 1, 1, 0, 0], [0, 0, 0, 0, 1, 1, 1, 0, 0, 0], [1, 0, 0, 1, 0, 0, 0, 0, 0, 0], [1, 0, 1, 1, 0, 0, 1, 0, 1, 1], [1, 1, 1, 1, 0, 1, 0, 1, 1, 1], [0, 1, 1, 0, 0, 0, 1, 0, 1, 1], [0, 1, 0, 0, 0, 1, 1, 1, 0, 0], [1, 0, 0, 0, 0, 1, 1, 1, 0, 0]]",25.0,8.0,Y,"{0: 33, 1: 41, 2: 49, 3: 57, 4: 65, 5: 73, 6: 81, 7: 89, 8: 97, 9: 25}",Y,"{0: 33, 1: 41, 2: 49, 3: 57, 4: 65, 5: 73, 6: 81, 7: 89, 8: 97, 9: 25}","{(0, 1): 1, (0, 4): 10, (0, 5): 1, (0, 6): 1, (0, 9): 20, (1, 6): 1, (1, 7): 1, (1, 8): 38, (2, 5): 1, (2, 6): 14, (2, 7): 34, (3, 4): 55, (3, 5): 1, (3, 6): 1, (5, 6): 12, (5, 8): 57, (5, 9): 1, (6, 7): 50, (6, 8): 1, (6, 9): 1, (7, 8): 1, (7, 9): 3}",916.0041809082031,22.0,10.0,44.0
59.0,Graph with 10 nodes and 25 edges,"[[0, 0, 1, 0, 1, 1, 1, 1, 1, 1], [0, 0, 1, 1, 1, 0, 0, 1, 0, 1], [1, 1, 0, 1, 1, 1, 1, 0, 1, 0], [0, 1, 1, 0, 1, 1, 1, 1, 0, 0], [1, 1, 1, 1, 0, 0, 0, 1, 0, 0], [1, 0, 1, 1, 0, 0, 1, 1, 0, 0], [1, 0, 1, 1, 0, 1, 0, 0, 1, 0], [1, 1, 0, 1, 1, 1, 0, 0, 0, 0], [1, 0, 1, 0, 0, 0, 1, 0, 0, 0], [1, 1, 0, 0, 0, 0, 0, 0, 0, 0]]",11.0,4.0,Y,"{0: 47, 1: 31, 2: 19, 3: 39, 4: 11, 5: 15, 6: 35, 7: 23, 8: 27, 9: 43}",Y,"{0: 47, 1: 31, 2: 19, 3: 39, 4: 11, 5: 15, 6: 35, 7: 23, 8: 27, 9: 43}","{(0, 2): 1, (0, 4): 1, (0, 5): 1, (0, 6): 1, (0, 7): 1, (0, 8): 1, (0, 9): 41, (1, 2): 1, (1, 3): 26, (1, 4): 1, (1, 7): 1, (1, 9): 2, (2, 3): 7, (2, 4): 1, (2, 5): 1, (2, 6): 7, (2, 8): 1, (3, 4): 1, (3, 5): 1, (3, 6): 1, (3, 7): 3, (4, 7): 7, (5, 6): 1, (5, 7): 11, (6, 8): 25}",358.1047058105469,25.0,10.0,50.0
59.0,Graph with 10 nodes and 25 edges,"[[0, 0, 1, 0, 1, 1, 1, 1, 1, 1], [0, 0, 1, 1, 1, 0, 0, 1, 0, 1], [1, 1, 0, 1, 1, 1, 1, 0, 1, 0], [0, 1, 1, 0, 1, 1, 1, 1, 0, 0], [1, 1, 1, 1, 0, 0, 0, 1, 0, 0], [1, 0, 1, 1, 0, 0, 1, 1, 0, 0], [1, 0, 1, 1, 0, 1, 0, 0, 1, 0], [1, 1, 0, 1, 1, 1, 0, 0, 0, 0], [1, 0, 1, 0, 0, 0, 1, 0, 0, 0], [1, 1, 0, 0, 0, 0, 0, 0, 0, 0]]",22.0,4.0,Y,"{0: 26, 1: 30, 2: 34, 3: 38, 4: 42, 5: 46, 6: 50, 7: 54, 8: 58, 9: 22}",Y,"{0: 26, 1: 30, 2: 34, 3: 38, 4: 42, 5: 46, 6: 50, 7: 54, 8: 58, 9: 22}","{(0, 2): 1, (0, 4): 1, (0, 5): 1, (0, 6): 1, (0, 7): 10, (0, 8): 11, (0, 9): 1, (1, 2): 1, (1, 3): 3, (1, 4): 1, (1, 7): 4, (1, 9): 21, (2, 3): 9, (2, 4): 1, (2, 5): 20, (2, 6): 1, (2, 8): 1, (3, 4): 1, (3, 5): 23, (3, 6): 1, (3, 7): 1, (4, 7): 38, (5, 6): 1, (5, 7): 1, (6, 8): 46}",1080.0361633300781,25.0,10.0,50.0
60.0,Graph with 10 nodes and 22 edges,"[[0, 0, 0, 0, 1, 0, 1, 0, 1, 0], [0, 0, 0, 1, 0, 1, 0, 0, 0, 1], [0, 0, 0, 0, 1, 0, 1, 1, 0, 0], [0, 1, 0, 0, 1, 1, 1, 1, 0, 1], [1, 0, 1, 1, 0, 1, 0, 1, 1, 1], [0, 1, 0, 1, 1, 0, 1, 0, 0, 1], [1, 0, 1, 1, 0, 1, 0, 0, 0, 0], [0, 0, 1, 1, 1, 0, 0, 0, 1, 0], [1, 0, 0, 0, 1, 0, 0, 1, 0, 1], [0, 1, 0, 1, 1, 1, 0, 0, 1, 0]]",16.0,6.0,Y,"{0: 46, 1: 70, 2: 58, 3: 34, 4: 28, 5: 40, 6: 52, 7: 22, 8: 16, 9: 64}",Y,"{0: 46, 1: 70, 2: 58, 3: 34, 4: 28, 5: 40, 6: 52, 7: 22, 8: 16, 9: 64}","{(0, 4): 22, (0, 6): 11, (0, 8): 13, (1, 3): 3, (1, 5): 24, (1, 9): 43, (2, 4): 1, (2, 6): 38, (2, 7): 19, (3, 4): 1, (3, 5): 11, (3, 6): 1, (3, 7): 1, (3, 9): 17, (4, 5): 1, (4, 7): 1, (4, 8): 1, (4, 9): 1, (5, 6): 2, (5, 9): 2, (7, 8): 1, (8, 9): 1}",81.06231689453125,22.0,10.0,44.0
60.0,Graph with 10 nodes and 22 edges,"[[0, 0, 0, 0, 1, 0, 1, 0, 1, 0], [0, 0, 0, 1, 0, 1, 0, 0, 0, 1], [0, 0, 0, 0, 1, 0, 1, 1, 0, 0], [0, 1, 0, 0, 1, 1, 1, 1, 0, 1], [1, 0, 1, 1, 0, 1, 0, 1, 1, 1], [0, 1, 0, 1, 1, 0, 1, 0, 0, 1], [1, 0, 1, 1, 0, 1, 0, 0, 0, 0], [0, 0, 1, 1, 1, 0, 0, 0, 1, 0], [1, 0, 0, 0, 1, 0, 0, 1, 0, 1], [0, 1, 0, 1, 1, 1, 0, 0, 1, 0]]",20.0,8.0,Y,"{0: 60, 1: 92, 2: 76, 3: 44, 4: 36, 5: 52, 6: 68, 7: 28, 8: 20, 9: 84}",Y,"{0: 60, 1: 92, 2: 76, 3: 44, 4: 36, 5: 52, 6: 68, 7: 28, 8: 20, 9: 84}","{(0, 4): 25, (0, 6): 18, (0, 8): 17, (1, 3): 10, (1, 5): 27, (1, 9): 55, (2, 4): 6, (2, 6): 48, (2, 7): 22, (3, 4): 1, (3, 5): 12, (3, 6): 1, (3, 7): 4, (3, 9): 16, (4, 5): 1, (4, 7): 1, (4, 8): 1, (4, 9): 1, (5, 6): 1, (5, 9): 11, (7, 8): 1, (8, 9): 1}",56.02836608886719,22.0,10.0,44.0
65.0,Graph with 10 nodes and 25 edges,"[[0, 1, 0, 0, 1, 1, 1, 1, 0, 1], [1, 0, 1, 0, 1, 0, 0, 1, 1, 1], [0, 1, 0, 1, 1, 0, 0, 1, 0, 1], [0, 0, 1, 0, 1, 1, 0, 1, 1, 0], [1, 1, 1, 1, 0, 0, 0, 0, 0, 0], [1, 0, 0, 1, 0, 0, 1, 0, 1, 0], [1, 0, 0, 0, 0, 1, 0, 1, 1, 1], [1, 1, 1, 1, 0, 0, 1, 0, 1, 0], [0, 1, 0, 1, 0, 1, 1, 1, 0, 0], [1, 1, 1, 0, 0, 0, 1, 0, 0, 0]]",23.0,2.0,Y,"{0: 41, 1: 39, 2: 27, 3: 33, 4: 25, 5: 31, 6: 29, 7: 35, 8: 37, 9: 23}",Y,"{0: 41, 1: 39, 2: 27, 3: 33, 4: 25, 5: 31, 6: 29, 7: 35, 8: 37, 9: 23}","{(0, 1): 13, (0, 4): 1, (0, 5): 1, (0, 6): 1, (0, 7): 24, (0, 9): 1, (1, 2): 22, (1, 4): 1, (1, 7): 1, (1, 8): 1, (1, 9): 1, (2, 3): 2, (2, 4): 1, (2, 7): 1, (2, 9): 1, (3, 4): 22, (3, 5): 1, (3, 7): 7, (3, 8): 1, (5, 6): 1, (5, 8): 28, (6, 7): 1, (6, 8): 6, (6, 9): 20, (7, 8): 1}",841.8560028076172,25.0,10.0,50.0
66.0,Graph with 10 nodes and 21 edges,"[[0, 0, 0, 1, 0, 0, 0, 1, 1, 0], [0, 0, 0, 1, 0, 0, 0, 0, 1, 1], [0, 0, 0, 0, 1, 1, 0, 1, 1, 1], [1, 1, 0, 0, 0, 0, 1, 1, 1, 1], [0, 0, 1, 0, 0, 1, 0, 0, 0, 1], [0, 0, 1, 0, 1, 0, 1, 0, 0, 0], [0, 0, 0, 1, 0, 1, 0, 1, 0, 0], [1, 0, 1, 1, 0, 0, 1, 0, 1, 1], [1, 1, 1, 1, 0, 0, 0, 1, 0, 0], [0, 1, 1, 1, 1, 0, 0, 1, 0, 0]]",6.0,4.0,Y,"{0: 10, 1: 14, 2: 18, 3: 22, 4: 26, 5: 30, 6: 34, 7: 38, 8: 42, 9: 6}",Y,"{0: 10, 1: 14, 2: 18, 3: 22, 4: 26, 5: 30, 6: 34, 7: 38, 8: 42, 9: 6}","{(0, 3): 1, (0, 7): 6, (0, 8): 3, (1, 3): 3, (1, 8): 10, (1, 9): 1, (2, 4): 1, (2, 5): 1, (2, 7): 1, (2, 8): 13, (2, 9): 2, (3, 6): 1, (3, 7): 1, (3, 8): 15, (3, 9): 1, (4, 5): 24, (4, 9): 1, (5, 6): 5, (6, 7): 28, (7, 8): 1, (7, 9): 1}",755.0716400146484,21.0,10.0,42.0
66.0,Graph with 10 nodes and 21 edges,"[[0, 0, 0, 1, 0, 0, 0, 1, 1, 0], [0, 0, 0, 1, 0, 0, 0, 0, 1, 1], [0, 0, 0, 0, 1, 1, 0, 1, 1, 1], [1, 1, 0, 0, 0, 0, 1, 1, 1, 1], [0, 0, 1, 0, 0, 1, 0, 0, 0, 1], [0, 0, 1, 0, 1, 0, 1, 0, 0, 0], [0, 0, 0, 1, 0, 1, 0, 1, 0, 0], [1, 0, 1, 1, 0, 0, 1, 0, 1, 1], [1, 1, 1, 1, 0, 0, 0, 1, 0, 0], [0, 1, 1, 1, 1, 0, 0, 1, 0, 0]]",18.0,4.0,Y,"{0: 54, 1: 26, 2: 22, 3: 46, 4: 18, 5: 38, 6: 42, 7: 30, 8: 34, 9: 50}",Y,"{0: 54, 1: 26, 2: 22, 3: 46, 4: 18, 5: 38, 6: 42, 7: 30, 8: 34, 9: 50}","{(0, 3): 37, (0, 7): 11, (0, 8): 6, (1, 3): 1, (1, 8): 1, (1, 9): 24, (2, 4): 1, (2, 5): 1, (2, 7): 1, (2, 8): 18, (2, 9): 1, (3, 6): 5, (3, 7): 1, (3, 8): 1, (3, 9): 1, (4, 5): 1, (4, 9): 16, (5, 6): 36, (6, 7): 1, (7, 8): 8, (7, 9): 8}",694.0364837646484,21.0,10.0,42.0
66.0,Graph with 10 nodes and 21 edges,"[[0, 0, 0, 1, 0, 0, 0, 1, 1, 0], [0, 0, 0, 1, 0, 0, 0, 0, 1, 1], [0, 0, 0, 0, 1, 1, 0, 1, 1, 1], [1, 1, 0, 0, 0, 0, 1, 1, 1, 1], [0, 0, 1, 0, 0, 1, 0, 0, 0, 1], [0, 0, 1, 0, 1, 0, 1, 0, 0, 0], [0, 0, 0, 1, 0, 1, 0, 1, 0, 0], [1, 0, 1, 1, 0, 0, 1, 0, 1, 1], [1, 1, 1, 1, 0, 0, 0, 1, 0, 0], [0, 1, 1, 1, 1, 0, 0, 1, 0, 0]]",21.0,8.0,Y,"{0: 93, 1: 45, 2: 21, 3: 53, 4: 69, 5: 29, 6: 37, 7: 61, 8: 85, 9: 77}",Y,"{0: 93, 1: 45, 2: 21, 3: 53, 4: 69, 5: 29, 6: 37, 7: 61, 8: 85, 9: 77}","{(0, 3): 19, (0, 7): 1, (0, 8): 73, (1, 3): 1, (1, 8): 1, (1, 9): 43, (2, 4): 14, (2, 5): 4, (2, 7): 1, (2, 8): 1, (2, 9): 1, (3, 6): 1, (3, 7): 22, (3, 8): 9, (3, 9): 1, (4, 5): 24, (4, 9): 31, (5, 6): 1, (6, 7): 35, (7, 8): 1, (7, 9): 1}",680.9234619140625,21.0,10.0,42.0
67.0,Graph with 10 nodes and 22 edges,"[[0, 0, 0, 0, 0, 1, 1, 1, 0, 0], [0, 0, 0, 1, 0, 1, 1, 1, 1, 1], [0, 0, 0, 1, 1, 1, 1, 1, 0, 0], [0, 1, 1, 0, 1, 0, 0, 1, 0, 0], [0, 0, 1, 1, 0, 1, 0, 0, 0, 1], [1, 1, 1, 0, 1, 0, 0, 1, 1, 0], [1, 1, 1, 0, 0, 0, 0, 0, 0, 1], [1, 1, 1, 1, 0, 1, 0, 0, 0, 0], [0, 1, 0, 0, 0, 1, 0, 0, 0, 1], [0, 1, 0, 0, 1, 0, 1, 0, 1, 0]]",19.0,4.0,Y,"{0: 23, 1: 47, 2: 39, 3: 27, 4: 31, 5: 55, 6: 19, 7: 35, 8: 51, 9: 43}",Y,"{0: 23, 1: 47, 2: 39, 3: 27, 4: 31, 5: 55, 6: 19, 7: 35, 8: 51, 9: 43}","{(0, 5): 6, (0, 6): 16, (0, 7): 1, (1, 3): 1, (1, 5): 39, (1, 6): 1, (1, 7): 1, (1, 8): 4, (1, 9): 1, (2, 3): 1, (2, 4): 5, (2, 5): 1, (2, 6): 1, (2, 7): 31, (3, 4): 24, (3, 7): 1, (4, 5): 1, (4, 9): 1, (5, 7): 1, (5, 8): 7, (6, 9): 1, (8, 9): 40}",797.0333099365234,22.0,10.0,44.0
68.0,Graph with 10 nodes and 27 edges,"[[0, 0, 1, 1, 1, 1, 1, 1, 0, 0], [0, 0, 0, 1, 1, 0, 1, 1, 1, 0], [1, 0, 0, 1, 0, 1, 1, 1, 1, 1], [1, 1, 1, 0, 0, 1, 0, 1, 0, 0], [1, 1, 0, 0, 0, 0, 1, 1, 0, 0], [1, 0, 1, 1, 0, 0, 0, 0, 1, 1], [1, 1, 1, 0, 1, 0, 0, 1, 1, 1], [1, 1, 1, 1, 1, 0, 1, 0, 0, 1], [0, 1, 1, 0, 0, 1, 1, 0, 0, 0], [0, 0, 1, 0, 0, 1, 1, 1, 0, 0]]",4.0,2.0,Y,"{0: 6, 1: 22, 2: 8, 3: 20, 4: 4, 5: 18, 6: 16, 7: 14, 8: 12, 9: 10}",Y,"{0: 6, 1: 22, 2: 8, 3: 20, 4: 4, 5: 18, 6: 16, 7: 14, 8: 12, 9: 10}","{(0, 2): 1, (0, 3): 1, (0, 4): 1, (0, 5): 1, (0, 6): 1, (0, 7): 1, (1, 3): 16, (1, 4): 1, (1, 6): 2, (1, 7): 2, (1, 8): 1, (2, 3): 1, (2, 5): 2, (2, 6): 1, (2, 7): 1, (2, 8): 1, (2, 9): 1, (3, 5): 1, (3, 7): 1, (4, 6): 1, (4, 7): 1, (5, 8): 7, (5, 9): 7, (6, 7): 7, (6, 8): 3, (6, 9): 1, (7, 9): 1}",28.848648071289062,27.0,10.0,54.0
68.0,Graph with 10 nodes and 27 edges,"[[0, 0, 1, 1, 1, 1, 1, 1, 0, 0], [0, 0, 0, 1, 1, 0, 1, 1, 1, 0], [1, 0, 0, 1, 0, 1, 1, 1, 1, 1], [1, 1, 1, 0, 0, 1, 0, 1, 0, 0], [1, 1, 0, 0, 0, 0, 1, 1, 0, 0], [1, 0, 1, 1, 0, 0, 0, 0, 1, 1], [1, 1, 1, 0, 1, 0, 0, 1, 1, 1], [1, 1, 1, 1, 1, 0, 1, 0, 0, 1], [0, 1, 1, 0, 0, 1, 1, 0, 0, 0], [0, 0, 1, 0, 0, 1, 1, 1, 0, 0]]",5.0,8.0,Y,"{0: 77, 1: 61, 2: 21, 3: 69, 4: 5, 5: 37, 6: 29, 7: 53, 8: 13, 9: 45}",Y,"{0: 77, 1: 61, 2: 21, 3: 69, 4: 5, 5: 37, 6: 29, 7: 53, 8: 13, 9: 45}","{(0, 2): 9, (0, 3): 42, (0, 4): 1, (0, 5): 8, (0, 6): 1, (0, 7): 16, (1, 3): 19, (1, 4): 1, (1, 6): 22, (1, 7): 11, (1, 8): 8, (2, 3): 1, (2, 5): 3, (2, 6): 1, (2, 7): 1, (2, 8): 3, (2, 9): 3, (3, 5): 6, (3, 7): 1, (4, 6): 2, (4, 7): 1, (5, 8): 1, (5, 9): 19, (6, 7): 1, (6, 8): 1, (6, 9): 1, (7, 9): 22}",68.90296936035156,27.0,10.0,54.0
68.0,Graph with 10 nodes and 27 edges,"[[0, 0, 1, 1, 1, 1, 1, 1, 0, 0], [0, 0, 0, 1, 1, 0, 1, 1, 1, 0], [1, 0, 0, 1, 0, 1, 1, 1, 1, 1], [1, 1, 1, 0, 0, 1, 0, 1, 0, 0], [1, 1, 0, 0, 0, 0, 1, 1, 0, 0], [1, 0, 1, 1, 0, 0, 0, 0, 1, 1], [1, 1, 1, 0, 1, 0, 0, 1, 1, 1], [1, 1, 1, 1, 1, 0, 1, 0, 0, 1], [0, 1, 1, 0, 0, 1, 1, 0, 0, 0], [0, 0, 1, 0, 0, 1, 1, 1, 0, 0]]",25.0,6.0,Y,"{0: 79, 1: 61, 2: 73, 3: 67, 4: 25, 5: 55, 6: 31, 7: 43, 8: 49, 9: 37}",Y,"{0: 79, 1: 61, 2: 73, 3: 67, 4: 25, 5: 55, 6: 31, 7: 43, 8: 49, 9: 37}","{(0, 2): 67, (0, 3): 1, (0, 4): 2, (0, 5): 1, (0, 6): 1, (0, 7): 7, (1, 3): 11, (1, 4): 2, (1, 6): 1, (1, 7): 1, (1, 8): 46, (2, 3): 1, (2, 5): 1, (2, 6): 1, (2, 7): 1, (2, 8): 1, (2, 9): 1, (3, 5): 42, (3, 7): 12, (4, 6): 12, (4, 7): 9, (5, 8): 1, (5, 9): 10, (6, 7): 1, (6, 8): 1, (6, 9): 14, (7, 9): 12}",36.95487976074219,27.0,10.0,54.0
69.0,Graph with 10 nodes and 12 edges,"[[0, 0, 0, 0, 0, 0, 0, 1, 0, 0], [0, 0, 0, 0, 0, 1, 1, 0, 0, 0], [0, 0, 0, 0, 0, 0, 0, 0, 0, 1], [0, 0, 0, 0, 0, 0, 0, 1, 0, 0], [0, 0, 0, 0, 0, 0, 1, 0, 0, 0], [0, 1, 0, 0, 0, 0, 1, 1, 1, 0], [0, 1, 0, 0, 1, 1, 0, 0, 1, 1], [1, 0, 0, 1, 0, 1, 0, 0, 0, 0], [0, 0, 0, 0, 0, 1, 1, 0, 0, 1], [0, 0, 1, 0, 0, 0, 1, 0, 1, 0]]",27.0,6.0,Y,"{0: 39, 1: 45, 2: 63, 3: 27, 4: 57, 5: 51, 6: 75, 7: 69, 8: 33, 9: 81}",Y,"{0: 39, 1: 45, 2: 63, 3: 27, 4: 57, 5: 51, 6: 75, 7: 69, 8: 33, 9: 81}","{(0, 7): 39, (1, 5): 31, (1, 6): 14, (2, 9): 63, (3, 7): 27, (4, 6): 57, (5, 6): 2, (5, 7): 3, (5, 8): 15, (6, 8): 1, (6, 9): 1, (8, 9): 17}",398.87428283691406,12.0,10.0,24.0
70.0,Graph with 10 nodes and 23 edges,"[[0, 1, 0, 1, 1, 1, 1, 0, 1, 0], [1, 0, 0, 0, 0, 0, 1, 1, 1, 0], [0, 0, 0, 1, 1, 1, 0, 1, 0, 1], [1, 0, 1, 0, 1, 1, 0, 0, 0, 0], [1, 0, 1, 1, 0, 0, 1, 0, 1, 0], [1, 0, 1, 1, 0, 0, 1, 1, 0, 1], [1, 1, 0, 0, 1, 1, 0, 0, 1, 1], [0, 1, 1, 0, 0, 1, 0, 0, 0, 0], [1, 1, 0, 0, 1, 0, 1, 0, 0, 0], [0, 0, 1, 0, 0, 1, 1, 0, 0, 0]]",5.0,4.0,Y,"{0: 13, 1: 9, 2: 17, 3: 21, 4: 25, 5: 29, 6: 33, 7: 37, 8: 41, 9: 5}",Y,"{0: 13, 1: 9, 2: 17, 3: 21, 4: 25, 5: 29, 6: 33, 7: 37, 8: 41, 9: 5}","{(0, 1): 1, (0, 3): 1, (0, 4): 1, (0, 5): 1, (0, 6): 1, (0, 8): 8, (1, 6): 1, (1, 7): 5, (1, 8): 2, (2, 3): 4, (2, 4): 1, (2, 5): 1, (2, 7): 10, (2, 9): 1, (3, 4): 13, (3, 5): 3, (4, 6): 3, (4, 8): 7, (5, 6): 1, (5, 7): 22, (5, 9): 1, (6, 8): 24, (6, 9): 3}",86.78436279296875,23.0,10.0,46.0
71.0,Graph with 10 nodes and 21 edges,"[[0, 0, 1, 0, 0, 0, 0, 0, 1, 1], [0, 0, 1, 1, 0, 0, 1, 1, 0, 0], [1, 1, 0, 0, 0, 0, 1, 1, 1, 1], [0, 1, 0, 0, 1, 1, 0, 1, 0, 0], [0, 0, 0, 1, 0, 0, 1, 0, 0, 1], [0, 0, 0, 1, 0, 0, 0, 0, 1, 0], [0, 1, 1, 0, 1, 0, 0, 1, 1, 1], [0, 1, 1, 1, 0, 0, 1, 0, 1, 0], [1, 0, 1, 0, 0, 1, 1, 1, 0, 0], [1, 0, 1, 0, 1, 0, 1, 0, 0, 0]]",19.0,8.0,Y,"{0: 27, 1: 35, 2: 43, 3: 51, 4: 59, 5: 67, 6: 75, 7: 83, 8: 91, 9: 19}",Y,"{0: 27, 1: 35, 2: 43, 3: 51, 4: 59, 5: 67, 6: 75, 7: 83, 8: 91, 9: 19}","{(0, 2): 10, (0, 8): 1, (0, 9): 16, (1, 2): 1, (1, 3): 1, (1, 6): 1, (1, 7): 32, (2, 6): 11, (2, 7): 1, (2, 8): 19, (2, 9): 1, (3, 4): 1, (3, 5): 1, (3, 7): 48, (4, 6): 57, (4, 9): 1, (5, 8): 66, (6, 7): 1, (6, 8): 4, (6, 9): 1, (7, 8): 1}",816.1067962646484,21.0,10.0,42.0
73.0,Graph with 10 nodes and 26 edges,"[[0, 1, 1, 0, 1, 1, 0, 1, 0, 0], [1, 0, 0, 1, 1, 0, 1, 1, 1, 1], [1, 0, 0, 1, 0, 1, 1, 0, 0, 0], [0, 1, 1, 0, 0, 0, 0, 0, 0, 1], [1, 1, 0, 0, 0, 1, 1, 0, 1, 0], [1, 0, 1, 0, 1, 0, 0, 1, 1, 1], [0, 1, 1, 0, 1, 0, 0, 1, 1, 1], [1, 1, 0, 0, 0, 1, 1, 0, 1, 1], [0, 1, 0, 0, 1, 1, 1, 1, 0, 0], [0, 1, 0, 1, 0, 1, 1, 1, 0, 0]]",21.0,4.0,Y,"{0: 57, 1: 49, 2: 37, 3: 41, 4: 21, 5: 53, 6: 45, 7: 25, 8: 33, 9: 29}",Y,"{0: 57, 1: 49, 2: 37, 3: 41, 4: 21, 5: 53, 6: 45, 7: 25, 8: 33, 9: 29}","{(0, 1): 1, (0, 2): 1, (0, 4): 17, (0, 5): 36, (0, 7): 2, (1, 3): 15, (1, 4): 1, (1, 6): 1, (1, 7): 1, (1, 8): 29, (1, 9): 1, (2, 3): 1, (2, 5): 1, (2, 6): 34, (3, 9): 25, (4, 5): 1, (4, 6): 1, (4, 8): 1, (5, 7): 13, (5, 8): 1, (5, 9): 1, (6, 7): 7, (6, 8): 1, (6, 9): 1, (7, 8): 1, (7, 9): 1}",965.118408203125,26.0,10.0,52.0
74.0,Graph with 10 nodes and 25 edges,"[[0, 0, 1, 1, 1, 0, 1, 0, 0, 0], [0, 0, 1, 0, 1, 0, 0, 1, 1, 1], [1, 1, 0, 1, 1, 1, 0, 1, 1, 1], [1, 0, 1, 0, 1, 1, 1, 0, 0, 0], [1, 1, 1, 1, 0, 0, 1, 0, 0, 1], [0, 0, 1, 1, 0, 0, 1, 1, 0, 0], [1, 0, 0, 1, 1, 1, 0, 0, 0, 0], [0, 1, 1, 0, 0, 1, 0, 0, 1, 1], [0, 1, 1, 0, 0, 0, 0, 1, 0, 1], [0, 1, 1, 0, 1, 0, 0, 1, 1, 0]]",10.0,4.0,Y,"{0: 30, 1: 38, 2: 46, 3: 18, 4: 22, 5: 14, 6: 26, 7: 42, 8: 10, 9: 34}",Y,"{0: 30, 1: 38, 2: 46, 3: 18, 4: 22, 5: 14, 6: 26, 7: 42, 8: 10, 9: 34}","{(0, 2): 1, (0, 3): 9, (0, 4): 1, (0, 6): 19, (1, 2): 26, (1, 4): 3, (1, 7): 6, (1, 8): 1, (1, 9): 2, (2, 3): 1, (2, 4): 14, (2, 5): 1, (2, 7): 1, (2, 8): 1, (2, 9): 1, (3, 4): 2, (3, 5): 1, (3, 6): 5, (4, 6): 1, (4, 9): 1, (5, 6): 1, (5, 7): 11, (7, 8): 1, (7, 9): 23, (8, 9): 7}",1004.2190551757812,25.0,10.0,50.0
74.0,Graph with 10 nodes and 25 edges,"[[0, 0, 1, 1, 1, 0, 1, 0, 0, 0], [0, 0, 1, 0, 1, 0, 0, 1, 1, 1], [1, 1, 0, 1, 1, 1, 0, 1, 1, 1], [1, 0, 1, 0, 1, 1, 1, 0, 0, 0], [1, 1, 1, 1, 0, 0, 1, 0, 0, 1], [0, 0, 1, 1, 0, 0, 1, 1, 0, 0], [1, 0, 0, 1, 1, 1, 0, 0, 0, 0], [0, 1, 1, 0, 0, 1, 0, 0, 1, 1], [0, 1, 1, 0, 0, 0, 0, 1, 0, 1], [0, 1, 1, 0, 1, 0, 0, 1, 1, 0]]",14.0,8.0,Y,"{0: 14, 1: 86, 2: 78, 3: 70, 4: 62, 5: 54, 6: 46, 7: 38, 8: 30, 9: 22}",Y,"{0: 14, 1: 86, 2: 78, 3: 70, 4: 62, 5: 54, 6: 46, 7: 38, 8: 30, 9: 22}","{(0, 2): 1, (0, 3): 1, (0, 4): 11, (0, 6): 1, (1, 2): 26, (1, 4): 7, (1, 7): 25, (1, 8): 27, (1, 9): 1, (2, 3): 19, (2, 4): 5, (2, 5): 18, (2, 7): 1, (2, 8): 1, (2, 9): 7, (3, 4): 10, (3, 5): 25, (3, 6): 15, (4, 6): 23, (4, 9): 6, (5, 6): 7, (5, 7): 4, (7, 8): 1, (7, 9): 7, (8, 9): 1}",40.0543212890625,25.0,10.0,50.0
77.0,Graph with 10 nodes and 22 edges,"[[0, 1, 1, 0, 1, 0, 1, 0, 0, 1], [1, 0, 1, 0, 0, 0, 1, 1, 1, 0], [1, 1, 0, 1, 1, 0, 0, 1, 0, 0], [0, 0, 1, 0, 1, 0, 1, 1, 1, 0], [1, 0, 1, 1, 0, 1, 0, 1, 0, 0], [0, 0, 0, 0, 1, 0, 0, 0, 1, 0], [1, 1, 0, 1, 0, 0, 0, 1, 0, 1], [0, 1, 1, 1, 1, 0, 1, 0, 0, 0], [0, 1, 0, 1, 0, 1, 0, 0, 0, 1], [1, 0, 0, 0, 0, 0, 1, 0, 1, 0]]",5.0,4.0,Y,"{0: 41, 1: 29, 2: 25, 3: 9, 4: 33, 5: 17, 6: 13, 7: 37, 8: 5, 9: 21}",Y,"{0: 41, 1: 29, 2: 25, 3: 9, 4: 33, 5: 17, 6: 13, 7: 37, 8: 5, 9: 21}","{(0, 1): 7, (0, 2): 1, (0, 4): 13, (0, 6): 2, (0, 9): 18, (1, 2): 6, (1, 6): 2, (1, 7): 13, (1, 8): 1, (2, 3): 1, (2, 4): 3, (2, 7): 14, (3, 4): 1, (3, 6): 2, (3, 7): 4, (3, 8): 1, (4, 5): 15, (4, 7): 1, (5, 8): 2, (6, 7): 5, (6, 9): 2, (8, 9): 1}",60.79673767089844,22.0,10.0,44.0
77.0,Graph with 10 nodes and 22 edges,"[[0, 1, 1, 0, 1, 0, 1, 0, 0, 1], [1, 0, 1, 0, 0, 0, 1, 1, 1, 0], [1, 1, 0, 1, 1, 0, 0, 1, 0, 0], [0, 0, 1, 0, 1, 0, 1, 1, 1, 0], [1, 0, 1, 1, 0, 1, 0, 1, 0, 0], [0, 0, 0, 0, 1, 0, 0, 0, 1, 0], [1, 1, 0, 1, 0, 0, 0, 1, 0, 1], [0, 1, 1, 1, 1, 0, 1, 0, 0, 0], [0, 1, 0, 1, 0, 1, 0, 0, 0, 1], [1, 0, 0, 0, 0, 0, 1, 0, 1, 0]]",14.0,6.0,Y,"{0: 62, 1: 14, 2: 50, 3: 32, 4: 44, 5: 26, 6: 68, 7: 20, 8: 38, 9: 56}",Y,"{0: 62, 1: 14, 2: 50, 3: 32, 4: 44, 5: 26, 6: 68, 7: 20, 8: 38, 9: 56}","{(0, 1): 1, (0, 2): 15, (0, 4): 13, (0, 6): 24, (0, 9): 9, (1, 2): 1, (1, 6): 9, (1, 7): 2, (1, 8): 1, (2, 3): 19, (2, 4): 11, (2, 7): 4, (3, 4): 3, (3, 6): 3, (3, 7): 4, (3, 8): 3, (4, 5): 16, (4, 7): 1, (5, 8): 10, (6, 7): 9, (6, 9): 23, (8, 9): 24}",67.94929504394531,22.0,10.0,44.0
78.0,Graph with 10 nodes and 34 edges,"[[0, 1, 1, 1, 1, 1, 0, 1, 0, 0], [1, 0, 1, 1, 1, 0, 1, 1, 1, 1], [1, 1, 0, 1, 1, 1, 1, 0, 0, 1], [1, 1, 1, 0, 1, 1, 1, 1, 1, 1], [1, 1, 1, 1, 0, 1, 1, 0, 0, 1], [1, 0, 1, 1, 1, 0, 1, 0, 0, 1], [0, 1, 1, 1, 1, 1, 0, 1, 1, 0], [1, 1, 0, 1, 0, 0, 1, 0, 1, 1], [0, 1, 0, 1, 0, 0, 1, 1, 0, 1], [0, 1, 1, 1, 1, 1, 0, 1, 1, 0]]",13.0,4.0,Y,"{0: 17, 1: 21, 2: 25, 3: 29, 4: 33, 5: 37, 6: 41, 7: 45, 8: 49, 9: 13}",Y,"{0: 17, 1: 21, 2: 25, 3: 29, 4: 33, 5: 37, 6: 41, 7: 45, 8: 49, 9: 13}","{(0, 1): 1, (0, 2): 1, (0, 3): 9, (0, 4): 1, (0, 5): 1, (0, 7): 4, (1, 2): 1, (1, 3): 1, (1, 4): 1, (1, 6): 10, (1, 7): 5, (1, 8): 1, (1, 9): 1, (2, 3): 1, (2, 4): 1, (2, 5): 11, (2, 6): 9, (2, 9): 1, (3, 4): 1, (3, 5): 3, (3, 6): 1, (3, 7): 3, (3, 8): 9, (3, 9): 1, (4, 5): 17, (4, 6): 11, (4, 9): 1, (5, 6): 4, (5, 9): 1, (6, 7): 3, (6, 8): 3, (7, 8): 29, (7, 9): 1, (8, 9): 7}",55.07469177246094,34.0,10.0,68.0
78.0,Graph with 10 nodes and 34 edges,"[[0, 1, 1, 1, 1, 1, 0, 1, 0, 0], [1, 0, 1, 1, 1, 0, 1, 1, 1, 1], [1, 1, 0, 1, 1, 1, 1, 0, 0, 1], [1, 1, 1, 0, 1, 1, 1, 1, 1, 1], [1, 1, 1, 1, 0, 1, 1, 0, 0, 1], [1, 0, 1, 1, 1, 0, 1, 0, 0, 1], [0, 1, 1, 1, 1, 1, 0, 1, 1, 0], [1, 1, 0, 1, 0, 0, 1, 0, 1, 1], [0, 1, 0, 1, 0, 0, 1, 1, 0, 1], [0, 1, 1, 1, 1, 1, 0, 1, 1, 0]]",27.0,6.0,Y,"{0: 57, 1: 69, 2: 39, 3: 81, 4: 27, 5: 51, 6: 33, 7: 63, 8: 45, 9: 75}",Y,"{0: 57, 1: 69, 2: 39, 3: 81, 4: 27, 5: 51, 6: 33, 7: 63, 8: 45, 9: 75}","{(0, 1): 1, (0, 2): 1, (0, 3): 13, (0, 4): 1, (0, 5): 40, (0, 7): 1, (1, 2): 1, (1, 3): 52, (1, 4): 1, (1, 6): 1, (1, 7): 1, (1, 8): 1, (1, 9): 11, (2, 3): 1, (2, 4): 1, (2, 5): 1, (2, 6): 1, (2, 9): 33, (3, 4): 1, (3, 5): 1, (3, 6): 10, (3, 7): 1, (3, 8): 1, (3, 9): 1, (4, 5): 1, (4, 6): 1, (4, 9): 21, (5, 6): 1, (5, 9): 7, (6, 7): 18, (6, 8): 1, (7, 8): 41, (7, 9): 1, (8, 9): 1}",968.93310546875,34.0,10.0,68.0
78.0,Graph with 10 nodes and 34 edges,"[[0, 1, 1, 1, 1, 1, 0, 1, 0, 0], [1, 0, 1, 1, 1, 0, 1, 1, 1, 1], [1, 1, 0, 1, 1, 1, 1, 0, 0, 1], [1, 1, 1, 0, 1, 1, 1, 1, 1, 1], [1, 1, 1, 1, 0, 1, 1, 0, 0, 1], [1, 0, 1, 1, 1, 0, 1, 0, 0, 1], [0, 1, 1, 1, 1, 1, 0, 1, 1, 0], [1, 1, 0, 1, 0, 0, 1, 0, 1, 1], [0, 1, 0, 1, 0, 0, 1, 1, 0, 1], [0, 1, 1, 1, 1, 1, 0, 1, 1, 0]]",28.0,2.0,Y,"{0: 46, 1: 44, 2: 42, 3: 40, 4: 38, 5: 36, 6: 34, 7: 32, 8: 30, 9: 28}",Y,"{0: 46, 1: 44, 2: 42, 3: 40, 4: 38, 5: 36, 6: 34, 7: 32, 8: 30, 9: 28}","{(0, 1): 1, (0, 2): 15, (0, 3): 1, (0, 4): 1, (0, 5): 1, (0, 7): 27, (1, 2): 1, (1, 3): 19, (1, 4): 1, (1, 6): 15, (1, 7): 1, (1, 8): 5, (1, 9): 1, (2, 3): 1, (2, 4): 12, (2, 5): 11, (2, 6): 1, (2, 9): 1, (3, 4): 1, (3, 5): 1, (3, 6): 14, (3, 7): 1, (3, 8): 1, (3, 9): 1, (4, 5): 21, (4, 6): 1, (4, 9): 1, (5, 6): 1, (5, 9): 1, (6, 7): 1, (6, 8): 1, (7, 8): 1, (7, 9): 1, (8, 9): 22}",824.9282836914062,34.0,10.0,68.0
79.0,Graph with 10 nodes and 20 edges,"[[0, 0, 0, 1, 1, 0, 0, 0, 0, 0], [0, 0, 0, 0, 1, 0, 1, 1, 1, 1], [0, 0, 0, 1, 0, 1, 0, 0, 1, 0], [1, 0, 1, 0, 1, 1, 0, 1, 0, 0], [1, 1, 0, 1, 0, 0, 1, 1, 0, 1], [0, 0, 1, 1, 0, 0, 1, 0, 0, 0], [0, 1, 0, 0, 1, 1, 0, 1, 0, 0], [0, 1, 0, 1, 1, 0, 1, 0, 1, 1], [0, 1, 1, 0, 0, 0, 0, 1, 0, 0], [0, 1, 0, 0, 1, 0, 0, 1, 0, 0]]",14.0,8.0,Y,"{0: 22, 1: 30, 2: 38, 3: 46, 4: 54, 5: 62, 6: 70, 7: 78, 8: 86, 9: 14}",Y,"{0: 22, 1: 30, 2: 38, 3: 46, 4: 54, 5: 62, 6: 70, 7: 78, 8: 86, 9: 14}","{(0, 3): 5, (0, 4): 17, (1, 4): 1, (1, 6): 26, (1, 7): 1, (1, 8): 1, (1, 9): 1, (2, 3): 1, (2, 5): 14, (2, 8): 23, (3, 4): 1, (3, 5): 38, (3, 7): 1, (4, 6): 33, (4, 7): 1, (4, 9): 1, (5, 6): 10, (6, 7): 1, (7, 8): 62, (7, 9): 12}",761.0321044921875,20.0,10.0,40.0
79.0,Graph with 10 nodes and 20 edges,"[[0, 0, 0, 1, 1, 0, 0, 0, 0, 0], [0, 0, 0, 0, 1, 0, 1, 1, 1, 1], [0, 0, 0, 1, 0, 1, 0, 0, 1, 0], [1, 0, 1, 0, 1, 1, 0, 1, 0, 0], [1, 1, 0, 1, 0, 0, 1, 1, 0, 1], [0, 0, 1, 1, 0, 0, 1, 0, 0, 0], [0, 1, 0, 0, 1, 1, 0, 1, 0, 0], [0, 1, 0, 1, 1, 0, 1, 0, 1, 1], [0, 1, 1, 0, 0, 0, 0, 1, 0, 0], [0, 1, 0, 0, 1, 0, 0, 1, 0, 0]]",25.0,2.0,Y,"{0: 43, 1: 41, 2: 39, 3: 37, 4: 35, 5: 33, 6: 31, 7: 29, 8: 27, 9: 25}",Y,"{0: 43, 1: 41, 2: 39, 3: 37, 4: 35, 5: 33, 6: 31, 7: 29, 8: 27, 9: 25}","{(0, 3): 27, (0, 4): 16, (1, 4): 1, (1, 6): 14, (1, 7): 1, (1, 8): 2, (1, 9): 23, (2, 3): 7, (2, 5): 31, (2, 8): 1, (3, 4): 1, (3, 5): 1, (3, 7): 1, (4, 6): 15, (4, 7): 1, (4, 9): 1, (5, 6): 1, (6, 7): 1, (7, 8): 24, (7, 9): 1}",820.159912109375,20.0,10.0,40.0
79.0,Graph with 10 nodes and 20 edges,"[[0, 0, 0, 1, 1, 0, 0, 0, 0, 0], [0, 0, 0, 0, 1, 0, 1, 1, 1, 1], [0, 0, 0, 1, 0, 1, 0, 0, 1, 0], [1, 0, 1, 0, 1, 1, 0, 1, 0, 0], [1, 1, 0, 1, 0, 0, 1, 1, 0, 1], [0, 0, 1, 1, 0, 0, 1, 0, 0, 0], [0, 1, 0, 0, 1, 1, 0, 1, 0, 0], [0, 1, 0, 1, 1, 0, 1, 0, 1, 1], [0, 1, 1, 0, 0, 0, 0, 1, 0, 0], [0, 1, 0, 0, 1, 0, 0, 1, 0, 0]]",27.0,6.0,Y,"{0: 33, 1: 39, 2: 45, 3: 51, 4: 57, 5: 63, 6: 69, 7: 75, 8: 81, 9: 27}",Y,"{0: 33, 1: 39, 2: 45, 3: 51, 4: 57, 5: 63, 6: 69, 7: 75, 8: 81, 9: 27}","{(0, 3): 32, (0, 4): 1, (1, 4): 1, (1, 6): 7, (1, 7): 1, (1, 8): 29, (1, 9): 1, (2, 3): 1, (2, 5): 38, (2, 8): 6, (3, 4): 1, (3, 5): 16, (3, 7): 1, (4, 6): 52, (4, 7): 1, (4, 9): 1, (5, 6): 9, (6, 7): 1, (7, 8): 46, (7, 9): 25}",814.9147033691406,20.0,10.0,40.0
80.0,Graph with 10 nodes and 18 edges,"[[0, 0, 0, 1, 0, 0, 1, 0, 1, 0], [0, 0, 0, 0, 0, 0, 1, 0, 1, 0], [0, 0, 0, 1, 1, 1, 0, 1, 1, 1], [1, 0, 1, 0, 0, 1, 0, 1, 0, 1], [0, 0, 1, 0, 0, 1, 1, 0, 0, 0], [0, 0, 1, 1, 1, 0, 0, 0, 0, 1], [1, 1, 0, 0, 1, 0, 0, 0, 0, 1], [0, 0, 1, 1, 0, 0, 0, 0, 0, 0], [1, 1, 1, 0, 0, 0, 0, 0, 0, 0], [0, 0, 1, 1, 0, 1, 1, 0, 0, 0]]",18.0,2.0,Y,"{0: 36, 1: 28, 2: 32, 3: 34, 4: 24, 5: 22, 6: 30, 7: 20, 8: 26, 9: 18}",Y,"{0: 36, 1: 28, 2: 32, 3: 34, 4: 24, 5: 22, 6: 30, 7: 20, 8: 26, 9: 18}","{(0, 3): 11, (0, 6): 24, (0, 8): 1, (1, 6): 4, (1, 8): 24, (2, 3): 2, (2, 4): 22, (2, 5): 1, (2, 7): 5, (2, 8): 1, (2, 9): 1, (3, 5): 5, (3, 7): 15, (3, 9): 1, (4, 5): 1, (4, 6): 1, (5, 9): 15, (6, 9): 1}",489.95018005371094,18.0,10.0,36.0
80.0,Graph with 10 nodes and 18 edges,"[[0, 0, 0, 1, 0, 0, 1, 0, 1, 0], [0, 0, 0, 0, 0, 0, 1, 0, 1, 0], [0, 0, 0, 1, 1, 1, 0, 1, 1, 1], [1, 0, 1, 0, 0, 1, 0, 1, 0, 1], [0, 0, 1, 0, 0, 1, 1, 0, 0, 0], [0, 0, 1, 1, 1, 0, 0, 0, 0, 1], [1, 1, 0, 0, 1, 0, 0, 0, 0, 1], [0, 0, 1, 1, 0, 0, 0, 0, 0, 0], [1, 1, 1, 0, 0, 0, 0, 0, 0, 0], [0, 0, 1, 1, 0, 1, 1, 0, 0, 0]]",22.0,4.0,Y,"{0: 46, 1: 42, 2: 34, 3: 38, 4: 26, 5: 50, 6: 58, 7: 22, 8: 54, 9: 30}",Y,"{0: 46, 1: 42, 2: 34, 3: 38, 4: 26, 5: 50, 6: 58, 7: 22, 8: 54, 9: 30}","{(0, 3): 12, (0, 6): 32, (0, 8): 2, (1, 6): 1, (1, 8): 41, (2, 3): 1, (2, 4): 1, (2, 5): 1, (2, 7): 19, (2, 8): 11, (2, 9): 1, (3, 5): 21, (3, 7): 3, (3, 9): 1, (4, 5): 1, (4, 6): 24, (5, 9): 27, (6, 9): 1}",473.97613525390625,18.0,10.0,36.0
85.0,Graph with 10 nodes and 21 edges,"[[0, 1, 1, 1, 1, 0, 0, 0, 1, 1], [1, 0, 0, 1, 0, 0, 1, 1, 1, 0], [1, 0, 0, 0, 0, 0, 0, 0, 0, 1], [1, 1, 0, 0, 0, 0, 1, 1, 0, 0], [1, 0, 0, 0, 0, 0, 1, 1, 0, 1], [0, 0, 0, 0, 0, 0, 0, 0, 1, 0], [0, 1, 0, 1, 1, 0, 0, 0, 0, 1], [0, 1, 0, 1, 1, 0, 0, 0, 1, 1], [1, 1, 0, 0, 0, 1, 0, 1, 0, 1], [1, 0, 1, 0, 1, 0, 1, 1, 1, 0]]",12.0,4.0,Y,"{0: 16, 1: 20, 2: 24, 3: 28, 4: 32, 5: 36, 6: 40, 7: 12, 8: 44, 9: 48}",Y,"{0: 16, 1: 20, 2: 24, 3: 28, 4: 32, 5: 36, 6: 40, 7: 12, 8: 44, 9: 48}","{(0, 1): 1, (0, 2): 1, (0, 3): 5, (0, 4): 7, (0, 8): 1, (0, 9): 1, (1, 3): 4, (1, 6): 13, (1, 7): 1, (1, 8): 1, (2, 9): 23, (3, 6): 12, (3, 7): 7, (4, 6): 10, (4, 7): 2, (4, 9): 13, (5, 8): 36, (6, 9): 5, (7, 8): 1, (7, 9): 1, (8, 9): 5}",48.160552978515625,21.0,10.0,42.0
85.0,Graph with 10 nodes and 21 edges,"[[0, 1, 1, 1, 1, 0, 0, 0, 1, 1], [1, 0, 0, 1, 0, 0, 1, 1, 1, 0], [1, 0, 0, 0, 0, 0, 0, 0, 0, 1], [1, 1, 0, 0, 0, 0, 1, 1, 0, 0], [1, 0, 0, 0, 0, 0, 1, 1, 0, 1], [0, 0, 0, 0, 0, 0, 0, 0, 1, 0], [0, 1, 0, 1, 1, 0, 0, 0, 0, 1], [0, 1, 0, 1, 1, 0, 0, 0, 1, 1], [1, 1, 0, 0, 0, 1, 0, 1, 0, 1], [1, 0, 1, 0, 1, 0, 1, 1, 1, 0]]",18.0,2.0,Y,"{0: 28, 1: 34, 2: 22, 3: 18, 4: 20, 5: 32, 6: 24, 7: 26, 8: 36, 9: 30}",Y,"{0: 28, 1: 34, 2: 22, 3: 18, 4: 20, 5: 32, 6: 24, 7: 26, 8: 36, 9: 30}","{(0, 1): 19, (0, 2): 1, (0, 3): 5, (0, 4): 1, (0, 8): 1, (0, 9): 1, (1, 3): 1, (1, 6): 12, (1, 7): 1, (1, 8): 1, (2, 9): 21, (3, 6): 1, (3, 7): 11, (4, 6): 10, (4, 7): 8, (4, 9): 1, (5, 8): 32, (6, 9): 1, (7, 8): 1, (7, 9): 5, (8, 9): 1}",29.087066650390625,21.0,10.0,42.0
86.0,Graph with 10 nodes and 20 edges,"[[0, 1, 0, 1, 0, 1, 1, 0, 1, 0], [1, 0, 0, 1, 0, 0, 0, 0, 0, 0], [0, 0, 0, 0, 0, 1, 0, 0, 1, 0], [1, 1, 0, 0, 0, 0, 1, 0, 1, 1], [0, 0, 0, 0, 0, 1, 1, 1, 0, 0], [1, 0, 1, 0, 1, 0, 1, 1, 1, 0], [1, 0, 0, 1, 1, 1, 0, 0, 0, 1], [0, 0, 0, 0, 1, 1, 0, 0, 1, 1], [1, 0, 1, 1, 0, 1, 0, 1, 0, 0], [0, 0, 0, 1, 0, 0, 1, 1, 0, 0]]",12.0,2.0,Y,"{0: 14, 1: 16, 2: 18, 3: 20, 4: 22, 5: 24, 6: 26, 7: 28, 8: 30, 9: 12}",Y,"{0: 14, 1: 16, 2: 18, 3: 20, 4: 22, 5: 24, 6: 26, 7: 28, 8: 30, 9: 12}","{(0, 1): 10, (0, 3): 1, (0, 5): 1, (0, 6): 1, (0, 8): 1, (1, 3): 6, (2, 5): 1, (2, 8): 17, (3, 6): 2, (3, 8): 8, (3, 9): 3, (4, 5): 2, (4, 6): 1, (4, 7): 19, (5, 6): 14, (5, 7): 5, (5, 8): 1, (6, 9): 8, (7, 8): 3, (7, 9): 1}",32.901763916015625,20.0,10.0,40.0
87.0,Graph with 10 nodes and 19 edges,"[[0, 0, 1, 0, 1, 0, 0, 0, 1, 0], [0, 0, 0, 1, 1, 0, 1, 0, 1, 0], [1, 0, 0, 1, 0, 1, 0, 0, 0, 0], [0, 1, 1, 0, 0, 0, 0, 0, 0, 0], [1, 1, 0, 0, 0, 0, 1, 1, 1, 1], [0, 0, 1, 0, 0, 0, 1, 0, 1, 0], [0, 1, 0, 0, 1, 1, 0, 1, 0, 1], [0, 0, 0, 0, 1, 0, 1, 0, 1, 0], [1, 1, 0, 0, 1, 1, 0, 1, 0, 1], [0, 0, 0, 0, 1, 0, 1, 0, 1, 0]]",6.0,4.0,Y,"{0: 10, 1: 14, 2: 18, 3: 22, 4: 26, 5: 30, 6: 34, 7: 38, 8: 42, 9: 6}",Y,"{0: 10, 1: 14, 2: 18, 3: 22, 4: 26, 5: 30, 6: 34, 7: 38, 8: 42, 9: 6}","{(0, 2): 6, (0, 4): 1, (0, 8): 3, (1, 3): 11, (1, 4): 1, (1, 6): 1, (1, 8): 1, (2, 3): 11, (2, 5): 1, (4, 6): 1, (4, 7): 12, (4, 8): 10, (4, 9): 1, (5, 6): 6, (5, 8): 23, (6, 7): 25, (6, 9): 1, (7, 8): 1, (8, 9): 4}",804.901123046875,19.0,10.0,38.0
89.0,Graph with 10 nodes and 19 edges,"[[0, 0, 1, 1, 0, 0, 1, 0, 0, 0], [0, 0, 1, 0, 1, 0, 1, 1, 0, 0], [1, 1, 0, 1, 0, 1, 0, 0, 0, 1], [1, 0, 1, 0, 0, 0, 0, 0, 0, 0], [0, 1, 0, 0, 0, 0, 0, 0, 1, 1], [0, 0, 1, 0, 0, 0, 0, 1, 0, 1], [1, 1, 0, 0, 0, 0, 0, 1, 0, 1], [0, 1, 0, 0, 0, 1, 1, 0, 1, 1], [0, 0, 0, 0, 1, 0, 0, 1, 0, 1], [0, 0, 1, 0, 1, 1, 1, 1, 1, 0]]",21.0,2.0,Y,"{0: 23, 1: 25, 2: 27, 3: 29, 4: 31, 5: 33, 6: 35, 7: 37, 8: 39, 9: 21}",Y,"{0: 23, 1: 25, 2: 27, 3: 29, 4: 31, 5: 33, 6: 35, 7: 37, 8: 39, 9: 21}","{(0, 2): 1, (0, 3): 19, (0, 6): 3, (1, 2): 3, (1, 4): 1, (1, 6): 20, (1, 7): 1, (2, 3): 10, (2, 5): 12, (2, 9): 1, (4, 8): 25, (4, 9): 5, (5, 7): 20, (5, 9): 1, (6, 7): 1, (6, 9): 11, (7, 8): 13, (7, 9): 2, (8, 9): 1}",69.85664367675781,19.0,10.0,38.0
90.0,Graph with 10 nodes and 22 edges,"[[0, 0, 1, 1, 1, 1, 0, 0, 1, 1], [0, 0, 1, 0, 0, 0, 0, 1, 0, 1], [1, 1, 0, 1, 1, 0, 0, 0, 1, 1], [1, 0, 1, 0, 0, 0, 1, 0, 1, 0], [1, 0, 1, 0, 0, 1, 1, 0, 0, 0], [1, 0, 0, 0, 1, 0, 0, 1, 1, 1], [0, 0, 0, 1, 1, 0, 0, 1, 0, 0], [0, 1, 0, 0, 0, 1, 1, 0, 0, 1], [1, 0, 1, 1, 0, 1, 0, 0, 0, 0], [1, 1, 1, 0, 0, 1, 0, 1, 0, 0]]",4.0,6.0,Y,"{0: 16, 1: 10, 2: 22, 3: 28, 4: 34, 5: 40, 6: 46, 7: 52, 8: 4, 9: 58}",Y,"{0: 16, 1: 10, 2: 22, 3: 28, 4: 34, 5: 40, 6: 46, 7: 52, 8: 4, 9: 58}","{(0, 2): 1, (0, 3): 1, (0, 4): 6, (0, 5): 3, (0, 8): 1, (0, 9): 4, (1, 2): 1, (1, 7): 1, (1, 9): 8, (2, 3): 6, (2, 4): 5, (2, 8): 1, (2, 9): 8, (3, 6): 20, (3, 8): 1, (4, 5): 22, (4, 6): 1, (5, 7): 1, (5, 8): 1, (5, 9): 13, (6, 7): 25, (7, 9): 25}",63.89617919921875,22.0,10.0,44.0
91.0,Graph with 10 nodes and 19 edges,"[[0, 1, 1, 0, 0, 1, 0, 0, 1, 1], [1, 0, 0, 1, 1, 1, 0, 0, 0, 0], [1, 0, 0, 0, 0, 1, 0, 1, 1, 0], [0, 1, 0, 0, 0, 0, 0, 0, 1, 1], [0, 1, 0, 0, 0, 1, 1, 0, 1, 0], [1, 1, 1, 0, 1, 0, 1, 0, 1, 0], [0, 0, 0, 0, 1, 1, 0, 0, 0, 1], [0, 0, 1, 0, 0, 0, 0, 0, 0, 0], [1, 0, 1, 1, 1, 1, 0, 0, 0, 0], [1, 0, 0, 1, 0, 0, 1, 0, 0, 0]]",22.0,4.0,Y,"{0: 58, 1: 54, 2: 50, 3: 46, 4: 42, 5: 38, 6: 34, 7: 30, 8: 26, 9: 22}",Y,"{0: 58, 1: 54, 2: 50, 3: 46, 4: 42, 5: 38, 6: 34, 7: 30, 8: 26, 9: 22}","{(0, 1): 1, (0, 2): 1, (0, 5): 14, (0, 8): 22, (0, 9): 20, (1, 3): 44, (1, 4): 7, (1, 5): 2, (2, 5): 18, (2, 7): 30, (2, 8): 1, (3, 8): 1, (3, 9): 1, (4, 5): 2, (4, 6): 32, (4, 8): 1, (5, 6): 1, (5, 8): 1, (6, 9): 1}",557.8994750976562,19.0,10.0,38.0
92.0,Graph with 10 nodes and 24 edges,"[[0, 1, 1, 1, 0, 1, 1, 1, 1, 1], [1, 0, 1, 0, 1, 0, 0, 0, 1, 0], [1, 1, 0, 1, 0, 1, 1, 1, 0, 1], [1, 0, 1, 0, 1, 0, 0, 1, 0, 0], [0, 1, 0, 1, 0, 1, 1, 0, 1, 1], [1, 0, 1, 0, 1, 0, 0, 1, 0, 1], [1, 0, 1, 0, 1, 0, 0, 0, 0, 0], [1, 0, 1, 1, 0, 1, 0, 0, 0, 0], [1, 1, 0, 0, 1, 0, 0, 0, 0, 0], [1, 0, 1, 0, 1, 1, 0, 0, 0, 0]]",7.0,8.0,Y,"{0: 23, 1: 47, 2: 63, 3: 55, 4: 79, 5: 39, 6: 15, 7: 71, 8: 7, 9: 31}",Y,"{0: 23, 1: 47, 2: 63, 3: 55, 4: 79, 5: 39, 6: 15, 7: 71, 8: 7, 9: 31}","{(0, 1): 1, (0, 2): 1, (0, 3): 1, (0, 5): 1, (0, 6): 1, (0, 7): 1, (0, 8): 1, (0, 9): 16, (1, 2): 3, (1, 4): 42, (1, 8): 1, (2, 3): 14, (2, 5): 10, (2, 6): 1, (2, 7): 26, (2, 9): 8, (3, 4): 17, (3, 7): 23, (4, 5): 1, (4, 6): 13, (4, 8): 5, (4, 9): 1, (5, 7): 21, (5, 9): 6}",73.90975952148438,24.0,10.0,48.0
94.0,Graph with 10 nodes and 25 edges,"[[0, 1, 0, 0, 1, 1, 1, 0, 1, 0], [1, 0, 1, 1, 0, 1, 0, 0, 1, 0], [0, 1, 0, 1, 0, 0, 1, 1, 0, 0], [0, 1, 1, 0, 0, 1, 1, 1, 1, 0], [1, 0, 0, 0, 0, 1, 1, 1, 1, 1], [1, 1, 0, 1, 1, 0, 0, 1, 1, 0], [1, 0, 1, 1, 1, 0, 0, 0, 1, 0], [0, 0, 1, 1, 1, 1, 0, 0, 0, 0], [1, 1, 0, 1, 1, 1, 1, 0, 0, 1], [0, 0, 0, 0, 1, 0, 0, 0, 1, 0]]",22.0,2.0,Y,"{0: 24, 1: 26, 2: 28, 3: 30, 4: 32, 5: 34, 6: 36, 7: 38, 8: 40, 9: 22}",Y,"{0: 24, 1: 26, 2: 28, 3: 30, 4: 32, 5: 34, 6: 36, 7: 38, 8: 40, 9: 22}","{(0, 1): 14, (0, 4): 1, (0, 5): 7, (0, 6): 1, (0, 8): 1, (1, 2): 9, (1, 3): 1, (1, 5): 1, (1, 8): 1, (2, 3): 1, (2, 6): 9, (2, 7): 9, (3, 5): 9, (3, 6): 1, (3, 7): 17, (3, 8): 1, (4, 5): 11, (4, 6): 7, (4, 7): 7, (4, 8): 1, (4, 9): 5, (5, 7): 5, (5, 8): 1, (6, 8): 18, (8, 9): 17}",46.96846008300781,25.0,10.0,50.0
95.0,Graph with 10 nodes and 26 edges,"[[0, 1, 1, 0, 1, 1, 0, 0, 1, 1], [1, 0, 0, 1, 0, 1, 0, 0, 0, 0], [1, 0, 0, 1, 1, 1, 1, 0, 0, 1], [0, 1, 1, 0, 0, 1, 1, 1, 0, 0], [1, 0, 1, 0, 0, 0, 1, 1, 0, 1], [1, 1, 1, 1, 0, 0, 1, 1, 1, 1], [0, 0, 1, 1, 1, 1, 0, 1, 0, 1], [0, 0, 0, 1, 1, 1, 1, 0, 0, 0], [1, 0, 0, 0, 0, 1, 0, 0, 0, 1], [1, 0, 1, 0, 1, 1, 1, 0, 1, 0]]",3.0,6.0,Y,"{0: 33, 1: 15, 2: 27, 3: 9, 4: 57, 5: 39, 6: 45, 7: 21, 8: 3, 9: 51}",Y,"{0: 33, 1: 15, 2: 27, 3: 9, 4: 57, 5: 39, 6: 45, 7: 21, 8: 3, 9: 51}","{(0, 1): 13, (0, 2): 12, (0, 4): 1, (0, 5): 1, (0, 8): 1, (0, 9): 5, (1, 3): 1, (1, 5): 1, (2, 3): 1, (2, 4): 1, (2, 5): 1, (2, 6): 9, (2, 9): 3, (3, 5): 1, (3, 6): 1, (3, 7): 5, (4, 6): 1, (4, 7): 14, (4, 9): 40, (5, 6): 32, (5, 7): 1, (5, 8): 1, (5, 9): 1, (6, 7): 1, (6, 9): 1, (8, 9): 1}",1557.1117401123047,26.0,10.0,52.0
95.0,Graph with 10 nodes and 26 edges,"[[0, 1, 1, 0, 1, 1, 0, 0, 1, 1], [1, 0, 0, 1, 0, 1, 0, 0, 0, 0], [1, 0, 0, 1, 1, 1, 1, 0, 0, 1], [0, 1, 1, 0, 0, 1, 1, 1, 0, 0], [1, 0, 1, 0, 0, 0, 1, 1, 0, 1], [1, 1, 1, 1, 0, 0, 1, 1, 1, 1], [0, 0, 1, 1, 1, 1, 0, 1, 0, 1], [0, 0, 0, 1, 1, 1, 1, 0, 0, 0], [1, 0, 0, 0, 0, 1, 0, 0, 0, 1], [1, 0, 1, 0, 1, 1, 1, 0, 1, 0]]",28.0,2.0,Y,"{0: 46, 1: 32, 2: 30, 3: 36, 4: 40, 5: 44, 6: 38, 7: 28, 8: 34, 9: 42}",Y,"{0: 46, 1: 32, 2: 30, 3: 36, 4: 40, 5: 44, 6: 38, 7: 28, 8: 34, 9: 42}","{(0, 1): 5, (0, 2): 1, (0, 4): 36, (0, 5): 1, (0, 8): 1, (0, 9): 2, (1, 3): 1, (1, 5): 26, (2, 3): 25, (2, 4): 1, (2, 5): 1, (2, 6): 1, (2, 9): 1, (3, 5): 8, (3, 6): 1, (3, 7): 1, (4, 6): 1, (4, 7): 1, (4, 9): 1, (5, 6): 5, (5, 7): 1, (5, 8): 1, (5, 9): 1, (6, 7): 25, (6, 9): 5, (8, 9): 32}",1271.963119506836,26.0,10.0,52.0
95.0,Graph with 10 nodes and 26 edges,"[[0, 1, 1, 0, 1, 1, 0, 0, 1, 1], [1, 0, 0, 1, 0, 1, 0, 0, 0, 0], [1, 0, 0, 1, 1, 1, 1, 0, 0, 1], [0, 1, 1, 0, 0, 1, 1, 1, 0, 0], [1, 0, 1, 0, 0, 0, 1, 1, 0, 1], [1, 1, 1, 1, 0, 0, 1, 1, 1, 1], [0, 0, 1, 1, 1, 1, 0, 1, 0, 1], [0, 0, 0, 1, 1, 1, 1, 0, 0, 0], [1, 0, 0, 0, 0, 1, 0, 0, 0, 1], [1, 0, 1, 0, 1, 1, 1, 0, 1, 0]]",29.0,8.0,Y,"{0: 29, 1: 101, 2: 93, 3: 85, 4: 77, 5: 69, 6: 61, 7: 53, 8: 45, 9: 37}",Y,"{0: 29, 1: 101, 2: 93, 3: 85, 4: 77, 5: 69, 6: 61, 7: 53, 8: 45, 9: 37}","{(0, 1): 24, (0, 2): 1, (0, 4): 1, (0, 5): 1, (0, 8): 1, (0, 9): 1, (1, 3): 66, (1, 5): 11, (2, 3): 16, (2, 4): 1, (2, 5): 10, (2, 6): 41, (2, 9): 24, (3, 5): 1, (3, 6): 1, (3, 7): 1, (4, 6): 16, (4, 7): 50, (4, 9): 9, (5, 6): 1, (5, 7): 1, (5, 8): 43, (5, 9): 1, (6, 7): 1, (6, 9): 1, (8, 9): 1}",27.179718017578125,26.0,10.0,52.0
98.0,Graph with 10 nodes and 18 edges,"[[0, 0, 0, 0, 1, 0, 0, 1, 0, 0], [0, 0, 1, 0, 0, 0, 0, 1, 0, 0], [0, 1, 0, 1, 1, 0, 1, 1, 0, 1], [0, 0, 1, 0, 0, 0, 0, 1, 1, 1], [1, 0, 1, 0, 0, 0, 0, 0, 1, 0], [0, 0, 0, 0, 0, 0, 0, 0, 1, 1], [0, 0, 1, 0, 0, 0, 0, 1, 0, 0], [1, 1, 1, 1, 0, 0, 1, 0, 0, 1], [0, 0, 0, 1, 1, 1, 0, 0, 0, 1], [0, 0, 1, 1, 0, 1, 0, 1, 1, 0]]",3.0,6.0,Y,"{0: 9, 1: 15, 2: 21, 3: 27, 4: 33, 5: 39, 6: 3, 7: 45, 8: 51, 9: 57}",Y,"{0: 9, 1: 15, 2: 21, 3: 27, 4: 33, 5: 39, 6: 3, 7: 45, 8: 51, 9: 57}","{(0, 4): 1, (0, 7): 8, (1, 2): 1, (1, 7): 14, (2, 3): 1, (2, 4): 1, (2, 6): 1, (2, 7): 1, (2, 9): 16, (3, 7): 19, (3, 8): 6, (3, 9): 1, (4, 8): 31, (5, 8): 7, (5, 9): 32, (6, 7): 2, (7, 9): 1, (8, 9): 7}",735.0444793701172,18.0,10.0,36.0
99.0,Graph with 10 nodes and 23 edges,"[[0, 1, 1, 1, 0, 0, 0, 0, 0, 1], [1, 0, 0, 1, 0, 1, 0, 0, 1, 0], [1, 0, 0, 0, 1, 1, 0, 0, 0, 1], [1, 1, 0, 0, 1, 1, 0, 1, 1, 1], [0, 0, 1, 1, 0, 1, 0, 0, 1, 0], [0, 1, 1, 1, 1, 0, 1, 0, 0, 1], [0, 0, 0, 0, 0, 1, 0, 1, 1, 0], [0, 0, 0, 1, 0, 0, 1, 0, 1, 1], [0, 1, 0, 1, 1, 0, 1, 1, 0, 0], [1, 0, 1, 1, 0, 1, 0, 1, 0, 0]]",6.0,6.0,Y,"{0: 12, 1: 18, 2: 24, 3: 30, 4: 36, 5: 42, 6: 48, 7: 54, 8: 60, 9: 6}",Y,"{0: 12, 1: 18, 2: 24, 3: 30, 4: 36, 5: 42, 6: 48, 7: 54, 8: 60, 9: 6}","{(0, 1): 2, (0, 2): 4, (0, 3): 5, (0, 9): 1, (1, 3): 1, (1, 5): 12, (1, 8): 3, (2, 4): 3, (2, 5): 16, (2, 9): 1, (3, 4): 18, (3, 5): 1, (3, 7): 3, (3, 8): 1, (3, 9): 1, (4, 5): 5, (4, 8): 10, (5, 6): 7, (5, 9): 1, (6, 7): 22, (6, 8): 19, (7, 8): 27, (7, 9): 2}",72.00241088867188,23.0,10.0,46.0
