,optimal,total_runtime,qpu_access_time,sample
0,Y,2996033,134078,"{'T00': 0, 'T01': 0, 'T02': 0, 'T03': 1, 'T04': 0, 'T10': 1, 'T11': 0, 'T12': 0, 'T13': 0, 'T14': 0, 'T20': 0, 'T21': 1, 'T22': 0, 'T23': 0, 'T24': 0, 'T30': 0, 'T31': 0, 'T32': 1, 'T33': 0, 'T34': 0, 'T40': 0, 'T41': 0, 'T42': 0, 'T43': 0, 'T44': 1, 'y00': 1, 'y01': 1, 'y02': 0, 'y10': 0, 'y11': 0, 'y12': 0, 'y20': 1, 'y21': 0, 'y22': 0, 'y30': 0, 'y31': 1, 'y32': 0}"
1,Y,2983061,143161,"{'T00': 0, 'T01': 0, 'T02': 1, 'T03': 0, 'T04': 0, 'T10': 0, 'T11': 1, 'T12': 0, 'T13': 0, 'T14': 0, 'T20': 1, 'T21': 0, 'T22': 0, 'T23': 0, 'T24': 0, 'T30': 0, 'T31': 0, 'T32': 0, 'T33': 1, 'T34': 0, 'T40': 0, 'T41': 0, 'T42': 0, 'T43': 0, 'T44': 1, 'y00': 0, 'y01': 0, 'y02': 1, 'y10': 0, 'y11': 0, 'y12': 0, 'y20': 1, 'y21': 1, 'y22': 0, 'y30': 1, 'y31': 0, 'y32': 0, 'y40': 0, 'y41': 1, 'y42': 0}"
2,Y,2992181,151321,"{'T00': 0, 'T01': 0, 'T02': 0, 'T03': 1, 'T04': 0, 'T10': 0, 'T11': 1, 'T12': 0, 'T13': 0, 'T14': 0, 'T20': 1, 'T21': 0, 'T22': 0, 'T23': 0, 'T24': 0, 'T30': 0, 'T31': 0, 'T32': 1, 'T33': 0, 'T34': 0, 'T40': 0, 'T41': 0, 'T42': 0, 'T43': 0, 'T44': 1, 'y00': 1, 'y01': 0, 'y02': 1, 'y03': 0, 'y10': 0, 'y11': 0, 'y12': 1, 'y13': 0, 'y20': 0, 'y21': 0, 'y22': 1, 'y23': 0, 'y30': 1, 'y31': 0, 'y32': 0, 'y33': 0, 'y40': 1, 'y41': 0, 'y42': 0, 'y43': 0}"
3,Y,2985140,166634,"{'T00': 0, 'T01': 0, 'T02': 1, 'T03': 0, 'T04': 0, 'T10': 0, 'T11': 1, 'T12': 0, 'T13': 0, 'T14': 0, 'T20': 1, 'T21': 0, 'T22': 0, 'T23': 0, 'T24': 0, 'T30': 0, 'T31': 0, 'T32': 0, 'T33': 1, 'T34': 0, 'T40': 0, 'T41': 0, 'T42': 0, 'T43': 0, 'T44': 1, 'y00': 0, 'y01': 0, 'y02': 0, 'y10': 0, 'y11': 1, 'y12': 0, 'y20': 0, 'y21': 1, 'y22': 0, 'y30': 1, 'y31': 0, 'y32': 0, 'y40': 0, 'y41': 0, 'y42': 0}"
4,Y,2990766,167289,"{'T00': 1, 'T01': 0, 'T02': 0, 'T03': 0, 'T04': 0, 'T10': 0, 'T11': 0, 'T12': 0, 'T13': 1, 'T14': 0, 'T20': 0, 'T21': 1, 'T22': 0, 'T23': 0, 'T24': 0, 'T30': 0, 'T31': 0, 'T32': 0, 'T33': 0, 'T34': 1, 'T40': 0, 'T41': 0, 'T42': 1, 'T43': 0, 'T44': 0, 'y00': 0, 'y01': 0, 'y02': 0, 'y10': 0, 'y11': 0, 'y12': 0, 'y20': 1, 'y21': 1, 'y22': 1, 'y30': 1, 'y31': 1, 'y32': 0, 'y40': 0, 'y41': 0, 'y42': 0}"
5,Y,2980715,201693,"{'T00': 0, 'T01': 1, 'T02': 0, 'T03': 0, 'T04': 0, 'T10': 0, 'T11': 0, 'T12': 0, 'T13': 1, 'T14': 0, 'T20': 1, 'T21': 0, 'T22': 0, 'T23': 0, 'T24': 0, 'T30': 0, 'T31': 0, 'T32': 0, 'T33': 0, 'T34': 1, 'T40': 0, 'T41': 0, 'T42': 1, 'T43': 0, 'T44': 0, 'y00': 0, 'y01': 0, 'y02': 0, 'y03': 0, 'y10': 1, 'y11': 1, 'y12': 0, 'y13': 0, 'y20': 0, 'y21': 1, 'y22': 0, 'y23': 1, 'y30': 1, 'y31': 0, 'y32': 0, 'y33': 0, 'y40': 1, 'y41': 0, 'y42': 0, 'y43': 0}"
6,Y,2996550,215430,"{'T00': 0, 'T01': 0, 'T02': 0, 'T03': 1, 'T04': 0, 'T10': 0, 'T11': 1, 'T12': 0, 'T13': 0, 'T14': 0, 'T20': 1, 'T21': 0, 'T22': 0, 'T23': 0, 'T24': 0, 'T30': 0, 'T31': 0, 'T32': 1, 'T33': 0, 'T34': 0, 'T40': 0, 'T41': 0, 'T42': 0, 'T43': 0, 'T44': 1, 'y00': 0, 'y01': 1, 'y02': 0, 'y10': 1, 'y11': 0, 'y12': 0, 'y20': 0, 'y21': 0, 'y22': 0, 'y30': 1, 'y31': 0, 'y32': 0, 'y40': 1, 'y41': 0, 'y42': 0}"
7,Y,2988656,171501,"{'T00': 0, 'T01': 0, 'T02': 1, 'T03': 0, 'T04': 0, 'T10': 1, 'T11': 0, 'T12': 0, 'T13': 0, 'T14': 0, 'T20': 0, 'T21': 1, 'T22': 0, 'T23': 0, 'T24': 0, 'T30': 0, 'T31': 0, 'T32': 0, 'T33': 1, 'T34': 0, 'T40': 0, 'T41': 0, 'T42': 0, 'T43': 0, 'T44': 1, 'y00': 0, 'y01': 1, 'y02': 0, 'y10': 0, 'y11': 0, 'y12': 0, 'y20': 0, 'y21': 0, 'y22': 0, 'y30': 0, 'y31': 0, 'y32': 0, 'y40': 0, 'y41': 1, 'y42': 0, 'y50': 0, 'y51': 0, 'y52': 0}"
8,Y,2981718,123502,"{'T00': 0, 'T01': 0, 'T02': 0, 'T03': 1, 'T04': 0, 'T10': 0, 'T11': 1, 'T12': 0, 'T13': 0, 'T14': 0, 'T20': 1, 'T21': 0, 'T22': 0, 'T23': 0, 'T24': 0, 'T30': 0, 'T31': 0, 'T32': 1, 'T33': 0, 'T34': 0, 'T40': 0, 'T41': 0, 'T42': 0, 'T43': 0, 'T44': 1, 'y00': 1, 'y01': 1, 'y02': 0, 'y10': 1, 'y11': 1, 'y12': 0, 'y20': 0, 'y21': 0, 'y22': 0, 'y30': 0, 'y31': 1, 'y32': 0, 'y40': 1, 'y41': 0, 'y42': 0, 'y50': 0, 'y51': 0, 'y52': 0}"
9,Y,2989486,157157,"{'T00': 0, 'T01': 0, 'T02': 0, 'T03': 1, 'T04': 0, 'T10': 1, 'T11': 0, 'T12': 0, 'T13': 0, 'T14': 0, 'T20': 0, 'T21': 1, 'T22': 0, 'T23': 0, 'T24': 0, 'T30': 0, 'T31': 0, 'T32': 1, 'T33': 0, 'T34': 0, 'T40': 0, 'T41': 0, 'T42': 0, 'T43': 0, 'T44': 1, 'y00': 0, 'y01': 0, 'y02': 1, 'y03': 0, 'y10': 1, 'y11': 0, 'y12': 1, 'y13': 0, 'y20': 0, 'y21': 0, 'y22': 0, 'y23': 0, 'y30': 0, 'y31': 0, 'y32': 0, 'y33': 0, 'y40': 0, 'y41': 0, 'y42': 1, 'y43': 0, 'y50': 1, 'y51': 0, 'y52': 0, 'y53': 0}"
10,Y,2990913,147807,"{'T00': 0, 'T01': 0, 'T02': 0, 'T03': 1, 'T04': 0, 'T10': 1, 'T11': 0, 'T12': 0, 'T13': 0, 'T14': 0, 'T20': 0, 'T21': 1, 'T22': 0, 'T23': 0, 'T24': 0, 'T30': 0, 'T31': 0, 'T32': 0, 'T33': 0, 'T34': 1, 'T40': 0, 'T41': 0, 'T42': 1, 'T43': 0, 'T44': 0, 'y00': 1, 'y01': 1, 'y02': 0, 'y10': 0, 'y11': 0, 'y12': 0, 'y20': 0, 'y21': 0, 'y22': 0, 'y30': 0, 'y31': 0, 'y32': 0, 'y40': 0, 'y41': 0, 'y42': 0, 'y50': 1, 'y51': 0, 'y52': 0}"
11,Y,2995274,100417,"{'T00': 1, 'T01': 0, 'T02': 0, 'T03': 0, 'T04': 0, 'T10': 0, 'T11': 0, 'T12': 1, 'T13': 0, 'T14': 0, 'T20': 0, 'T21': 1, 'T22': 0, 'T23': 0, 'T24': 0, 'T30': 0, 'T31': 0, 'T32': 0, 'T33': 0, 'T34': 1, 'T40': 0, 'T41': 0, 'T42': 0, 'T43': 1, 'T44': 0, 'y00': 0, 'y01': 0, 'y02': 0, 'y10': 0, 'y11': 0, 'y12': 0, 'y20': 0, 'y21': 1, 'y22': 0, 'y30': 0, 'y31': 0, 'y32': 0, 'y40': 0, 'y41': 0, 'y42': 0, 'y50': 1, 'y51': 0, 'y52': 0, 'y60': 0, 'y61': 0, 'y62': 0}"
12,Y,2990499,152638,"{'T00': 0, 'T01': 0, 'T02': 1, 'T03': 0, 'T04': 0, 'T10': 1, 'T11': 0, 'T12': 0, 'T13': 0, 'T14': 0, 'T20': 0, 'T21': 1, 'T22': 0, 'T23': 0, 'T24': 0, 'T30': 0, 'T31': 0, 'T32': 0, 'T33': 0, 'T34': 1, 'T40': 0, 'T41': 0, 'T42': 0, 'T43': 1, 'T44': 0, 'y00': 0, 'y01': 0, 'y02': 1, 'y10': 0, 'y11': 0, 'y12': 0, 'y20': 0, 'y21': 0, 'y22': 0, 'y30': 0, 'y31': 0, 'y32': 0, 'y40': 0, 'y41': 0, 'y42': 0, 'y50': 0, 'y51': 1, 'y52': 0, 'y60': 0, 'y61': 1, 'y62': 0}"
13,Y,2992405,77136,"{'T00': 0, 'T01': 0, 'T02': 1, 'T03': 0, 'T04': 0, 'T10': 0, 'T11': 1, 'T12': 0, 'T13': 0, 'T14': 0, 'T20': 1, 'T21': 0, 'T22': 0, 'T23': 0, 'T24': 0, 'T30': 0, 'T31': 0, 'T32': 0, 'T33': 1, 'T34': 0, 'T40': 0, 'T41': 0, 'T42': 0, 'T43': 0, 'T44': 1, 'y00': 1, 'y01': 0, 'y02': 0, 'y03': 0, 'y10': 1, 'y11': 0, 'y12': 1, 'y13': 0, 'y20': 0, 'y21': 1, 'y22': 0, 'y23': 0, 'y30': 1, 'y31': 0, 'y32': 0, 'y33': 0, 'y40': 0, 'y41': 0, 'y42': 0, 'y43': 0, 'y50': 0, 'y51': 0, 'y52': 0, 'y53': 0, 'y60': 0, 'y61': 0, 'y62': 1, 'y63': 0}"
14,Y,2984064,208656,"{'T00': 0, 'T01': 0, 'T02': 0, 'T03': 0, 'T04': 1, 'T10': 0, 'T11': 0, 'T12': 1, 'T13': 0, 'T14': 0, 'T20': 0, 'T21': 0, 'T22': 0, 'T23': 1, 'T24': 0, 'T30': 0, 'T31': 1, 'T32': 0, 'T33': 0, 'T34': 0, 'T40': 1, 'T41': 0, 'T42': 0, 'T43': 0, 'T44': 0, 'y00': 0, 'y01': 0, 'y02': 1, 'y10': 0, 'y11': 0, 'y12': 0, 'y20': 0, 'y21': 1, 'y22': 0, 'y30': 0, 'y31': 0, 'y32': 0}"
15,Y,2995850,166564,"{'T00': 1, 'T01': 0, 'T02': 0, 'T03': 0, 'T04': 0, 'T10': 0, 'T11': 0, 'T12': 0, 'T13': 0, 'T14': 1, 'T20': 0, 'T21': 1, 'T22': 0, 'T23': 0, 'T24': 0, 'T30': 0, 'T31': 0, 'T32': 0, 'T33': 1, 'T34': 0, 'T40': 0, 'T41': 0, 'T42': 1, 'T43': 0, 'T44': 0, 'y00': 0, 'y01': 0, 'y02': 0, 'y10': 0, 'y11': 0, 'y12': 0, 'y20': 0, 'y21': 0, 'y22': 1, 'y30': 0, 'y31': 0, 'y32': 0, 'y40': 1, 'y41': 0, 'y42': 0}"
16,Y,2986873,143691,"{'T00': 0, 'T01': 0, 'T02': 0, 'T03': 1, 'T04': 0, 'T10': 0, 'T11': 0, 'T12': 1, 'T13': 0, 'T14': 0, 'T20': 0, 'T21': 1, 'T22': 0, 'T23': 0, 'T24': 0, 'T30': 1, 'T31': 0, 'T32': 0, 'T33': 0, 'T34': 0, 'T40': 0, 'T41': 0, 'T42': 0, 'T43': 0, 'T44': 1, 'y00': 0, 'y01': 1, 'y02': 0, 'y10': 0, 'y11': 0, 'y12': 1, 'y20': 1, 'y21': 0, 'y22': 0, 'y30': 1, 'y31': 1, 'y32': 0, 'y40': 0, 'y41': 0, 'y42': 0}"
17,Y,2982786,174813,"{'T00': 0, 'T01': 0, 'T02': 1, 'T03': 0, 'T04': 0, 'T10': 0, 'T11': 0, 'T12': 0, 'T13': 1, 'T14': 0, 'T20': 0, 'T21': 1, 'T22': 0, 'T23': 0, 'T24': 0, 'T30': 1, 'T31': 0, 'T32': 0, 'T33': 0, 'T34': 0, 'T40': 0, 'T41': 0, 'T42': 0, 'T43': 0, 'T44': 1, 'y00': 1, 'y01': 1, 'y02': 0, 'y03': 0, 'y10': 1, 'y11': 1, 'y12': 0, 'y13': 0, 'y20': 1, 'y21': 0, 'y22': 0, 'y23': 0, 'y30': 0, 'y31': 0, 'y32': 0, 'y33': 1, 'y40': 0, 'y41': 0, 'y42': 0, 'y43': 0}"
18,Y,2984024,171831,"{'T00': 0, 'T01': 1, 'T02': 0, 'T03': 0, 'T04': 0, 'T10': 0, 'T11': 0, 'T12': 1, 'T13': 0, 'T14': 0, 'T20': 1, 'T21': 0, 'T22': 0, 'T23': 0, 'T24': 0, 'T30': 0, 'T31': 0, 'T32': 0, 'T33': 1, 'T34': 0, 'T40': 0, 'T41': 0, 'T42': 0, 'T43': 0, 'T44': 1, 'y00': 0, 'y01': 0, 'y02': 0, 'y10': 1, 'y11': 0, 'y12': 0, 'y20': 0, 'y21': 1, 'y22': 0, 'y30': 0, 'y31': 0, 'y32': 0, 'y40': 0, 'y41': 0, 'y42': 0, 'y50': 1, 'y51': 0, 'y52': 0}"
19,Y,2997107,148913,"{'T00': 0, 'T01': 0, 'T02': 0, 'T03': 1, 'T04': 0, 'T10': 0, 'T11': 1, 'T12': 0, 'T13': 0, 'T14': 0, 'T20': 0, 'T21': 0, 'T22': 1, 'T23': 0, 'T24': 0, 'T30': 1, 'T31': 0, 'T32': 0, 'T33': 0, 'T34': 0, 'T40': 0, 'T41': 0, 'T42': 0, 'T43': 0, 'T44': 1, 'y00': 1, 'y01': 1, 'y02': 0, 'y10': 1, 'y11': 1, 'y12': 0, 'y20': 0, 'y21': 0, 'y22': 0, 'y30': 0, 'y31': 1, 'y32': 0, 'y40': 1, 'y41': 0, 'y42': 0, 'y50': 0, 'y51': 0, 'y52': 0}"
20,Y,2992590,157815,"{'T00': 0, 'T01': 0, 'T02': 0, 'T03': 1, 'T04': 0, 'T10': 1, 'T11': 0, 'T12': 0, 'T13': 0, 'T14': 0, 'T20': 0, 'T21': 0, 'T22': 1, 'T23': 0, 'T24': 0, 'T30': 0, 'T31': 1, 'T32': 0, 'T33': 0, 'T34': 0, 'T40': 0, 'T41': 0, 'T42': 0, 'T43': 0, 'T44': 1, 'y00': 0, 'y01': 0, 'y02': 1, 'y03': 0, 'y10': 1, 'y11': 0, 'y12': 1, 'y13': 0, 'y20': 0, 'y21': 0, 'y22': 0, 'y23': 0, 'y30': 0, 'y31': 0, 'y32': 0, 'y33': 0, 'y40': 0, 'y41': 1, 'y42': 0, 'y43': 0, 'y50': 1, 'y51': 1, 'y52': 0, 'y53': 0}"
21,Y,2987239,195619,"{'T00': 0, 'T01': 0, 'T02': 0, 'T03': 1, 'T04': 0, 'T10': 1, 'T11': 0, 'T12': 0, 'T13': 0, 'T14': 0, 'T20': 0, 'T21': 0, 'T22': 0, 'T23': 0, 'T24': 1, 'T30': 0, 'T31': 1, 'T32': 0, 'T33': 0, 'T34': 0, 'T40': 0, 'T41': 0, 'T42': 1, 'T43': 0, 'T44': 0, 'y00': 0, 'y01': 1, 'y02': 0, 'y10': 0, 'y11': 0, 'y12': 0, 'y20': 0, 'y21': 0, 'y22': 0, 'y30': 1, 'y31': 0, 'y32': 0, 'y40': 1, 'y41': 0, 'y42': 0, 'y50': 0, 'y51': 0, 'y52': 0}"
22,Y,2987078,148134,"{'T00': 0, 'T01': 0, 'T02': 1, 'T03': 0, 'T04': 0, 'T10': 1, 'T11': 0, 'T12': 0, 'T13': 0, 'T14': 0, 'T20': 0, 'T21': 0, 'T22': 0, 'T23': 1, 'T24': 0, 'T30': 0, 'T31': 1, 'T32': 0, 'T33': 0, 'T34': 0, 'T40': 0, 'T41': 0, 'T42': 0, 'T43': 0, 'T44': 1, 'y00': 0, 'y01': 0, 'y02': 0, 'y10': 0, 'y11': 1, 'y12': 0, 'y20': 1, 'y21': 0, 'y22': 0, 'y30': 1, 'y31': 0, 'y32': 0, 'y40': 0, 'y41': 0, 'y42': 0, 'y50': 1, 'y51': 0, 'y52': 1}"
23,Y,2988922,156835,"{'T00': 0, 'T01': 1, 'T02': 0, 'T03': 0, 'T04': 0, 'T10': 1, 'T11': 0, 'T12': 0, 'T13': 0, 'T14': 0, 'T20': 0, 'T21': 0, 'T22': 0, 'T23': 0, 'T24': 1, 'T30': 0, 'T31': 0, 'T32': 1, 'T33': 0, 'T34': 0, 'T40': 0, 'T41': 0, 'T42': 0, 'T43': 1, 'T44': 0, 'y00': 0, 'y01': 0, 'y02': 0, 'y03': 0, 'y10': 0, 'y11': 1, 'y12': 0, 'y13': 0, 'y20': 0, 'y21': 0, 'y22': 0, 'y23': 0, 'y30': 1, 'y31': 0, 'y32': 0, 'y33': 0, 'y40': 0, 'y41': 0, 'y42': 1, 'y43': 0, 'y50': 1, 'y51': 1, 'y52': 1, 'y53': 0}"
24,Y,2986604,125709,"{'T00': 0, 'T01': 0, 'T02': 1, 'T03': 0, 'T04': 0, 'T10': 1, 'T11': 0, 'T12': 0, 'T13': 0, 'T14': 0, 'T20': 0, 'T21': 0, 'T22': 0, 'T23': 1, 'T24': 0, 'T30': 0, 'T31': 1, 'T32': 0, 'T33': 0, 'T34': 0, 'T40': 0, 'T41': 0, 'T42': 0, 'T43': 0, 'T44': 1, 'y00': 1, 'y01': 0, 'y02': 0, 'y10': 0, 'y11': 0, 'y12': 0, 'y20': 0, 'y21': 0, 'y22': 0, 'y30': 1, 'y31': 0, 'y32': 0, 'y40': 0, 'y41': 0, 'y42': 0, 'y50': 1, 'y51': 0, 'y52': 0, 'y60': 0, 'y61': 0, 'y62': 0}"
25,Y,2987738,152780,"{'T00': 0, 'T01': 1, 'T02': 0, 'T03': 0, 'T04': 0, 'T10': 1, 'T11': 0, 'T12': 0, 'T13': 0, 'T14': 0, 'T20': 0, 'T21': 0, 'T22': 1, 'T23': 0, 'T24': 0, 'T30': 0, 'T31': 0, 'T32': 0, 'T33': 1, 'T34': 0, 'T40': 0, 'T41': 0, 'T42': 0, 'T43': 0, 'T44': 1, 'y00': 0, 'y01': 0, 'y02': 0, 'y10': 1, 'y11': 0, 'y12': 0, 'y20': 0, 'y21': 0, 'y22': 0, 'y30': 1, 'y31': 0, 'y32': 0, 'y40': 1, 'y41': 0, 'y42': 0, 'y50': 0, 'y51': 1, 'y52': 0, 'y60': 1, 'y61': 1, 'y62': 0}"
26,Y,2998231,163039,"{'T00': 0, 'T01': 0, 'T02': 0, 'T03': 0, 'T04': 1, 'T10': 1, 'T11': 0, 'T12': 0, 'T13': 0, 'T14': 0, 'T20': 0, 'T21': 0, 'T22': 1, 'T23': 0, 'T24': 0, 'T30': 0, 'T31': 1, 'T32': 0, 'T33': 0, 'T34': 0, 'T40': 0, 'T41': 0, 'T42': 0, 'T43': 1, 'T44': 0, 'y00': 0, 'y01': 0, 'y02': 1, 'y03': 0, 'y10': 0, 'y11': 1, 'y12': 0, 'y13': 0, 'y20': 1, 'y21': 0, 'y22': 1, 'y23': 0, 'y30': 1, 'y31': 0, 'y32': 0, 'y33': 0, 'y40': 0, 'y41': 0, 'y42': 0, 'y43': 0, 'y50': 1, 'y51': 0, 'y52': 0, 'y53': 0, 'y60': 0, 'y61': 0, 'y62': 0, 'y63': 0}"
27,Y,2990461,143217,"{'T00': 1, 'T01': 0, 'T02': 0, 'T03': 0, 'T04': 0, 'T10': 0, 'T11': 0, 'T12': 0, 'T13': 0, 'T14': 1, 'T20': 0, 'T21': 1, 'T22': 0, 'T23': 0, 'T24': 0, 'T30': 0, 'T31': 0, 'T32': 1, 'T33': 0, 'T34': 0, 'T40': 0, 'T41': 0, 'T42': 0, 'T43': 1, 'T44': 0, 'y00': 0, 'y01': 0, 'y02': 0, 'y10': 0, 'y11': 0, 'y12': 0, 'y20': 0, 'y21': 1, 'y22': 0, 'y30': 0, 'y31': 1, 'y32': 0, 'y40': 1, 'y41': 0, 'y42': 0}"
28,Y,2987371,47815,"{'T00': 0, 'T01': 1, 'T02': 0, 'T03': 0, 'T04': 0, 'T10': 0, 'T11': 0, 'T12': 0, 'T13': 1, 'T14': 0, 'T20': 0, 'T21': 0, 'T22': 1, 'T23': 0, 'T24': 0, 'T30': 1, 'T31': 0, 'T32': 0, 'T33': 0, 'T34': 0, 'T40': 0, 'T41': 0, 'T42': 0, 'T43': 0, 'T44': 1, 'y00': 0, 'y01': 1, 'y02': 0, 'y10': 0, 'y11': 0, 'y12': 0, 'y20': 0, 'y21': 0, 'y22': 0, 'y30': 0, 'y31': 1, 'y32': 1, 'y40': 0, 'y41': 1, 'y42': 0}"
29,Y,2988841,75810,"{'T00': 0, 'T01': 0, 'T02': 0, 'T03': 1, 'T04': 0, 'T10': 0, 'T11': 1, 'T12': 0, 'T13': 0, 'T14': 0, 'T20': 0, 'T21': 0, 'T22': 0, 'T23': 0, 'T24': 1, 'T30': 1, 'T31': 0, 'T32': 0, 'T33': 0, 'T34': 0, 'T40': 0, 'T41': 0, 'T42': 1, 'T43': 0, 'T44': 0, 'y00': 1, 'y01': 0, 'y02': 0, 'y03': 1, 'y10': 0, 'y11': 0, 'y12': 0, 'y13': 0, 'y20': 0, 'y21': 0, 'y22': 0, 'y23': 0, 'y30': 1, 'y31': 1, 'y32': 0, 'y33': 0, 'y40': 1, 'y41': 1, 'y42': 0, 'y43': 0}"
30,Y,2987904,147634,"{'T00': 0, 'T01': 0, 'T02': 0, 'T03': 1, 'T04': 0, 'T10': 0, 'T11': 0, 'T12': 1, 'T13': 0, 'T14': 0, 'T20': 1, 'T21': 0, 'T22': 0, 'T23': 0, 'T24': 0, 'T30': 0, 'T31': 0, 'T32': 0, 'T33': 0, 'T34': 1, 'T40': 0, 'T41': 1, 'T42': 0, 'T43': 0, 'T44': 0, 'y00': 0, 'y01': 0, 'y02': 0, 'y10': 0, 'y11': 1, 'y12': 0, 'y20': 0, 'y21': 0, 'y22': 0, 'y30': 0, 'y31': 1, 'y32': 0, 'y40': 0, 'y41': 0, 'y42': 0, 'y50': 0, 'y51': 0, 'y52': 0}"
31,Y,2987155,172619,"{'T00': 0, 'T01': 0, 'T02': 1, 'T03': 0, 'T04': 0, 'T10': 0, 'T11': 0, 'T12': 0, 'T13': 1, 'T14': 0, 'T20': 1, 'T21': 0, 'T22': 0, 'T23': 0, 'T24': 0, 'T30': 0, 'T31': 1, 'T32': 0, 'T33': 0, 'T34': 0, 'T40': 0, 'T41': 0, 'T42': 0, 'T43': 0, 'T44': 1, 'y00': 0, 'y01': 0, 'y02': 0, 'y10': 0, 'y11': 1, 'y12': 0, 'y20': 1, 'y21': 0, 'y22': 0, 'y30': 0, 'y31': 0, 'y32': 0, 'y40': 0, 'y41': 1, 'y42': 1, 'y50': 0, 'y51': 0, 'y52': 0}"
32,Y,2989079,156439,"{'T00': 0, 'T01': 1, 'T02': 0, 'T03': 0, 'T04': 0, 'T10': 0, 'T11': 0, 'T12': 0, 'T13': 0, 'T14': 1, 'T20': 1, 'T21': 0, 'T22': 0, 'T23': 0, 'T24': 0, 'T30': 0, 'T31': 0, 'T32': 1, 'T33': 0, 'T34': 0, 'T40': 0, 'T41': 0, 'T42': 0, 'T43': 1, 'T44': 0, 'y00': 0, 'y01': 0, 'y02': 0, 'y03': 0, 'y10': 0, 'y11': 1, 'y12': 0, 'y13': 0, 'y20': 0, 'y21': 0, 'y22': 0, 'y23': 0, 'y30': 0, 'y31': 0, 'y32': 1, 'y33': 0, 'y40': 0, 'y41': 0, 'y42': 0, 'y43': 1, 'y50': 0, 'y51': 0, 'y52': 0, 'y53': 0}"
33,Y,2986565,176431,"{'T00': 0, 'T01': 0, 'T02': 0, 'T03': 0, 'T04': 1, 'T10': 1, 'T11': 0, 'T12': 0, 'T13': 0, 'T14': 0, 'T20': 0, 'T21': 1, 'T22': 0, 'T23': 0, 'T24': 0, 'T30': 0, 'T31': 0, 'T32': 1, 'T33': 0, 'T34': 0, 'T40': 0, 'T41': 0, 'T42': 0, 'T43': 1, 'T44': 0, 'y00': 1, 'y01': 0, 'y02': 0, 'y10': 1, 'y11': 0, 'y12': 0, 'y20': 1, 'y21': 0, 'y22': 0, 'y30': 0, 'y31': 0, 'y32': 0, 'y40': 0, 'y41': 0, 'y42': 0, 'y50': 0, 'y51': 0, 'y52': 0, 'y60': 0, 'y61': 0, 'y62': 0}"
34,Y,2992218,152436,"{'T00': 0, 'T01': 0, 'T02': 1, 'T03': 0, 'T04': 0, 'T10': 1, 'T11': 0, 'T12': 0, 'T13': 0, 'T14': 0, 'T20': 0, 'T21': 0, 'T22': 0, 'T23': 1, 'T24': 0, 'T30': 0, 'T31': 1, 'T32': 0, 'T33': 0, 'T34': 0, 'T40': 0, 'T41': 0, 'T42': 0, 'T43': 0, 'T44': 1, 'y00': 1, 'y01': 0, 'y02': 0, 'y10': 1, 'y11': 0, 'y12': 0, 'y20': 1, 'y21': 0, 'y22': 0, 'y30': 0, 'y31': 0, 'y32': 0, 'y40': 0, 'y41': 0, 'y42': 0, 'y50': 1, 'y51': 0, 'y52': 1, 'y60': 0, 'y61': 0, 'y62': 0}"
35,Y,2989934,146079,"{'T00': 0, 'T01': 0, 'T02': 0, 'T03': 1, 'T04': 0, 'T10': 1, 'T11': 0, 'T12': 0, 'T13': 0, 'T14': 0, 'T20': 0, 'T21': 0, 'T22': 1, 'T23': 0, 'T24': 0, 'T30': 0, 'T31': 1, 'T32': 0, 'T33': 0, 'T34': 0, 'T40': 0, 'T41': 0, 'T42': 0, 'T43': 0, 'T44': 1, 'y00': 1, 'y01': 1, 'y02': 0, 'y03': 0, 'y10': 0, 'y11': 0, 'y12': 0, 'y13': 0, 'y20': 1, 'y21': 0, 'y22': 1, 'y23': 0, 'y30': 0, 'y31': 0, 'y32': 0, 'y33': 0, 'y40': 0, 'y41': 0, 'y42': 0, 'y43': 0, 'y50': 1, 'y51': 1, 'y52': 0, 'y53': 0, 'y60': 0, 'y61': 1, 'y62': 0, 'y63': 0}"
36,Y,2988301,233419,"{'T00': 0, 'T01': 0, 'T02': 1, 'T03': 0, 'T04': 0, 'T10': 1, 'T11': 0, 'T12': 0, 'T13': 0, 'T14': 0, 'T20': 0, 'T21': 1, 'T22': 0, 'T23': 0, 'T24': 0, 'T30': 0, 'T31': 0, 'T32': 0, 'T33': 1, 'T34': 0, 'T40': 0, 'T41': 0, 'T42': 0, 'T43': 0, 'T44': 1, 'y00': 0, 'y01': 0, 'y02': 0, 'y10': 0, 'y11': 0, 'y12': 0, 'y20': 1, 'y21': 0, 'y22': 0, 'y30': 0, 'y31': 0, 'y32': 0, 'y40': 0, 'y41': 0, 'y42': 0, 'y50': 0, 'y51': 0, 'y52': 0, 'y60': 0, 'y61': 0, 'y62': 0, 'y70': 1, 'y71': 0, 'y72': 0}"
37,Y,2992400,130085,"{'T00': 0, 'T01': 0, 'T02': 1, 'T03': 0, 'T04': 0, 'T10': 1, 'T11': 0, 'T12': 0, 'T13': 0, 'T14': 0, 'T20': 0, 'T21': 1, 'T22': 0, 'T23': 0, 'T24': 0, 'T30': 0, 'T31': 0, 'T32': 0, 'T33': 1, 'T34': 0, 'T40': 0, 'T41': 0, 'T42': 0, 'T43': 0, 'T44': 1, 'y00': 0, 'y01': 0, 'y02': 0, 'y10': 0, 'y11': 0, 'y12': 0, 'y20': 1, 'y21': 1, 'y22': 0, 'y30': 0, 'y31': 0, 'y32': 0, 'y40': 0, 'y41': 0, 'y42': 0, 'y50': 1, 'y51': 0, 'y52': 0, 'y60': 0, 'y61': 0, 'y62': 0, 'y70': 1, 'y71': 1, 'y72': 0}"
38,Y,2984041,46938,"{'T00': 0, 'T01': 0, 'T02': 1, 'T03': 0, 'T04': 0, 'T10': 1, 'T11': 0, 'T12': 0, 'T13': 0, 'T14': 0, 'T20': 0, 'T21': 0, 'T22': 0, 'T23': 1, 'T24': 0, 'T30': 0, 'T31': 0, 'T32': 0, 'T33': 0, 'T34': 1, 'T40': 0, 'T41': 1, 'T42': 0, 'T43': 0, 'T44': 0, 'y00': 1, 'y01': 0, 'y02': 0, 'y03': 0, 'y10': 0, 'y11': 0, 'y12': 1, 'y13': 0, 'y20': 0, 'y21': 0, 'y22': 0, 'y23': 0, 'y30': 0, 'y31': 0, 'y32': 0, 'y33': 0, 'y40': 0, 'y41': 0, 'y42': 0, 'y43': 0, 'y50': 0, 'y51': 1, 'y52': 1, 'y53': 0, 'y60': 1, 'y61': 0, 'y62': 0, 'y63': 0, 'y70': 0, 'y71': 0, 'y72': 0, 'y73': 0}"
39,Y,2997238,75774,"{'T00': 0, 'T01': 0, 'T02': 0, 'T03': 1, 'T04': 0, 'T10': 0, 'T11': 0, 'T12': 1, 'T13': 0, 'T14': 0, 'T20': 0, 'T21': 1, 'T22': 0, 'T23': 0, 'T24': 0, 'T30': 1, 'T31': 0, 'T32': 0, 'T33': 0, 'T34': 0, 'T40': 0, 'T41': 0, 'T42': 0, 'T43': 0, 'T44': 1, 'y00': 0, 'y01': 0, 'y02': 0, 'y10': 0, 'y11': 0, 'y12': 0, 'y20': 0, 'y21': 1, 'y22': 0, 'y30': 0, 'y31': 0, 'y32': 0, 'y40': 0, 'y41': 0, 'y42': 0, 'y50': 1, 'y51': 0, 'y52': 0, 'y60': 0, 'y61': 0, 'y62': 0}"
40,Y,2991312,204249,"{'T00': 0, 'T01': 1, 'T02': 0, 'T03': 0, 'T04': 0, 'T10': 0, 'T11': 0, 'T12': 0, 'T13': 1, 'T14': 0, 'T20': 0, 'T21': 0, 'T22': 0, 'T23': 0, 'T24': 1, 'T30': 1, 'T31': 0, 'T32': 0, 'T33': 0, 'T34': 0, 'T40': 0, 'T41': 0, 'T42': 1, 'T43': 0, 'T44': 0, 'y00': 0, 'y01': 0, 'y02': 0, 'y10': 0, 'y11': 0, 'y12': 0, 'y20': 1, 'y21': 0, 'y22': 0, 'y30': 1, 'y31': 0, 'y32': 1, 'y40': 0, 'y41': 0, 'y42': 0, 'y50': 0, 'y51': 0, 'y52': 0, 'y60': 0, 'y61': 1, 'y62': 0}"
41,Y,2990470,177676,"{'T00': 0, 'T01': 0, 'T02': 0, 'T03': 1, 'T04': 0, 'T10': 0, 'T11': 0, 'T12': 1, 'T13': 0, 'T14': 0, 'T20': 0, 'T21': 1, 'T22': 0, 'T23': 0, 'T24': 0, 'T30': 1, 'T31': 0, 'T32': 0, 'T33': 0, 'T34': 0, 'T40': 0, 'T41': 0, 'T42': 0, 'T43': 0, 'T44': 1, 'y00': 1, 'y01': 0, 'y02': 0, 'y03': 0, 'y10': 0, 'y11': 0, 'y12': 0, 'y13': 0, 'y20': 1, 'y21': 1, 'y22': 1, 'y23': 0, 'y30': 1, 'y31': 0, 'y32': 0, 'y33': 0, 'y40': 0, 'y41': 0, 'y42': 0, 'y43': 0, 'y50': 0, 'y51': 0, 'y52': 1, 'y53': 0, 'y60': 0, 'y61': 0, 'y62': 0, 'y63': 0}"
