,adjacency_list,a,d,qubo_fixed,offset,formulation_time/microseconds,pegasus_embedding,pegasus_embedding_time,zephyr_embedding,zephyr_embedding_time
0,"[[0, 0, 1, 1], [0, 0, 0, 1], [1, 0, 0, 0], [1, 1, 0, 0]]",2,1,"{('y00', 'y00'): -2.0, ('y00', 'y01'): 8, ('y00', 'y10'): 2, ('y00', 'y11'): 4, ('y01', 'y01'): 0.0, ('y01', 'y10'): 4, ('y01', 'y11'): 8, ('y10', 'y10'): -6.0, ('y10', 'y11'): 8, ('y11', 'y11'): -8.0, ('y20', 'y20'): -10.0, ('y20', 'y21'): 8, ('y21', 'y21'): -16.0, ('y10', 'y20'): 2, ('y10', 'y21'): 4, ('y11', 'y20'): 4, ('y11', 'y21'): 8}",20,372.80000000023966,"{'y00': [2715], 'y01': [2700], 'y10': [3089], 'y11': [3074], 'y20': [2745], 'y21': [2730]}",12162.999999999258,"{'y00': [405], 'y01': [399], 'y10': [976], 'y11': [981], 'y20': [423], 'y21': [429]}",5699.999999990268
1,"[[0, 0, 1, 1], [0, 0, 0, 1], [1, 0, 0, 0], [1, 1, 0, 0]]",2,2,"{('y00', 'y00'): -4.0, ('y00', 'y01'): 8, ('y00', 'y02'): 16, ('y00', 'y10'): 2, ('y00', 'y11'): 4, ('y00', 'y12'): 8, ('y01', 'y01'): -4.0, ('y01', 'y02'): 32, ('y01', 'y10'): 4, ('y01', 'y11'): 8, ('y01', 'y12'): 16, ('y02', 'y02'): 8.0, ('y02', 'y10'): 8, ('y02', 'y11'): 16, ('y02', 'y12'): 32, ('y10', 'y10'): -14.0, ('y10', 'y11'): 8, ('y10', 'y12'): 16, ('y11', 'y11'): -24.0, ('y11', 'y12'): 32, ('y12', 'y12'): -32.0, ('y20', 'y20'): -20.0, ('y20', 'y21'): 8, ('y20', 'y22'): 16, ('y21', 'y21'): -36.0, ('y21', 'y22'): 32, ('y22', 'y22'): -56.0, ('y10', 'y20'): 2, ('y10', 'y21'): 4, ('y10', 'y22'): 8, ('y11', 'y20'): 4, ('y11', 'y21'): 8, ('y11', 'y22'): 16, ('y12', 'y20'): 8, ('y12', 'y21'): 16, ('y12', 'y22'): 32}",66,392.1999999999315,"{'y00': [3489], 'y01': [3504], 'y02': [1727], 'y10': [3534, 1818], 'y11': [1697, 3548], 'y12': [1712, 3563], 'y20': [1668], 'y21': [3519], 'y22': [1653]}",19806,"{'y00': [484], 'y01': [477, 1042], 'y02': [489], 'y10': [1030], 'y11': [1037, 508], 'y12': [496, 1054], 'y20': [525], 'y21': [1025], 'y22': [520]}",13064.000000042597
2,"[[0, 0, 1, 1], [0, 0, 0, 1], [1, 0, 0, 0], [1, 1, 0, 0]]",2,3,"{('y00', 'y00'): -6.0, ('y00', 'y01'): 8, ('y00', 'y02'): 16, ('y00', 'y10'): 2, ('y00', 'y11'): 4, ('y00', 'y12'): 8, ('y01', 'y01'): -8.0, ('y01', 'y02'): 32, ('y01', 'y10'): 4, ('y01', 'y11'): 8, ('y01', 'y12'): 16, ('y02', 'y02'): 0.0, ('y02', 'y10'): 8, ('y02', 'y11'): 16, ('y02', 'y12'): 32, ('y10', 'y10'): -22.0, ('y10', 'y11'): 8, ('y10', 'y12'): 16, ('y11', 'y11'): -40.0, ('y11', 'y12'): 32, ('y12', 'y12'): -64.0, ('y20', 'y20'): -30.0, ('y20', 'y21'): 8, ('y20', 'y22'): 16, ('y21', 'y21'): -56.0, ('y21', 'y22'): 32, ('y22', 'y22'): -96.0, ('y10', 'y20'): 2, ('y10', 'y21'): 4, ('y10', 'y22'): 8, ('y11', 'y20'): 4, ('y11', 'y21'): 8, ('y11', 'y22'): 16, ('y12', 'y20'): 8, ('y12', 'y21'): 16, ('y12', 'y22'): 32}",140,404.8000000004493,"{'y00': [5200], 'y01': [5215], 'y02': [2097], 'y10': [2052, 5291], 'y11': [5365, 2067], 'y12': [5350, 2082], 'y20': [2023], 'y21': [5336], 'y22': [2038]}",20533.00000000036,"{'y00': [151], 'y01': [146], 'y02': [158, 859], 'y10': [182, 853], 'y11': [835, 163], 'y12': [823], 'y20': [170], 'y21': [817], 'y22': [175]}",13018.999999985681
3,"[[0, 0, 1, 1], [0, 0, 0, 1], [1, 0, 0, 0], [1, 1, 0, 0]]",3,1,"{('y00', 'y00'): -6.0, ('y00', 'y01'): 8, ('y00', 'y02'): 16, ('y00', 'y10'): 2, ('y00', 'y11'): 4, ('y00', 'y12'): 8, ('y01', 'y01'): -8.0, ('y01', 'y02'): 32, ('y01', 'y10'): 4, ('y01', 'y11'): 8, ('y01', 'y12'): 16, ('y02', 'y02'): 0.0, ('y02', 'y10'): 8, ('y02', 'y11'): 16, ('y02', 'y12'): 32, ('y10', 'y10'): -10.0, ('y10', 'y11'): 8, ('y10', 'y12'): 16, ('y11', 'y11'): -16.0, ('y11', 'y12'): 32, ('y12', 'y12'): -16.0, ('y20', 'y20'): -14.0, ('y20', 'y21'): 8, ('y20', 'y22'): 16, ('y21', 'y21'): -24.0, ('y21', 'y22'): 32, ('y22', 'y22'): -32.0, ('y10', 'y20'): 2, ('y10', 'y21'): 4, ('y10', 'y22'): 8, ('y11', 'y20'): 4, ('y11', 'y21'): 8, ('y11', 'y22'): 16, ('y12', 'y20'): 8, ('y12', 'y21'): 16, ('y12', 'y22'): 32}",40,328.60000000027867,"{'y00': [2567], 'y01': [3388], 'y02': [3373], 'y10': [3283, 2522], 'y11': [2552], 'y12': [3433, 2507], 'y20': [3418], 'y21': [3448, 2597], 'y22': [3403]}",21143.999999999607,"{'y00': [147], 'y01': [152], 'y02': [937, 176], 'y10': [925], 'y11': [931], 'y12': [171, 949], 'y20': [943, 183], 'y21': [159], 'y22': [164]}",12460.99999997341
4,"[[0, 0, 1, 1], [0, 0, 0, 1], [1, 0, 0, 0], [1, 1, 0, 0]]",3,2,"{('y00', 'y00'): -8.0, ('y00', 'y01'): 8, ('y00', 'y02'): 16, ('y00', 'y10'): 2, ('y00', 'y11'): 4, ('y00', 'y12'): 8, ('y01', 'y01'): -12.0, ('y01', 'y02'): 32, ('y01', 'y10'): 4, ('y01', 'y11'): 8, ('y01', 'y12'): 16, ('y02', 'y02'): -8.0, ('y02', 'y10'): 8, ('y02', 'y11'): 16, ('y02', 'y12'): 32, ('y10', 'y10'): -18.0, ('y10', 'y11'): 8, ('y10', 'y12'): 16, ('y11', 'y11'): -32.0, ('y11', 'y12'): 32, ('y12', 'y12'): -48.0, ('y20', 'y20'): -24.0, ('y20', 'y21'): 8, ('y20', 'y22'): 16, ('y21', 'y21'): -44.0, ('y21', 'y22'): 32, ('y22', 'y22'): -72.0, ('y10', 'y20'): 2, ('y10', 'y21'): 4, ('y10', 'y22'): 8, ('y11', 'y20'): 4, ('y11', 'y21'): 8, ('y11', 'y22'): 16, ('y12', 'y20'): 8, ('y12', 'y21'): 16, ('y12', 'y22'): 32}",98,253.60000000027583,"{'y00': [4227], 'y01': [2241], 'y02': [4212], 'y10': [2226, 4121], 'y11': [4136, 2256], 'y12': [2212, 4286], 'y20': [2271], 'y21': [4242], 'y22': [4257]}",20588.00000000005,"{'y00': [476], 'y01': [471], 'y02': [495, 934], 'y10': [958, 483], 'y11': [922, 500], 'y12': [946], 'y20': [507], 'y21': [512], 'y22': [941]}",11733.99999998992
5,"[[0, 0, 1, 1], [0, 0, 0, 1], [1, 0, 0, 0], [1, 1, 0, 0]]",3,3,"{('y00', 'y00'): -10.0, ('y00', 'y01'): 8, ('y00', 'y02'): 16, ('y00', 'y03'): 32, ('y00', 'y10'): 2, ('y00', 'y11'): 4, ('y00', 'y12'): 8, ('y00', 'y13'): 16, ('y01', 'y01'): -16.0, ('y01', 'y02'): 32, ('y01', 'y03'): 64, ('y01', 'y10'): 4, ('y01', 'y11'): 8, ('y01', 'y12'): 16, ('y01', 'y13'): 32, ('y02', 'y02'): -16.0, ('y02', 'y03'): 128, ('y02', 'y10'): 8, ('y02', 'y11'): 16, ('y02', 'y12'): 32, ('y02', 'y13'): 64, ('y03', 'y03'): 32.0, ('y03', 'y10'): 16, ('y03', 'y11'): 32, ('y03', 'y12'): 64, ('y03', 'y13'): 128, ('y10', 'y10'): -26.0, ('y10', 'y11'): 8, ('y10', 'y12'): 16, ('y10', 'y13'): 32, ('y11', 'y11'): -48.0, ('y11', 'y12'): 32, ('y11', 'y13'): 64, ('y12', 'y12'): -80.0, ('y12', 'y13'): 128, ('y13', 'y13'): -96.0, ('y20', 'y20'): -34.0, ('y20', 'y21'): 8, ('y20', 'y22'): 16, ('y20', 'y23'): 32, ('y21', 'y21'): -64.0, ('y21', 'y22'): 32, ('y21', 'y23'): 64, ('y22', 'y22'): -112.0, ('y22', 'y23'): 128, ('y23', 'y23'): -160.0, ('y10', 'y20'): 2, ('y10', 'y21'): 4, ('y10', 'y22'): 8, ('y10', 'y23'): 16, ('y11', 'y20'): 4, ('y11', 'y21'): 8, ('y11', 'y22'): 16, ('y11', 'y23'): 32, ('y12', 'y20'): 8, ('y12', 'y21'): 16, ('y12', 'y22'): 32, ('y12', 'y23'): 64, ('y13', 'y20'): 16, ('y13', 'y21'): 32, ('y13', 'y22'): 64, ('y13', 'y23'): 128}",184,288.20000000067125,"{'y00': [2957, 540], 'y01': [2987], 'y02': [555, 2942], 'y03': [405, 3046], 'y10': [390, 3017, 3016], 'y11': [495, 3077], 'y12': [3062, 480], 'y13': [2972, 2973], 'y20': [525, 3002], 'y21': [585], 'y22': [510, 3032], 'y23': [570]}",31807.000000000586,"{'y00': [306], 'y01': [301], 'y02': [752, 330], 'y03': [318, 747], 'y10': [313, 764], 'y11': [728], 'y12': [740, 265], 'y13': [722, 723], 'y20': [746, 241], 'y21': [258], 'y22': [734, 270], 'y23': [253]}",17467.000000010557
6,"[[0, 0, 1, 1], [0, 0, 0, 1], [1, 0, 0, 1], [1, 1, 1, 0]]",2,1,"{('y00', 'y00'): -4.0, ('y00', 'y01'): 8, ('y00', 'y10'): 2, ('y00', 'y11'): 4, ('y01', 'y01'): -4.0, ('y01', 'y10'): 4, ('y01', 'y11'): 8, ('y10', 'y10'): -4.0, ('y10', 'y11'): 8, ('y11', 'y11'): -4.0, ('y20', 'y20'): -4.0, ('y20', 'y21'): 8, ('y21', 'y21'): -4.0, ('y00', 'y30'): 2, ('y00', 'y31'): 4, ('y01', 'y30'): 4, ('y01', 'y31'): 8, ('y30', 'y30'): -6.0, ('y30', 'y31'): 8, ('y31', 'y31'): -8.0, ('y10', 'y20'): 2, ('y10', 'y21'): 4, ('y10', 'y30'): 2, ('y10', 'y31'): 4, ('y11', 'y20'): 4, ('y11', 'y21'): 8, ('y11', 'y30'): 4, ('y11', 'y31'): 8, ('y20', 'y30'): 2, ('y20', 'y31'): 4, ('y21', 'y30'): 4, ('y21', 'y31'): 8}",10,263,"{'y00': [1828], 'y01': [1813], 'y10': [5394, 1858], 'y11': [1798, 5379], 'y20': [5364], 'y21': [1843], 'y30': [5424, 1783], 'y31': [5349]}",19309.99999999905,"{'y00': [682], 'y01': [486], 'y10': [677, 510], 'y11': [480], 'y20': [718], 'y21': [713], 'y30': [706, 504], 'y31': [516, 701]}",9952.999999995882
7,"[[0, 0, 1, 1], [0, 0, 0, 1], [1, 0, 0, 1], [1, 1, 1, 0]]",2,2,"{('y00', 'y00'): -10.0, ('y00', 'y01'): 8, ('y00', 'y02'): 16, ('y00', 'y10'): 2, ('y00', 'y11'): 4, ('y00', 'y12'): 8, ('y01', 'y01'): -16.0, ('y01', 'y02'): 32, ('y01', 'y10'): 4, ('y01', 'y11'): 8, ('y01', 'y12'): 16, ('y02', 'y02'): -16.0, ('y02', 'y10'): 8, ('y02', 'y11'): 16, ('y02', 'y12'): 32, ('y10', 'y10'): -12.0, ('y10', 'y11'): 8, ('y10', 'y12'): 16, ('y11', 'y11'): -20.0, ('y11', 'y12'): 32, ('y12', 'y12'): -24.0, ('y20', 'y20'): -10.0, ('y20', 'y21'): 8, ('y20', 'y22'): 16, ('y21', 'y21'): -16.0, ('y21', 'y22'): 32, ('y22', 'y22'): -16.0, ('y00', 'y30'): 2, ('y00', 'y31'): 4, ('y00', 'y32'): 8, ('y01', 'y30'): 4, ('y01', 'y31'): 8, ('y01', 'y32'): 16, ('y02', 'y30'): 8, ('y02', 'y31'): 16, ('y02', 'y32'): 32, ('y30', 'y30'): -16.0, ('y30', 'y31'): 8, ('y30', 'y32'): 16, ('y31', 'y31'): -28.0, ('y31', 'y32'): 32, ('y32', 'y32'): -40.0, ('y10', 'y20'): 2, ('y10', 'y21'): 4, ('y10', 'y22'): 8, ('y10', 'y30'): 2, ('y10', 'y31'): 4, ('y10', 'y32'): 8, ('y11', 'y20'): 4, ('y11', 'y21'): 8, ('y11', 'y22'): 16, ('y11', 'y30'): 4, ('y11', 'y31'): 8, ('y11', 'y32'): 16, ('y12', 'y20'): 8, ('y12', 'y21'): 16, ('y12', 'y22'): 32, ('y12', 'y30'): 8, ('y12', 'y31'): 16, ('y12', 'y32'): 32, ('y20', 'y30'): 2, ('y20', 'y31'): 4, ('y20', 'y32'): 8, ('y21', 'y30'): 4, ('y21', 'y31'): 8, ('y21', 'y32'): 16, ('y22', 'y30'): 8, ('y22', 'y31'): 16, ('y22', 'y32'): 32}",46,285.99999999983083,"{'y00': [4196], 'y01': [4271, 2226], 'y02': [4181], 'y10': [2167], 'y11': [4286, 2197], 'y12': [2151, 4211, 2152], 'y20': [4331], 'y21': [2227, 4316], 'y22': [4346], 'y30': [2137, 4241, 2136], 'y31': [2182], 'y32': [4301, 2212]}",44251.00000000093,"{'y00': [708], 'y01': [12, 672], 'y02': [6, 732], 'y10': [30, 744], 'y11': [85, 84], 'y12': [42, 756], 'y20': [90], 'y21': [54, 714], 'y22': [696], 'y30': [66, 750], 'y31': [78, 720], 'y32': [684, 18]}",15918.999999996686
8,"[[0, 0, 1, 1], [0, 0, 0, 1], [1, 0, 0, 1], [1, 1, 1, 0]]",2,3,"{('y00', 'y00'): -16.0, ('y00', 'y01'): 8, ('y00', 'y02'): 16, ('y00', 'y10'): 2, ('y00', 'y11'): 4, ('y00', 'y12'): 8, ('y01', 'y01'): -28.0, ('y01', 'y02'): 32, ('y01', 'y10'): 4, ('y01', 'y11'): 8, ('y01', 'y12'): 16, ('y02', 'y02'): -40.0, ('y02', 'y10'): 8, ('y02', 'y11'): 16, ('y02', 'y12'): 32, ('y10', 'y10'): -20.0, ('y10', 'y11'): 8, ('y10', 'y12'): 16, ('y11', 'y11'): -36.0, ('y11', 'y12'): 32, ('y12', 'y12'): -56.0, ('y20', 'y20'): -16.0, ('y20', 'y21'): 8, ('y20', 'y22'): 16, ('y21', 'y21'): -28.0, ('y21', 'y22'): 32, ('y22', 'y22'): -40.0, ('y00', 'y30'): 2, ('y00', 'y31'): 4, ('y00', 'y32'): 8, ('y01', 'y30'): 4, ('y01', 'y31'): 8, ('y01', 'y32'): 16, ('y02', 'y30'): 8, ('y02', 'y31'): 16, ('y02', 'y32'): 32, ('y30', 'y30'): -26.0, ('y30', 'y31'): 8, ('y30', 'y32'): 16, ('y31', 'y31'): -48.0, ('y31', 'y32'): 32, ('y32', 'y32'): -80.0, ('y10', 'y20'): 2, ('y10', 'y21'): 4, ('y10', 'y22'): 8, ('y10', 'y30'): 2, ('y10', 'y31'): 4, ('y10', 'y32'): 8, ('y11', 'y20'): 4, ('y11', 'y21'): 8, ('y11', 'y22'): 16, ('y11', 'y30'): 4, ('y11', 'y31'): 8, ('y11', 'y32'): 16, ('y12', 'y20'): 8, ('y12', 'y21'): 16, ('y12', 'y22'): 32, ('y12', 'y30'): 8, ('y12', 'y31'): 16, ('y12', 'y32'): 32, ('y20', 'y30'): 2, ('y20', 'y31'): 4, ('y20', 'y32'): 8, ('y21', 'y30'): 4, ('y21', 'y31'): 8, ('y21', 'y32'): 16, ('y22', 'y30'): 8, ('y22', 'y31'): 16, ('y22', 'y32'): 32}",110,248.39999999990425,"{'y00': [530, 4022], 'y01': [3991, 3992], 'y02': [4006, 4007], 'y10': [4096, 440], 'y11': [4067, 455], 'y12': [485, 486], 'y20': [4111, 411], 'y21': [4037, 425], 'y22': [4081], 'y30': [4052, 470], 'y31': [4126, 396], 'y32': [500, 501]}",40224.00000000026,"{'y00': [1012], 'y01': [1048, 477], 'y02': [1018, 1017], 'y10': [412, 1036], 'y11': [448, 1054], 'y12': [388, 1096], 'y20': [436, 1102], 'y21': [1089, 1090], 'y22': [1084], 'y30': [465, 466], 'y31': [400, 1024], 'y32': [460]}",40880.00000001557
9,"[[0, 0, 1, 1], [0, 0, 0, 1], [1, 0, 0, 1], [1, 1, 1, 0]]",3,1,"{('y00', 'y00'): -8.0, ('y00', 'y01'): 8, ('y00', 'y02'): 16, ('y00', 'y10'): 2, ('y00', 'y11'): 4, ('y00', 'y12'): 8, ('y01', 'y01'): -12.0, ('y01', 'y02'): 32, ('y01', 'y10'): 4, ('y01', 'y11'): 8, ('y01', 'y12'): 16, ('y02', 'y02'): -8.0, ('y02', 'y10'): 8, ('y02', 'y11'): 16, ('y02', 'y12'): 32, ('y10', 'y10'): -8.0, ('y10', 'y11'): 8, ('y10', 'y12'): 16, ('y11', 'y11'): -12.0, ('y11', 'y12'): 32, ('y12', 'y12'): -8.0, ('y20', 'y20'): -8.0, ('y20', 'y21'): 8, ('y20', 'y22'): 16, ('y21', 'y21'): -12.0, ('y21', 'y22'): 32, ('y22', 'y22'): -8.0, ('y00', 'y30'): 2, ('y00', 'y31'): 4, ('y00', 'y32'): 8, ('y01', 'y30'): 4, ('y01', 'y31'): 8, ('y01', 'y32'): 16, ('y02', 'y30'): 8, ('y02', 'y31'): 16, ('y02', 'y32'): 32, ('y30', 'y30'): -10.0, ('y30', 'y31'): 8, ('y30', 'y32'): 16, ('y31', 'y31'): -16.0, ('y31', 'y32'): 32, ('y32', 'y32'): -16.0, ('y10', 'y20'): 2, ('y10', 'y21'): 4, ('y10', 'y22'): 8, ('y10', 'y30'): 2, ('y10', 'y31'): 4, ('y10', 'y32'): 8, ('y11', 'y20'): 4, ('y11', 'y21'): 8, ('y11', 'y22'): 16, ('y11', 'y30'): 4, ('y11', 'y31'): 8, ('y11', 'y32'): 16, ('y12', 'y20'): 8, ('y12', 'y21'): 16, ('y12', 'y22'): 32, ('y12', 'y30'): 8, ('y12', 'y31'): 16, ('y12', 'y32'): 32, ('y20', 'y30'): 2, ('y20', 'y31'): 4, ('y20', 'y32'): 8, ('y21', 'y30'): 4, ('y21', 'y31'): 8, ('y21', 'y32'): 16, ('y22', 'y30'): 8, ('y22', 'y31'): 16, ('y22', 'y32'): 32}",26,246.20000000012965,"{'y00': [4634], 'y01': [4694, 2754], 'y02': [4649], 'y10': [4709, 2709], 'y11': [2740, 2739, 4829], 'y12': [4814, 2724, 2725], 'y20': [4739, 2679], 'y21': [4679], 'y22': [4664], 'y30': [2768, 2769], 'y31': [2783, 2784], 'y32': [4724, 2694]}",36633.00000000014,"{'y00': [445], 'y01': [808, 433], 'y02': [742], 'y10': [790, 493], 'y11': [469, 784], 'y12': [451, 450], 'y20': [730], 'y21': [754, 517], 'y22': [505, 814], 'y30': [457, 748], 'y31': [802, 481], 'y32': [766, 510]}",26859.000000001743
10,"[[0, 0, 1, 1], [0, 0, 0, 1], [1, 0, 0, 1], [1, 1, 1, 0]]",3,2,"{('y00', 'y00'): -14.0, ('y00', 'y01'): 8, ('y00', 'y02'): 16, ('y00', 'y10'): 2, ('y00', 'y11'): 4, ('y00', 'y12'): 8, ('y01', 'y01'): -24.0, ('y01', 'y02'): 32, ('y01', 'y10'): 4, ('y01', 'y11'): 8, ('y01', 'y12'): 16, ('y02', 'y02'): -32.0, ('y02', 'y10'): 8, ('y02', 'y11'): 16, ('y02', 'y12'): 32, ('y10', 'y10'): -16.0, ('y10', 'y11'): 8, ('y10', 'y12'): 16, ('y11', 'y11'): -28.0, ('y11', 'y12'): 32, ('y12', 'y12'): -40.0, ('y20', 'y20'): -14.0, ('y20', 'y21'): 8, ('y20', 'y22'): 16, ('y21', 'y21'): -24.0, ('y21', 'y22'): 32, ('y22', 'y22'): -32.0, ('y00', 'y30'): 2, ('y00', 'y31'): 4, ('y00', 'y32'): 8, ('y01', 'y30'): 4, ('y01', 'y31'): 8, ('y01', 'y32'): 16, ('y02', 'y30'): 8, ('y02', 'y31'): 16, ('y02', 'y32'): 32, ('y30', 'y30'): -20.0, ('y30', 'y31'): 8, ('y30', 'y32'): 16, ('y31', 'y31'): -36.0, ('y31', 'y32'): 32, ('y32', 'y32'): -56.0, ('y10', 'y20'): 2, ('y10', 'y21'): 4, ('y10', 'y22'): 8, ('y10', 'y30'): 2, ('y10', 'y31'): 4, ('y10', 'y32'): 8, ('y11', 'y20'): 4, ('y11', 'y21'): 8, ('y11', 'y22'): 16, ('y11', 'y30'): 4, ('y11', 'y31'): 8, ('y11', 'y32'): 16, ('y12', 'y20'): 8, ('y12', 'y21'): 16, ('y12', 'y22'): 32, ('y12', 'y30'): 8, ('y12', 'y31'): 16, ('y12', 'y32'): 32, ('y20', 'y30'): 2, ('y20', 'y31'): 4, ('y20', 'y32'): 8, ('y21', 'y30'): 4, ('y21', 'y31'): 8, ('y21', 'y32'): 16, ('y22', 'y30'): 8, ('y22', 'y31'): 16, ('y22', 'y32'): 32}",74,291.6000000002583,"{'y00': [1336, 1337], 'y01': [1307, 3276], 'y02': [1322, 1321], 'y10': [3396, 1292], 'y11': [1217, 3441], 'y12': [3426, 1202], 'y20': [1262, 3381], 'y21': [1232], 'y22': [1247], 'y30': [3337, 3336], 'y31': [1277, 3411], 'y32': [3351, 3352]}",45753.99999999874,"{'y00': [237, 1034], 'y01': [201, 1010], 'y02': [998], 'y10': [256, 255], 'y11': [261], 'y12': [285, 1052], 'y20': [986], 'y21': [992], 'y22': [243, 974], 'y30': [962, 279], 'y31': [1028, 249], 'y32': [1046, 273]}",35631.99999996414
11,"[[0, 0, 1, 1], [0, 0, 0, 1], [1, 0, 0, 1], [1, 1, 1, 0]]",3,3,"{('y00', 'y00'): -20.0, ('y00', 'y01'): 8, ('y00', 'y02'): 16, ('y00', 'y03'): 32, ('y00', 'y10'): 2, ('y00', 'y11'): 4, ('y00', 'y12'): 8, ('y00', 'y13'): 16, ('y01', 'y01'): -36.0, ('y01', 'y02'): 32, ('y01', 'y03'): 64, ('y01', 'y10'): 4, ('y01', 'y11'): 8, ('y01', 'y12'): 16, ('y01', 'y13'): 32, ('y02', 'y02'): -56.0, ('y02', 'y03'): 128, ('y02', 'y10'): 8, ('y02', 'y11'): 16, ('y02', 'y12'): 32, ('y02', 'y13'): 64, ('y03', 'y03'): -48.0, ('y03', 'y10'): 16, ('y03', 'y11'): 32, ('y03', 'y12'): 64, ('y03', 'y13'): 128, ('y10', 'y10'): -24.0, ('y10', 'y11'): 8, ('y10', 'y12'): 16, ('y10', 'y13'): 32, ('y11', 'y11'): -44.0, ('y11', 'y12'): 32, ('y11', 'y13'): 64, ('y12', 'y12'): -72.0, ('y12', 'y13'): 128, ('y13', 'y13'): -80.0, ('y20', 'y20'): -20.0, ('y20', 'y21'): 8, ('y20', 'y22'): 16, ('y20', 'y23'): 32, ('y21', 'y21'): -36.0, ('y21', 'y22'): 32, ('y21', 'y23'): 64, ('y22', 'y22'): -56.0, ('y22', 'y23'): 128, ('y23', 'y23'): -48.0, ('y00', 'y30'): 2, ('y00', 'y31'): 4, ('y00', 'y32'): 8, ('y00', 'y33'): 16, ('y01', 'y30'): 4, ('y01', 'y31'): 8, ('y01', 'y32'): 16, ('y01', 'y33'): 32, ('y02', 'y30'): 8, ('y02', 'y31'): 16, ('y02', 'y32'): 32, ('y02', 'y33'): 64, ('y03', 'y30'): 16, ('y03', 'y31'): 32, ('y03', 'y32'): 64, ('y03', 'y33'): 128, ('y30', 'y30'): -30.0, ('y30', 'y31'): 8, ('y30', 'y32'): 16, ('y30', 'y33'): 32, ('y31', 'y31'): -56.0, ('y31', 'y32'): 32, ('y31', 'y33'): 64, ('y32', 'y32'): -96.0, ('y32', 'y33'): 128, ('y33', 'y33'): -128.0, ('y10', 'y20'): 2, ('y10', 'y21'): 4, ('y10', 'y22'): 8, ('y10', 'y23'): 16, ('y10', 'y30'): 2, ('y10', 'y31'): 4, ('y10', 'y32'): 8, ('y10', 'y33'): 16, ('y11', 'y20'): 4, ('y11', 'y21'): 8, ('y11', 'y22'): 16, ('y11', 'y23'): 32, ('y11', 'y30'): 4, ('y11', 'y31'): 8, ('y11', 'y32'): 16, ('y11', 'y33'): 32, ('y12', 'y20'): 8, ('y12', 'y21'): 16, ('y12', 'y22'): 32, ('y12', 'y23'): 64, ('y12', 'y30'): 8, ('y12', 'y31'): 16, ('y12', 'y32'): 32, ('y12', 'y33'): 64, ('y13', 'y20'): 16, ('y13', 'y21'): 32, ('y13', 'y22'): 64, ('y13', 'y23'): 128, ('y13', 'y30'): 16, ('y13', 'y31'): 32, ('y13', 'y32'): 64, ('y13', 'y33'): 128, ('y20', 'y30'): 2, ('y20', 'y31'): 4, ('y20', 'y32'): 8, ('y20', 'y33'): 16, ('y21', 'y30'): 4, ('y21', 'y31'): 8, ('y21', 'y32'): 16, ('y21', 'y33'): 32, ('y22', 'y30'): 8, ('y22', 'y31'): 16, ('y22', 'y32'): 32, ('y22', 'y33'): 64, ('y23', 'y30'): 16, ('y23', 'y31'): 32, ('y23', 'y32'): 64, ('y23', 'y33'): 128}",150,221.7999999999165,"{'y00': [5433, 764], 'y01': [5553, 719], 'y02': [749], 'y03': [734], 'y10': [5537, 5538], 'y11': [5448, 5447, 779], 'y12': [5493, 5494, 674], 'y13': [718, 5463, 584], 'y20': [614, 613], 'y21': [5432, 599], 'y22': [5552, 569], 'y23': [628, 629], 'y30': [5568, 854, 5567], 'y31': [689, 5597, 5598], 'y32': [5522, 5523], 'y33': [554, 5583, 5582]}",86401,"{'y00': [794, 271], 'y01': [770, 259], 'y02': [806], 'y03': [223, 782], 'y10': [234, 235], 'y11': [751, 205], 'y12': [758, 277], 'y13': [211, 210, 787], 'y20': [763, 222], 'y21': [198, 739], 'y22': [727, 193], 'y23': [746], 'y30': [229], 'y31': [811, 217], 'y32': [265, 722], 'y33': [253, 734]}",45082.99999997689
12,"[[0, 0, 1, 1], [0, 0, 1, 1], [1, 1, 0, 0], [1, 1, 0, 0]]",2,1,"{('y00', 'y00'): 0.0, ('y00', 'y01'): 8, ('y00', 'y10'): 2, ('y00', 'y11'): 4, ('y01', 'y01'): 4.0, ('y01', 'y10'): 4, ('y01', 'y11'): 8, ('y10', 'y10'): -2.0, ('y10', 'y11'): 8, ('y11', 'y11'): 0.0, ('y20', 'y20'): -6.0, ('y20', 'y21'): 8, ('y20', 'y30'): 2, ('y20', 'y31'): 4, ('y21', 'y21'): -8.0, ('y21', 'y30'): 4, ('y21', 'y31'): 8, ('y30', 'y30'): -8.0, ('y30', 'y31'): 8, ('y31', 'y31'): -12.0, ('y00', 'y20'): 2, ('y00', 'y21'): 4, ('y01', 'y20'): 4, ('y01', 'y21'): 8, ('y10', 'y30'): 2, ('y10', 'y31'): 4, ('y11', 'y30'): 4, ('y11', 'y31'): 8}",14,149.60000000030504,"{'y00': [1339], 'y01': [1324], 'y10': [3862], 'y11': [3847], 'y20': [3877], 'y21': [3892], 'y30': [1445], 'y31': [1460]}",15811.00000000113,"{'y00': [777, 776], 'y01': [771], 'y10': [349], 'y11': [355], 'y20': [325], 'y21': [331], 'y30': [783], 'y31': [367, 807]}",7323.999999982789
13,"[[0, 0, 1, 1], [0, 0, 1, 1], [1, 1, 0, 0], [1, 1, 0, 0]]",2,2,"{('y00', 'y00'): -2.0, ('y00', 'y01'): 8, ('y00', 'y02'): 16, ('y00', 'y10'): 2, ('y00', 'y11'): 4, ('y00', 'y12'): 8, ('y01', 'y01'): 0.0, ('y01', 'y02'): 32, ('y01', 'y10'): 4, ('y01', 'y11'): 8, ('y01', 'y12'): 16, ('y02', 'y02'): 16.0, ('y02', 'y10'): 8, ('y02', 'y11'): 16, ('y02', 'y12'): 32, ('y10', 'y10'): -6.0, ('y10', 'y11'): 8, ('y10', 'y12'): 16, ('y11', 'y11'): -8.0, ('y11', 'y12'): 32, ('y12', 'y12'): 0.0, ('y20', 'y20'): -14.0, ('y20', 'y21'): 8, ('y20', 'y22'): 16, ('y20', 'y30'): 2, ('y20', 'y31'): 4, ('y20', 'y32'): 8, ('y21', 'y21'): -24.0, ('y21', 'y22'): 32, ('y21', 'y30'): 4, ('y21', 'y31'): 8, ('y21', 'y32'): 16, ('y22', 'y22'): -32.0, ('y22', 'y30'): 8, ('y22', 'y31'): 16, ('y22', 'y32'): 32, ('y30', 'y30'): -18.0, ('y30', 'y31'): 8, ('y30', 'y32'): 16, ('y31', 'y31'): -32.0, ('y31', 'y32'): 32, ('y32', 'y32'): -48.0, ('y00', 'y20'): 2, ('y00', 'y21'): 4, ('y00', 'y22'): 8, ('y01', 'y20'): 4, ('y01', 'y21'): 8, ('y01', 'y22'): 16, ('y02', 'y20'): 8, ('y02', 'y21'): 16, ('y02', 'y22'): 32, ('y10', 'y30'): 2, ('y10', 'y31'): 4, ('y10', 'y32'): 8, ('y11', 'y30'): 4, ('y11', 'y31'): 8, ('y11', 'y32'): 16, ('y12', 'y30'): 8, ('y12', 'y31'): 16, ('y12', 'y32'): 32}",56,167.19999999992297,"{'y00': [5067], 'y01': [5097, 2411], 'y02': [5052], 'y10': [2336, 4962], 'y11': [2306], 'y12': [2291], 'y20': [2352, 2351], 'y21': [2366, 2367], 'y22': [2276, 5142], 'y30': [5112], 'y31': [5127], 'y32': [2261, 5082]}",36612.99999999912,"{'y00': [615], 'y01': [603, 1007], 'y02': [555, 995], 'y10': [935, 608], 'y11': [947], 'y12': [959, 572], 'y20': [591, 923], 'y21': [971], 'y22': [621, 983], 'y30': [543], 'y31': [548, 549], 'y32': [1001, 531]}",16728.00000000052
14,"[[0, 0, 1, 1], [0, 0, 1, 1], [1, 1, 0, 0], [1, 1, 0, 0]]",2,3,"{('y00', 'y00'): -4.0, ('y00', 'y01'): 8, ('y00', 'y02'): 16, ('y00', 'y10'): 2, ('y00', 'y11'): 4, ('y00', 'y12'): 8, ('y01', 'y01'): -4.0, ('y01', 'y02'): 32, ('y01', 'y10'): 4, ('y01', 'y11'): 8, ('y01', 'y12'): 16, ('y02', 'y02'): 8.0, ('y02', 'y10'): 8, ('y02', 'y11'): 16, ('y02', 'y12'): 32, ('y10', 'y10'): -10.0, ('y10', 'y11'): 8, ('y10', 'y12'): 16, ('y11', 'y11'): -16.0, ('y11', 'y12'): 32, ('y12', 'y12'): -16.0, ('y20', 'y20'): -22.0, ('y20', 'y21'): 8, ('y20', 'y22'): 16, ('y20', 'y30'): 2, ('y20', 'y31'): 4, ('y20', 'y32'): 8, ('y21', 'y21'): -40.0, ('y21', 'y22'): 32, ('y21', 'y30'): 4, ('y21', 'y31'): 8, ('y21', 'y32'): 16, ('y22', 'y22'): -64.0, ('y22', 'y30'): 8, ('y22', 'y31'): 16, ('y22', 'y32'): 32, ('y30', 'y30'): -28.0, ('y30', 'y31'): 8, ('y30', 'y32'): 16, ('y31', 'y31'): -52.0, ('y31', 'y32'): 32, ('y32', 'y32'): -88.0, ('y00', 'y20'): 2, ('y00', 'y21'): 4, ('y00', 'y22'): 8, ('y01', 'y20'): 4, ('y01', 'y21'): 8, ('y01', 'y22'): 16, ('y02', 'y20'): 8, ('y02', 'y21'): 16, ('y02', 'y22'): 32, ('y10', 'y30'): 2, ('y10', 'y31'): 4, ('y10', 'y32'): 8, ('y11', 'y30'): 4, ('y11', 'y31'): 8, ('y11', 'y32'): 16, ('y12', 'y30'): 8, ('y12', 'y31'): 16, ('y12', 'y32'): 32}",126,168.99999999964166,"{'y00': [3159, 1816], 'y01': [1801, 3174], 'y02': [3249], 'y10': [1756], 'y11': [1741], 'y12': [3264, 1876], 'y20': [1726, 1725], 'y21': [3309, 1771], 'y22': [1711, 1710], 'y30': [3294], 'y31': [3324, 1786], 'y32': [3279]}",31031.00000000048,"{'y00': [927], 'y01': [932], 'y02': [944, 291], 'y10': [308, 920], 'y11': [327], 'y12': [332], 'y20': [320], 'y21': [939, 303], 'y22': [315], 'y30': [956], 'y31': [296, 915], 'y32': [951]}",35496.00000002328
15,"[[0, 0, 1, 1], [0, 0, 1, 1], [1, 1, 0, 0], [1, 1, 0, 0]]",3,1,"{('y00', 'y00'): -4.0, ('y00', 'y01'): 8, ('y00', 'y02'): 16, ('y00', 'y10'): 2, ('y00', 'y11'): 4, ('y00', 'y12'): 8, ('y01', 'y01'): -4.0, ('y01', 'y02'): 32, ('y01', 'y10'): 4, ('y01', 'y11'): 8, ('y01', 'y12'): 16, ('y02', 'y02'): 8.0, ('y02', 'y10'): 8, ('y02', 'y11'): 16, ('y02', 'y12'): 32, ('y10', 'y10'): -6.0, ('y10', 'y11'): 8, ('y10', 'y12'): 16, ('y11', 'y11'): -8.0, ('y11', 'y12'): 32, ('y12', 'y12'): 0.0, ('y20', 'y20'): -10.0, ('y20', 'y21'): 8, ('y20', 'y22'): 16, ('y20', 'y30'): 2, ('y20', 'y31'): 4, ('y20', 'y32'): 8, ('y21', 'y21'): -16.0, ('y21', 'y22'): 32, ('y21', 'y30'): 4, ('y21', 'y31'): 8, ('y21', 'y32'): 16, ('y22', 'y22'): -16.0, ('y22', 'y30'): 8, ('y22', 'y31'): 16, ('y22', 'y32'): 32, ('y30', 'y30'): -12.0, ('y30', 'y31'): 8, ('y30', 'y32'): 16, ('y31', 'y31'): -20.0, ('y31', 'y32'): 32, ('y32', 'y32'): -24.0, ('y00', 'y20'): 2, ('y00', 'y21'): 4, ('y00', 'y22'): 8, ('y01', 'y20'): 4, ('y01', 'y21'): 8, ('y01', 'y22'): 16, ('y02', 'y20'): 8, ('y02', 'y21'): 16, ('y02', 'y22'): 32, ('y10', 'y30'): 2, ('y10', 'y31'): 4, ('y10', 'y32'): 8, ('y11', 'y30'): 4, ('y11', 'y31'): 8, ('y11', 'y32'): 16, ('y12', 'y30'): 8, ('y12', 'y31'): 16, ('y12', 'y32'): 32}",30,240.0000000005065,"{'y00': [4397, 4398], 'y01': [4367, 563], 'y02': [548, 4352], 'y10': [517, 4307], 'y11': [607], 'y12': [622], 'y20': [4382, 457], 'y21': [502], 'y22': [487], 'y30': [4322], 'y31': [4337], 'y32': [4291, 532, 4292]}",33037.000000000204,"{'y00': [176], 'y01': [895, 152], 'y02': [188, 883], 'y10': [949], 'y11': [943, 147], 'y12': [955], 'y20': [207, 931], 'y21': [171, 937], 'y22': [919], 'y30': [159], 'y31': [164], 'y32': [925, 183]}",29365.999999981796
16,"[[0, 0, 1, 1], [0, 0, 1, 1], [1, 1, 0, 0], [1, 1, 0, 0]]",3,2,"{('y00', 'y00'): -6.0, ('y00', 'y01'): 8, ('y00', 'y02'): 16, ('y00', 'y10'): 2, ('y00', 'y11'): 4, ('y00', 'y12'): 8, ('y01', 'y01'): -8.0, ('y01', 'y02'): 32, ('y01', 'y10'): 4, ('y01', 'y11'): 8, ('y01', 'y12'): 16, ('y02', 'y02'): 0.0, ('y02', 'y10'): 8, ('y02', 'y11'): 16, ('y02', 'y12'): 32, ('y10', 'y10'): -10.0, ('y10', 'y11'): 8, ('y10', 'y12'): 16, ('y11', 'y11'): -16.0, ('y11', 'y12'): 32, ('y12', 'y12'): -16.0, ('y20', 'y20'): -18.0, ('y20', 'y21'): 8, ('y20', 'y22'): 16, ('y20', 'y30'): 2, ('y20', 'y31'): 4, ('y20', 'y32'): 8, ('y21', 'y21'): -32.0, ('y21', 'y22'): 32, ('y21', 'y30'): 4, ('y21', 'y31'): 8, ('y21', 'y32'): 16, ('y22', 'y22'): -48.0, ('y22', 'y30'): 8, ('y22', 'y31'): 16, ('y22', 'y32'): 32, ('y30', 'y30'): -22.0, ('y30', 'y31'): 8, ('y30', 'y32'): 16, ('y31', 'y31'): -40.0, ('y31', 'y32'): 32, ('y32', 'y32'): -64.0, ('y00', 'y20'): 2, ('y00', 'y21'): 4, ('y00', 'y22'): 8, ('y01', 'y20'): 4, ('y01', 'y21'): 8, ('y01', 'y22'): 16, ('y02', 'y20'): 8, ('y02', 'y21'): 16, ('y02', 'y22'): 32, ('y10', 'y30'): 2, ('y10', 'y31'): 4, ('y10', 'y32'): 8, ('y11', 'y30'): 4, ('y11', 'y31'): 8, ('y11', 'y32'): 16, ('y12', 'y30'): 8, ('y12', 'y31'): 16, ('y12', 'y32'): 32}",84,214.20000000063047,"{'y00': [5440], 'y01': [5455], 'y02': [5485, 1903], 'y10': [1963], 'y11': [1933, 5470], 'y12': [1978], 'y20': [2068, 5410], 'y21': [5335, 1948], 'y22': [2008, 2009], 'y30': [5395, 5394], 'y31': [1993, 5320], 'y32': [5425, 2053]}",36053.00000000078,"{'y00': [961], 'y01': [967], 'y02': [147, 1003], 'y10': [177], 'y11': [171], 'y12': [997, 165], 'y20': [979, 159], 'y21': [183], 'y22': [189], 'y30': [985], 'y31': [141, 973], 'y32': [990, 991]}",22088.99999999403
17,"[[0, 0, 1, 1], [0, 0, 1, 1], [1, 1, 0, 0], [1, 1, 0, 0]]",3,3,"{('y00', 'y00'): -8.0, ('y00', 'y01'): 8, ('y00', 'y02'): 16, ('y00', 'y03'): 32, ('y00', 'y10'): 2, ('y00', 'y11'): 4, ('y00', 'y12'): 8, ('y00', 'y13'): 16, ('y01', 'y01'): -12.0, ('y01', 'y02'): 32, ('y01', 'y03'): 64, ('y01', 'y10'): 4, ('y01', 'y11'): 8, ('y01', 'y12'): 16, ('y01', 'y13'): 32, ('y02', 'y02'): -8.0, ('y02', 'y03'): 128, ('y02', 'y10'): 8, ('y02', 'y11'): 16, ('y02', 'y12'): 32, ('y02', 'y13'): 64, ('y03', 'y03'): 48.0, ('y03', 'y10'): 16, ('y03', 'y11'): 32, ('y03', 'y12'): 64, ('y03', 'y13'): 128, ('y10', 'y10'): -14.0, ('y10', 'y11'): 8, ('y10', 'y12'): 16, ('y10', 'y13'): 32, ('y11', 'y11'): -24.0, ('y11', 'y12'): 32, ('y11', 'y13'): 64, ('y12', 'y12'): -32.0, ('y12', 'y13'): 128, ('y13', 'y13'): 0.0, ('y20', 'y20'): -26.0, ('y20', 'y21'): 8, ('y20', 'y22'): 16, ('y20', 'y23'): 32, ('y20', 'y30'): 2, ('y20', 'y31'): 4, ('y20', 'y32'): 8, ('y20', 'y33'): 16, ('y21', 'y21'): -48.0, ('y21', 'y22'): 32, ('y21', 'y23'): 64, ('y21', 'y30'): 4, ('y21', 'y31'): 8, ('y21', 'y32'): 16, ('y21', 'y33'): 32, ('y22', 'y22'): -80.0, ('y22', 'y23'): 128, ('y22', 'y30'): 8, ('y22', 'y31'): 16, ('y22', 'y32'): 32, ('y22', 'y33'): 64, ('y23', 'y23'): -96.0, ('y23', 'y30'): 16, ('y23', 'y31'): 32, ('y23', 'y32'): 64, ('y23', 'y33'): 128, ('y30', 'y30'): -32.0, ('y30', 'y31'): 8, ('y30', 'y32'): 16, ('y30', 'y33'): 32, ('y31', 'y31'): -60.0, ('y31', 'y32'): 32, ('y31', 'y33'): 64, ('y32', 'y32'): -104.0, ('y32', 'y33'): 128, ('y33', 'y33'): -144.0, ('y00', 'y20'): 2, ('y00', 'y21'): 4, ('y00', 'y22'): 8, ('y00', 'y23'): 16, ('y01', 'y20'): 4, ('y01', 'y21'): 8, ('y01', 'y22'): 16, ('y01', 'y23'): 32, ('y02', 'y20'): 8, ('y02', 'y21'): 16, ('y02', 'y22'): 32, ('y02', 'y23'): 64, ('y03', 'y20'): 16, ('y03', 'y21'): 32, ('y03', 'y22'): 64, ('y03', 'y23'): 128, ('y10', 'y30'): 2, ('y10', 'y31'): 4, ('y10', 'y32'): 8, ('y10', 'y33'): 16, ('y11', 'y30'): 4, ('y11', 'y31'): 8, ('y11', 'y32'): 16, ('y11', 'y33'): 32, ('y12', 'y30'): 8, ('y12', 'y31'): 16, ('y12', 'y32'): 32, ('y12', 'y33'): 64, ('y13', 'y30'): 16, ('y13', 'y31'): 32, ('y13', 'y32'): 64, ('y13', 'y33'): 128}",166,297.9999999997318,"{'y00': [1019, 5675], 'y01': [974], 'y02': [989], 'y03': [5719, 1004], 'y10': [5630, 5629], 'y11': [1169, 5585, 5584], 'y12': [5660, 5659, 1064], 'y13': [5614, 5615], 'y20': [5569, 5568], 'y21': [5645, 869, 5644], 'y22': [5554, 5553], 'y23': [854, 5599, 5600], 'y30': [1034], 'y31': [1049], 'y32': [899, 5539], 'y33': [5524, 884]}",70577.00000000012,"{'y00': [1041, 400], 'y01': [388, 387], 'y02': [393], 'y03': [1017, 424], 'y10': [1024, 453], 'y11': [1036, 436], 'y12': [1048], 'y13': [1012, 460], 'y20': [981, 369], 'y21': [1005, 357], 'y22': [1053], 'y23': [381, 1029], 'y30': [417], 'y31': [411, 412], 'y32': [976, 429], 'y33': [405, 988]}",54940.99999998525
18,"[[0, 0, 1, 1], [0, 0, 1, 1], [1, 1, 0, 1], [1, 1, 1, 0]]",2,1,"{('y00', 'y00'): 0.0, ('y00', 'y01'): 8, ('y00', 'y10'): 2, ('y00', 'y11'): 4, ('y01', 'y01'): 4.0, ('y01', 'y10'): 4, ('y01', 'y11'): 8, ('y10', 'y10'): -2.0, ('y10', 'y11'): 8, ('y11', 'y11'): 0.0, ('y20', 'y20'): -2.0, ('y20', 'y21'): 8, ('y20', 'y30'): 2, ('y20', 'y31'): 4, ('y21', 'y21'): 0.0, ('y21', 'y30'): 4, ('y21', 'y31'): 8, ('y30', 'y30'): -4.0, ('y30', 'y31'): 8, ('y31', 'y31'): -4.0, ('y00', 'y20'): 2, ('y00', 'y21'): 4, ('y00', 'y40'): 2, ('y00', 'y41'): 4, ('y01', 'y20'): 4, ('y01', 'y21'): 8, ('y01', 'y40'): 4, ('y01', 'y41'): 8, ('y20', 'y40'): 2, ('y20', 'y41'): 4, ('y21', 'y40'): 4, ('y21', 'y41'): 8, ('y40', 'y40'): -4.0, ('y40', 'y41'): 8, ('y41', 'y41'): -4.0, ('y10', 'y30'): 2, ('y10', 'y31'): 4, ('y10', 'y40'): 2, ('y10', 'y41'): 4, ('y11', 'y30'): 4, ('y11', 'y31'): 8, ('y11', 'y40'): 4, ('y11', 'y41'): 8, ('y30', 'y40'): 2, ('y30', 'y41'): 4, ('y31', 'y40'): 4, ('y31', 'y41'): 8}",6,138.60000000001094,"{'y00': [3973], 'y01': [3988], 'y10': [2540], 'y11': [2525], 'y20': [2570], 'y21': [2555], 'y30': [2660, 3913], 'y31': [3943], 'y40': [3928, 2495], 'y41': [3958, 2600]}",26892.00000000014,"{'y00': [1132], 'y01': [1138], 'y10': [461], 'y11': [466], 'y20': [473], 'y21': [478], 'y30': [1120], 'y31': [1126], 'y40': [442, 1114], 'y41': [437, 1108]}",9797
19,"[[0, 0, 1, 1], [0, 0, 1, 1], [1, 1, 0, 1], [1, 1, 1, 0]]",2,2,"{('y00', 'y00'): -4.0, ('y00', 'y01'): 8, ('y00', 'y02'): 16, ('y00', 'y10'): 2, ('y00', 'y11'): 4, ('y00', 'y12'): 8, ('y01', 'y01'): -4.0, ('y01', 'y02'): 32, ('y01', 'y10'): 4, ('y01', 'y11'): 8, ('y01', 'y12'): 16, ('y02', 'y02'): 8.0, ('y02', 'y10'): 8, ('y02', 'y11'): 16, ('y02', 'y12'): 32, ('y10', 'y10'): -8.0, ('y10', 'y11'): 8, ('y10', 'y12'): 16, ('y11', 'y11'): -12.0, ('y11', 'y12'): 32, ('y12', 'y12'): -8.0, ('y20', 'y20'): -8.0, ('y20', 'y21'): 8, ('y20', 'y22'): 16, ('y20', 'y30'): 2, ('y20', 'y31'): 4, ('y20', 'y32'): 8, ('y21', 'y21'): -12.0, ('y21', 'y22'): 32, ('y21', 'y30'): 4, ('y21', 'y31'): 8, ('y21', 'y32'): 16, ('y22', 'y22'): -8.0, ('y22', 'y30'): 8, ('y22', 'y31'): 16, ('y22', 'y32'): 32, ('y30', 'y30'): -12.0, ('y30', 'y31'): 8, ('y30', 'y32'): 16, ('y31', 'y31'): -20.0, ('y31', 'y32'): 32, ('y32', 'y32'): -24.0, ('y00', 'y20'): 2, ('y00', 'y21'): 4, ('y00', 'y22'): 8, ('y00', 'y40'): 2, ('y00', 'y41'): 4, ('y00', 'y42'): 8, ('y01', 'y20'): 4, ('y01', 'y21'): 8, ('y01', 'y22'): 16, ('y01', 'y40'): 4, ('y01', 'y41'): 8, ('y01', 'y42'): 16, ('y02', 'y20'): 8, ('y02', 'y21'): 16, ('y02', 'y22'): 32, ('y02', 'y40'): 8, ('y02', 'y41'): 16, ('y02', 'y42'): 32, ('y20', 'y40'): 2, ('y20', 'y41'): 4, ('y20', 'y42'): 8, ('y21', 'y40'): 4, ('y21', 'y41'): 8, ('y21', 'y42'): 16, ('y22', 'y40'): 8, ('y22', 'y41'): 16, ('y22', 'y42'): 32, ('y40', 'y40'): -14.0, ('y40', 'y41'): 8, ('y40', 'y42'): 16, ('y41', 'y41'): -24.0, ('y41', 'y42'): 32, ('y42', 'y42'): -32.0, ('y10', 'y30'): 2, ('y10', 'y31'): 4, ('y10', 'y32'): 8, ('y10', 'y40'): 2, ('y10', 'y41'): 4, ('y10', 'y42'): 8, ('y11', 'y30'): 4, ('y11', 'y31'): 8, ('y11', 'y32'): 16, ('y11', 'y40'): 4, ('y11', 'y41'): 8, ('y11', 'y42'): 16, ('y12', 'y30'): 8, ('y12', 'y31'): 16, ('y12', 'y32'): 32, ('y12', 'y40'): 8, ('y12', 'y41'): 16, ('y12', 'y42'): 32, ('y30', 'y40'): 2, ('y30', 'y41'): 4, ('y30', 'y42'): 8, ('y31', 'y40'): 4, ('y31', 'y41'): 8, ('y31', 'y42'): 16, ('y32', 'y40'): 8, ('y32', 'y41'): 16, ('y32', 'y42'): 32}",38,176.59999999999343,"{'y00': [154, 153, 3825], 'y01': [3676, 3675], 'y02': [3660, 3661], 'y10': [168, 169], 'y11': [3690, 364, 3691], 'y12': [184, 3780], 'y20': [258, 259], 'y21': [3735, 288], 'y22': [243, 244], 'y30': [3706, 3705], 'y31': [229, 3795], 'y32': [3750, 304], 'y40': [3720, 273], 'y41': [199, 3765], 'y42': [214, 3630]}",66229.99999999913,"{'y00': [274, 273], 'y01': [196, 1094], 'y02': [268], 'y10': [1070], 'y11': [1075, 1076], 'y12': [1022, 208], 'y20': [220, 1010], 'y21': [1058], 'y22': [1063, 1064], 'y30': [256, 1028], 'y31': [244], 'y32': [249, 250], 'y40': [1082, 238], 'y41': [232, 1046], 'y42': [1034, 280]}",73340.00000003015
20,"[[0, 0, 1, 1], [0, 0, 1, 1], [1, 1, 0, 1], [1, 1, 1, 0]]",2,3,"{('y00', 'y00'): -8.0, ('y00', 'y01'): 8, ('y00', 'y02'): 16, ('y00', 'y10'): 2, ('y00', 'y11'): 4, ('y00', 'y12'): 8, ('y01', 'y01'): -12.0, ('y01', 'y02'): 32, ('y01', 'y10'): 4, ('y01', 'y11'): 8, ('y01', 'y12'): 16, ('y02', 'y02'): -8.0, ('y02', 'y10'): 8, ('y02', 'y11'): 16, ('y02', 'y12'): 32, ('y10', 'y10'): -14.0, ('y10', 'y11'): 8, ('y10', 'y12'): 16, ('y11', 'y11'): -24.0, ('y11', 'y12'): 32, ('y12', 'y12'): -32.0, ('y20', 'y20'): -14.0, ('y20', 'y21'): 8, ('y20', 'y22'): 16, ('y20', 'y30'): 2, ('y20', 'y31'): 4, ('y20', 'y32'): 8, ('y21', 'y21'): -24.0, ('y21', 'y22'): 32, ('y21', 'y30'): 4, ('y21', 'y31'): 8, ('y21', 'y32'): 16, ('y22', 'y22'): -32.0, ('y22', 'y30'): 8, ('y22', 'y31'): 16, ('y22', 'y32'): 32, ('y30', 'y30'): -20.0, ('y30', 'y31'): 8, ('y30', 'y32'): 16, ('y31', 'y31'): -36.0, ('y31', 'y32'): 32, ('y32', 'y32'): -56.0, ('y00', 'y20'): 2, ('y00', 'y21'): 4, ('y00', 'y22'): 8, ('y00', 'y40'): 2, ('y00', 'y41'): 4, ('y00', 'y42'): 8, ('y01', 'y20'): 4, ('y01', 'y21'): 8, ('y01', 'y22'): 16, ('y01', 'y40'): 4, ('y01', 'y41'): 8, ('y01', 'y42'): 16, ('y02', 'y20'): 8, ('y02', 'y21'): 16, ('y02', 'y22'): 32, ('y02', 'y40'): 8, ('y02', 'y41'): 16, ('y02', 'y42'): 32, ('y20', 'y40'): 2, ('y20', 'y41'): 4, ('y20', 'y42'): 8, ('y21', 'y40'): 4, ('y21', 'y41'): 8, ('y21', 'y42'): 16, ('y22', 'y40'): 8, ('y22', 'y41'): 16, ('y22', 'y42'): 32, ('y40', 'y40'): -24.0, ('y40', 'y41'): 8, ('y40', 'y42'): 16, ('y41', 'y41'): -44.0, ('y41', 'y42'): 32, ('y42', 'y42'): -72.0, ('y10', 'y30'): 2, ('y10', 'y31'): 4, ('y10', 'y32'): 8, ('y10', 'y40'): 2, ('y10', 'y41'): 4, ('y10', 'y42'): 8, ('y11', 'y30'): 4, ('y11', 'y31'): 8, ('y11', 'y32'): 16, ('y11', 'y40'): 4, ('y11', 'y41'): 8, ('y11', 'y42'): 16, ('y12', 'y30'): 8, ('y12', 'y31'): 16, ('y12', 'y32'): 32, ('y12', 'y40'): 8, ('y12', 'y41'): 16, ('y12', 'y42'): 32, ('y30', 'y40'): 2, ('y30', 'y41'): 4, ('y30', 'y42'): 8, ('y31', 'y40'): 4, ('y31', 'y41'): 8, ('y31', 'y42'): 16, ('y32', 'y40'): 8, ('y32', 'y41'): 16, ('y32', 'y42'): 32}",98,167.00000000042792,"{'y00': [1173, 3606], 'y01': [1234, 1233], 'y02': [1338, 3591], 'y10': [3681, 3682], 'y11': [3636, 1203], 'y12': [3666, 3667], 'y20': [3712, 3711], 'y21': [3696, 3697], 'y22': [1249, 1248, 3756], 'y30': [1264], 'y31': [1279], 'y32': [1294, 3741], 'y40': [1309, 3771, 1308], 'y41': [3651, 1188], 'y42': [3726, 1323]}",90562.00000000023,"{'y00': [402, 693], 'y01': [426, 705], 'y02': [712, 711], 'y10': [408], 'y11': [676, 432], 'y12': [669, 396], 'y20': [360, 657], 'y21': [372], 'y22': [348, 639], 'y30': [717, 384], 'y31': [633, 634], 'y32': [627, 628], 'y40': [688, 468, 687], 'y41': [681, 336], 'y42': [420, 645]}",33509.00000003776
21,"[[0, 0, 1, 1], [0, 0, 1, 1], [1, 1, 0, 1], [1, 1, 1, 0]]",3,1,"{('y00', 'y00'): -4.0, ('y00', 'y01'): 8, ('y00', 'y02'): 16, ('y00', 'y10'): 2, ('y00', 'y11'): 4, ('y00', 'y12'): 8, ('y01', 'y01'): -4.0, ('y01', 'y02'): 32, ('y01', 'y10'): 4, ('y01', 'y11'): 8, ('y01', 'y12'): 16, ('y02', 'y02'): 8.0, ('y02', 'y10'): 8, ('y02', 'y11'): 16, ('y02', 'y12'): 32, ('y10', 'y10'): -6.0, ('y10', 'y11'): 8, ('y10', 'y12'): 16, ('y11', 'y11'): -8.0, ('y11', 'y12'): 32, ('y12', 'y12'): 0.0, ('y20', 'y20'): -6.0, ('y20', 'y21'): 8, ('y20', 'y22'): 16, ('y20', 'y30'): 2, ('y20', 'y31'): 4, ('y20', 'y32'): 8, ('y21', 'y21'): -8.0, ('y21', 'y22'): 32, ('y21', 'y30'): 4, ('y21', 'y31'): 8, ('y21', 'y32'): 16, ('y22', 'y22'): 0.0, ('y22', 'y30'): 8, ('y22', 'y31'): 16, ('y22', 'y32'): 32, ('y30', 'y30'): -8.0, ('y30', 'y31'): 8, ('y30', 'y32'): 16, ('y31', 'y31'): -12.0, ('y31', 'y32'): 32, ('y32', 'y32'): -8.0, ('y00', 'y20'): 2, ('y00', 'y21'): 4, ('y00', 'y22'): 8, ('y00', 'y40'): 2, ('y00', 'y41'): 4, ('y00', 'y42'): 8, ('y01', 'y20'): 4, ('y01', 'y21'): 8, ('y01', 'y22'): 16, ('y01', 'y40'): 4, ('y01', 'y41'): 8, ('y01', 'y42'): 16, ('y02', 'y20'): 8, ('y02', 'y21'): 16, ('y02', 'y22'): 32, ('y02', 'y40'): 8, ('y02', 'y41'): 16, ('y02', 'y42'): 32, ('y20', 'y40'): 2, ('y20', 'y41'): 4, ('y20', 'y42'): 8, ('y21', 'y40'): 4, ('y21', 'y41'): 8, ('y21', 'y42'): 16, ('y22', 'y40'): 8, ('y22', 'y41'): 16, ('y22', 'y42'): 32, ('y40', 'y40'): -8.0, ('y40', 'y41'): 8, ('y40', 'y42'): 16, ('y41', 'y41'): -12.0, ('y41', 'y42'): 32, ('y42', 'y42'): -8.0, ('y10', 'y30'): 2, ('y10', 'y31'): 4, ('y10', 'y32'): 8, ('y10', 'y40'): 2, ('y10', 'y41'): 4, ('y10', 'y42'): 8, ('y11', 'y30'): 4, ('y11', 'y31'): 8, ('y11', 'y32'): 16, ('y11', 'y40'): 4, ('y11', 'y41'): 8, ('y11', 'y42'): 16, ('y12', 'y30'): 8, ('y12', 'y31'): 16, ('y12', 'y32'): 32, ('y12', 'y40'): 8, ('y12', 'y41'): 16, ('y12', 'y42'): 32, ('y30', 'y40'): 2, ('y30', 'y41'): 4, ('y30', 'y42'): 8, ('y31', 'y40'): 4, ('y31', 'y41'): 8, ('y31', 'y42'): 16, ('y32', 'y40'): 8, ('y32', 'y41'): 16, ('y32', 'y42'): 32}",18,168.59999999994102,"{'y00': [3750, 289], 'y01': [259], 'y02': [244], 'y10': [3811, 3810], 'y11': [154, 3795], 'y12': [3825, 3826], 'y20': [3915, 185], 'y21': [3900, 200], 'y22': [3840, 3841], 'y30': [3765, 274], 'y31': [215, 214], 'y32': [229, 230], 'y40': [3856, 124, 3855], 'y41': [169, 3780, 170], 'y42': [3870, 94, 3871]}",66720.00000000012,"{'y00': [1146, 125], 'y01': [137, 1110], 'y02': [113], 'y10': [1141, 118], 'y11': [1117], 'y12': [1123, 1122], 'y20': [1159, 1158], 'y21': [167, 1177], 'y22': [1153], 'y30': [149], 'y31': [155, 154], 'y32': [185, 1183], 'y40': [161, 1129], 'y41': [173, 1165], 'y42': [101, 1189]}",43980.000000033215
22,"[[0, 0, 1, 1], [0, 0, 1, 1], [1, 1, 0, 1], [1, 1, 1, 0]]",3,2,"{('y00', 'y00'): -8.0, ('y00', 'y01'): 8, ('y00', 'y02'): 16, ('y00', 'y10'): 2, ('y00', 'y11'): 4, ('y00', 'y12'): 8, ('y01', 'y01'): -12.0, ('y01', 'y02'): 32, ('y01', 'y10'): 4, ('y01', 'y11'): 8, ('y01', 'y12'): 16, ('y02', 'y02'): -8.0, ('y02', 'y10'): 8, ('y02', 'y11'): 16, ('y02', 'y12'): 32, ('y10', 'y10'): -12.0, ('y10', 'y11'): 8, ('y10', 'y12'): 16, ('y11', 'y11'): -20.0, ('y11', 'y12'): 32, ('y12', 'y12'): -24.0, ('y20', 'y20'): -12.0, ('y20', 'y21'): 8, ('y20', 'y22'): 16, ('y20', 'y30'): 2, ('y20', 'y31'): 4, ('y20', 'y32'): 8, ('y21', 'y21'): -20.0, ('y21', 'y22'): 32, ('y21', 'y30'): 4, ('y21', 'y31'): 8, ('y21', 'y32'): 16, ('y22', 'y22'): -24.0, ('y22', 'y30'): 8, ('y22', 'y31'): 16, ('y22', 'y32'): 32, ('y30', 'y30'): -16.0, ('y30', 'y31'): 8, ('y30', 'y32'): 16, ('y31', 'y31'): -28.0, ('y31', 'y32'): 32, ('y32', 'y32'): -40.0, ('y00', 'y20'): 2, ('y00', 'y21'): 4, ('y00', 'y22'): 8, ('y00', 'y40'): 2, ('y00', 'y41'): 4, ('y00', 'y42'): 8, ('y01', 'y20'): 4, ('y01', 'y21'): 8, ('y01', 'y22'): 16, ('y01', 'y40'): 4, ('y01', 'y41'): 8, ('y01', 'y42'): 16, ('y02', 'y20'): 8, ('y02', 'y21'): 16, ('y02', 'y22'): 32, ('y02', 'y40'): 8, ('y02', 'y41'): 16, ('y02', 'y42'): 32, ('y20', 'y40'): 2, ('y20', 'y41'): 4, ('y20', 'y42'): 8, ('y21', 'y40'): 4, ('y21', 'y41'): 8, ('y21', 'y42'): 16, ('y22', 'y40'): 8, ('y22', 'y41'): 16, ('y22', 'y42'): 32, ('y40', 'y40'): -18.0, ('y40', 'y41'): 8, ('y40', 'y42'): 16, ('y41', 'y41'): -32.0, ('y41', 'y42'): 32, ('y42', 'y42'): -48.0, ('y10', 'y30'): 2, ('y10', 'y31'): 4, ('y10', 'y32'): 8, ('y10', 'y40'): 2, ('y10', 'y41'): 4, ('y10', 'y42'): 8, ('y11', 'y30'): 4, ('y11', 'y31'): 8, ('y11', 'y32'): 16, ('y11', 'y40'): 4, ('y11', 'y41'): 8, ('y11', 'y42'): 16, ('y12', 'y30'): 8, ('y12', 'y31'): 16, ('y12', 'y32'): 32, ('y12', 'y40'): 8, ('y12', 'y41'): 16, ('y12', 'y42'): 32, ('y30', 'y40'): 2, ('y30', 'y41'): 4, ('y30', 'y42'): 8, ('y31', 'y40'): 4, ('y31', 'y41'): 8, ('y31', 'y42'): 16, ('y32', 'y40'): 8, ('y32', 'y41'): 16, ('y32', 'y42'): 32}",62,169.39999999969757,"{'y00': [477, 5237, 478], 'y01': [523, 522], 'y02': [537, 538], 'y10': [5341, 5342], 'y11': [5252, 462], 'y12': [418, 5297], 'y20': [5417, 5416], 'y21': [5266, 5267, 373], 'y22': [5402, 5401], 'y30': [403, 5282], 'y31': [553], 'y32': [5371, 5372, 598], 'y40': [5327, 568], 'y41': [5312, 508, 5356], 'y42': [5386, 5387, 583]}",74979,"{'y00': [804, 1], 'y01': [13, 792], 'y02': [780, 25], 'y10': [720, 37], 'y11': [744], 'y12': [42, 43, 708], 'y20': [30, 732], 'y21': [756], 'y22': [61, 60], 'y30': [90, 762], 'y31': [54, 714], 'y32': [6, 696], 'y40': [66, 67], 'y41': [49, 774, 48], 'y42': [78, 726, 79]}",48980.00000002867
23,"[[0, 0, 1, 1], [0, 0, 1, 1], [1, 1, 0, 1], [1, 1, 1, 0]]",3,3,"{('y00', 'y00'): -12.0, ('y00', 'y01'): 8, ('y00', 'y02'): 16, ('y00', 'y03'): 32, ('y00', 'y10'): 2, ('y00', 'y11'): 4, ('y00', 'y12'): 8, ('y00', 'y13'): 16, ('y01', 'y01'): -20.0, ('y01', 'y02'): 32, ('y01', 'y03'): 64, ('y01', 'y10'): 4, ('y01', 'y11'): 8, ('y01', 'y12'): 16, ('y01', 'y13'): 32, ('y02', 'y02'): -24.0, ('y02', 'y03'): 128, ('y02', 'y10'): 8, ('y02', 'y11'): 16, ('y02', 'y12'): 32, ('y02', 'y13'): 64, ('y03', 'y03'): 16.0, ('y03', 'y10'): 16, ('y03', 'y11'): 32, ('y03', 'y12'): 64, ('y03', 'y13'): 128, ('y10', 'y10'): -18.0, ('y10', 'y11'): 8, ('y10', 'y12'): 16, ('y10', 'y13'): 32, ('y11', 'y11'): -32.0, ('y11', 'y12'): 32, ('y11', 'y13'): 64, ('y12', 'y12'): -48.0, ('y12', 'y13'): 128, ('y13', 'y13'): -32.0, ('y20', 'y20'): -18.0, ('y20', 'y21'): 8, ('y20', 'y22'): 16, ('y20', 'y23'): 32, ('y20', 'y30'): 2, ('y20', 'y31'): 4, ('y20', 'y32'): 8, ('y20', 'y33'): 16, ('y21', 'y21'): -32.0, ('y21', 'y22'): 32, ('y21', 'y23'): 64, ('y21', 'y30'): 4, ('y21', 'y31'): 8, ('y21', 'y32'): 16, ('y21', 'y33'): 32, ('y22', 'y22'): -48.0, ('y22', 'y23'): 128, ('y22', 'y30'): 8, ('y22', 'y31'): 16, ('y22', 'y32'): 32, ('y22', 'y33'): 64, ('y23', 'y23'): -32.0, ('y23', 'y30'): 16, ('y23', 'y31'): 32, ('y23', 'y32'): 64, ('y23', 'y33'): 128, ('y30', 'y30'): -24.0, ('y30', 'y31'): 8, ('y30', 'y32'): 16, ('y30', 'y33'): 32, ('y31', 'y31'): -44.0, ('y31', 'y32'): 32, ('y31', 'y33'): 64, ('y32', 'y32'): -72.0, ('y32', 'y33'): 128, ('y33', 'y33'): -80.0, ('y00', 'y20'): 2, ('y00', 'y21'): 4, ('y00', 'y22'): 8, ('y00', 'y23'): 16, ('y00', 'y40'): 2, ('y00', 'y41'): 4, ('y00', 'y42'): 8, ('y00', 'y43'): 16, ('y01', 'y20'): 4, ('y01', 'y21'): 8, ('y01', 'y22'): 16, ('y01', 'y23'): 32, ('y01', 'y40'): 4, ('y01', 'y41'): 8, ('y01', 'y42'): 16, ('y01', 'y43'): 32, ('y02', 'y20'): 8, ('y02', 'y21'): 16, ('y02', 'y22'): 32, ('y02', 'y23'): 64, ('y02', 'y40'): 8, ('y02', 'y41'): 16, ('y02', 'y42'): 32, ('y02', 'y43'): 64, ('y03', 'y20'): 16, ('y03', 'y21'): 32, ('y03', 'y22'): 64, ('y03', 'y23'): 128, ('y03', 'y40'): 16, ('y03', 'y41'): 32, ('y03', 'y42'): 64, ('y03', 'y43'): 128, ('y20', 'y40'): 2, ('y20', 'y41'): 4, ('y20', 'y42'): 8, ('y20', 'y43'): 16, ('y21', 'y40'): 4, ('y21', 'y41'): 8, ('y21', 'y42'): 16, ('y21', 'y43'): 32, ('y22', 'y40'): 8, ('y22', 'y41'): 16, ('y22', 'y42'): 32, ('y22', 'y43'): 64, ('y23', 'y40'): 16, ('y23', 'y41'): 32, ('y23', 'y42'): 64, ('y23', 'y43'): 128, ('y40', 'y40'): -28.0, ('y40', 'y41'): 8, ('y40', 'y42'): 16, ('y40', 'y43'): 32, ('y41', 'y41'): -52.0, ('y41', 'y42'): 32, ('y41', 'y43'): 64, ('y42', 'y42'): -88.0, ('y42', 'y43'): 128, ('y43', 'y43'): -112.0, ('y10', 'y30'): 2, ('y10', 'y31'): 4, ('y10', 'y32'): 8, ('y10', 'y33'): 16, ('y10', 'y40'): 2, ('y10', 'y41'): 4, ('y10', 'y42'): 8, ('y10', 'y43'): 16, ('y11', 'y30'): 4, ('y11', 'y31'): 8, ('y11', 'y32'): 16, ('y11', 'y33'): 32, ('y11', 'y40'): 4, ('y11', 'y41'): 8, ('y11', 'y42'): 16, ('y11', 'y43'): 32, ('y12', 'y30'): 8, ('y12', 'y31'): 16, ('y12', 'y32'): 32, ('y12', 'y33'): 64, ('y12', 'y40'): 8, ('y12', 'y41'): 16, ('y12', 'y42'): 32, ('y12', 'y43'): 64, ('y13', 'y30'): 16, ('y13', 'y31'): 32, ('y13', 'y32'): 64, ('y13', 'y33'): 128, ('y13', 'y40'): 16, ('y13', 'y41'): 32, ('y13', 'y42'): 64, ('y13', 'y43'): 128, ('y30', 'y40'): 2, ('y30', 'y41'): 4, ('y30', 'y42'): 8, ('y30', 'y43'): 16, ('y31', 'y40'): 4, ('y31', 'y41'): 8, ('y31', 'y42'): 16, ('y31', 'y43'): 32, ('y32', 'y40'): 8, ('y32', 'y41'): 16, ('y32', 'y42'): 32, ('y32', 'y43'): 64, ('y33', 'y40'): 16, ('y33', 'y41'): 32, ('y33', 'y42'): 64, ('y33', 'y43'): 128}",134,231.99999999974352,"{'y00': [1365, 1366, 3036], 'y01': [1501, 3292, 1500], 'y02': [3232, 3231, 1246], 'y03': [3202, 3201], 'y10': [3097, 1471], 'y11': [1515, 3082, 1516], 'y12': [1380, 1381], 'y13': [3111, 3112, 1291], 'y20': [1456, 3262], 'y21': [3172, 1561, 3173], 'y22': [1442, 3277, 1441], 'y23': [1576, 3186, 3187], 'y30': [1306, 3217, 3216], 'y31': [1351, 3051, 1350], 'y32': [3157, 3158], 'y33': [3143, 3142, 1545], 'y40': [1425, 1426, 3307], 'y41': [1396, 1395], 'y42': [1410, 1411, 3067], 'y43': [3247, 1486]}",208974.9999999988,"{'y00': [710, 711, 198], 'y01': [698, 234, 704], 'y02': [728, 727, 253], 'y03': [763, 764], 'y10': [301, 300], 'y11': [306, 307], 'y12': [325, 324, 807], 'y13': [258, 716], 'y20': [289, 288], 'y21': [735, 318], 'y22': [758, 759], 'y23': [722, 723, 265], 'y30': [277, 752], 'y31': [330, 699], 'y32': [241, 740], 'y33': [692, 270], 'y40': [675, 294], 'y41': [313, 800, 312], 'y42': [747, 217, 746], 'y43': [246, 680]}",93840.00000000015
24,"[[0, 1, 1, 1], [1, 0, 1, 1], [1, 1, 0, 1], [1, 1, 1, 0]]",3,1,"{('y00', 'y00'): 0.0, ('y00', 'y01'): 8, ('y00', 'y02'): 16, ('y00', 'y10'): 2, ('y00', 'y11'): 4, ('y00', 'y12'): 8, ('y00', 'y20'): 2, ('y00', 'y21'): 4, ('y00', 'y22'): 8, ('y01', 'y01'): 4.0, ('y01', 'y02'): 32, ('y01', 'y10'): 4, ('y01', 'y11'): 8, ('y01', 'y12'): 16, ('y01', 'y20'): 4, ('y01', 'y21'): 8, ('y01', 'y22'): 16, ('y02', 'y02'): 24.0, ('y02', 'y10'): 8, ('y02', 'y11'): 16, ('y02', 'y12'): 32, ('y02', 'y20'): 8, ('y02', 'y21'): 16, ('y02', 'y22'): 32, ('y10', 'y10'): -2.0, ('y10', 'y11'): 8, ('y10', 'y12'): 16, ('y10', 'y20'): 2, ('y10', 'y21'): 4, ('y10', 'y22'): 8, ('y11', 'y11'): 0.0, ('y11', 'y12'): 32, ('y11', 'y20'): 4, ('y11', 'y21'): 8, ('y11', 'y22'): 16, ('y12', 'y12'): 16.0, ('y12', 'y20'): 8, ('y12', 'y21'): 16, ('y12', 'y22'): 32, ('y20', 'y20'): -4.0, ('y20', 'y21'): 8, ('y20', 'y22'): 16, ('y21', 'y21'): -4.0, ('y21', 'y22'): 32, ('y22', 'y22'): 8.0, ('y00', 'y30'): 2, ('y00', 'y31'): 4, ('y00', 'y32'): 8, ('y00', 'y40'): 2, ('y00', 'y41'): 4, ('y00', 'y42'): 8, ('y01', 'y30'): 4, ('y01', 'y31'): 8, ('y01', 'y32'): 16, ('y01', 'y40'): 4, ('y01', 'y41'): 8, ('y01', 'y42'): 16, ('y02', 'y30'): 8, ('y02', 'y31'): 16, ('y02', 'y32'): 32, ('y02', 'y40'): 8, ('y02', 'y41'): 16, ('y02', 'y42'): 32, ('y30', 'y30'): -4.0, ('y30', 'y31'): 8, ('y30', 'y32'): 16, ('y30', 'y40'): 2, ('y30', 'y41'): 4, ('y30', 'y42'): 8, ('y31', 'y31'): -4.0, ('y31', 'y32'): 32, ('y31', 'y40'): 4, ('y31', 'y41'): 8, ('y31', 'y42'): 16, ('y32', 'y32'): 8.0, ('y32', 'y40'): 8, ('y32', 'y41'): 16, ('y32', 'y42'): 32, ('y40', 'y40'): -6.0, ('y40', 'y41'): 8, ('y40', 'y42'): 16, ('y41', 'y41'): -8.0, ('y41', 'y42'): 32, ('y42', 'y42'): 0.0, ('y10', 'y30'): 2, ('y10', 'y31'): 4, ('y10', 'y32'): 8, ('y10', 'y50'): 2, ('y10', 'y51'): 4, ('y10', 'y52'): 8, ('y11', 'y30'): 4, ('y11', 'y31'): 8, ('y11', 'y32'): 16, ('y11', 'y50'): 4, ('y11', 'y51'): 8, ('y11', 'y52'): 16, ('y12', 'y30'): 8, ('y12', 'y31'): 16, ('y12', 'y32'): 32, ('y12', 'y50'): 8, ('y12', 'y51'): 16, ('y12', 'y52'): 32, ('y30', 'y50'): 2, ('y30', 'y51'): 4, ('y30', 'y52'): 8, ('y31', 'y50'): 4, ('y31', 'y51'): 8, ('y31', 'y52'): 16, ('y32', 'y50'): 8, ('y32', 'y51'): 16, ('y32', 'y52'): 32, ('y50', 'y50'): -8.0, ('y50', 'y51'): 8, ('y50', 'y52'): 16, ('y51', 'y51'): -12.0, ('y51', 'y52'): 32, ('y52', 'y52'): -8.0, ('y20', 'y40'): 2, ('y20', 'y41'): 4, ('y20', 'y42'): 8, ('y20', 'y50'): 2, ('y20', 'y51'): 4, ('y20', 'y52'): 8, ('y21', 'y40'): 4, ('y21', 'y41'): 8, ('y21', 'y42'): 16, ('y21', 'y50'): 4, ('y21', 'y51'): 8, ('y21', 'y52'): 16, ('y22', 'y40'): 8, ('y22', 'y41'): 16, ('y22', 'y42'): 32, ('y22', 'y50'): 8, ('y22', 'y51'): 16, ('y22', 'y52'): 32, ('y40', 'y50'): 2, ('y40', 'y51'): 4, ('y40', 'y52'): 8, ('y41', 'y50'): 4, ('y41', 'y51'): 8, ('y41', 'y52'): 16, ('y42', 'y50'): 8, ('y42', 'y51'): 16, ('y42', 'y52'): 32}",14,206.4000000000732,"{'y00': [261, 260, 4185], 'y01': [171, 170, 3885], 'y02': [4155, 231], 'y10': [140, 141], 'y11': [125, 126], 'y12': [4140, 216], 'y20': [246, 245, 4170], 'y21': [4066, 4065], 'y22': [4050, 4051], 'y30': [156, 155, 4215], 'y31': [4006, 4005], 'y32': [3991, 3990], 'y40': [290, 4095], 'y41': [275, 4080], 'y42': [4110, 186], 'y50': [4020, 95, 4021], 'y51': [201, 4200, 202], 'y52': [4036, 4035, 381]}",130214.0000000005,"{'y00': [457, 730], 'y01': [385, 724], 'y02': [736, 409], 'y10': [438, 439], 'y11': [391, 784], 'y12': [796, 403], 'y20': [789, 427, 790], 'y21': [802, 801], 'y22': [463, 772], 'y30': [765, 766, 421], 'y31': [813, 814], 'y32': [808], 'y40': [469, 748], 'y41': [760, 397], 'y42': [450, 451], 'y50': [754, 445], 'y51': [742, 433], 'y52': [475, 826, 474]}",77981.99999996314
25,"[[0, 1, 1, 1], [1, 0, 1, 1], [1, 1, 0, 1], [1, 1, 1, 0]]",3,2,"{('y00', 'y00'): -2.0, ('y00', 'y01'): 8, ('y00', 'y02'): 16, ('y00', 'y10'): 2, ('y00', 'y11'): 4, ('y00', 'y12'): 8, ('y00', 'y20'): 2, ('y00', 'y21'): 4, ('y00', 'y22'): 8, ('y01', 'y01'): 0.0, ('y01', 'y02'): 32, ('y01', 'y10'): 4, ('y01', 'y11'): 8, ('y01', 'y12'): 16, ('y01', 'y20'): 4, ('y01', 'y21'): 8, ('y01', 'y22'): 16, ('y02', 'y02'): 16.0, ('y02', 'y10'): 8, ('y02', 'y11'): 16, ('y02', 'y12'): 32, ('y02', 'y20'): 8, ('y02', 'y21'): 16, ('y02', 'y22'): 32, ('y10', 'y10'): -6.0, ('y10', 'y11'): 8, ('y10', 'y12'): 16, ('y10', 'y20'): 2, ('y10', 'y21'): 4, ('y10', 'y22'): 8, ('y11', 'y11'): -8.0, ('y11', 'y12'): 32, ('y11', 'y20'): 4, ('y11', 'y21'): 8, ('y11', 'y22'): 16, ('y12', 'y12'): 0.0, ('y12', 'y20'): 8, ('y12', 'y21'): 16, ('y12', 'y22'): 32, ('y20', 'y20'): -10.0, ('y20', 'y21'): 8, ('y20', 'y22'): 16, ('y21', 'y21'): -16.0, ('y21', 'y22'): 32, ('y22', 'y22'): -16.0, ('y00', 'y30'): 2, ('y00', 'y31'): 4, ('y00', 'y32'): 8, ('y00', 'y40'): 2, ('y00', 'y41'): 4, ('y00', 'y42'): 8, ('y01', 'y30'): 4, ('y01', 'y31'): 8, ('y01', 'y32'): 16, ('y01', 'y40'): 4, ('y01', 'y41'): 8, ('y01', 'y42'): 16, ('y02', 'y30'): 8, ('y02', 'y31'): 16, ('y02', 'y32'): 32, ('y02', 'y40'): 8, ('y02', 'y41'): 16, ('y02', 'y42'): 32, ('y30', 'y30'): -10.0, ('y30', 'y31'): 8, ('y30', 'y32'): 16, ('y30', 'y40'): 2, ('y30', 'y41'): 4, ('y30', 'y42'): 8, ('y31', 'y31'): -16.0, ('y31', 'y32'): 32, ('y31', 'y40'): 4, ('y31', 'y41'): 8, ('y31', 'y42'): 16, ('y32', 'y32'): -16.0, ('y32', 'y40'): 8, ('y32', 'y41'): 16, ('y32', 'y42'): 32, ('y40', 'y40'): -14.0, ('y40', 'y41'): 8, ('y40', 'y42'): 16, ('y41', 'y41'): -24.0, ('y41', 'y42'): 32, ('y42', 'y42'): -32.0, ('y10', 'y30'): 2, ('y10', 'y31'): 4, ('y10', 'y32'): 8, ('y10', 'y50'): 2, ('y10', 'y51'): 4, ('y10', 'y52'): 8, ('y11', 'y30'): 4, ('y11', 'y31'): 8, ('y11', 'y32'): 16, ('y11', 'y50'): 4, ('y11', 'y51'): 8, ('y11', 'y52'): 16, ('y12', 'y30'): 8, ('y12', 'y31'): 16, ('y12', 'y32'): 32, ('y12', 'y50'): 8, ('y12', 'y51'): 16, ('y12', 'y52'): 32, ('y30', 'y50'): 2, ('y30', 'y51'): 4, ('y30', 'y52'): 8, ('y31', 'y50'): 4, ('y31', 'y51'): 8, ('y31', 'y52'): 16, ('y32', 'y50'): 8, ('y32', 'y51'): 16, ('y32', 'y52'): 32, ('y50', 'y50'): -18.0, ('y50', 'y51'): 8, ('y50', 'y52'): 16, ('y51', 'y51'): -32.0, ('y51', 'y52'): 32, ('y52', 'y52'): -48.0, ('y20', 'y40'): 2, ('y20', 'y41'): 4, ('y20', 'y42'): 8, ('y20', 'y50'): 2, ('y20', 'y51'): 4, ('y20', 'y52'): 8, ('y21', 'y40'): 4, ('y21', 'y41'): 8, ('y21', 'y42'): 16, ('y21', 'y50'): 4, ('y21', 'y51'): 8, ('y21', 'y52'): 16, ('y22', 'y40'): 8, ('y22', 'y41'): 16, ('y22', 'y42'): 32, ('y22', 'y50'): 8, ('y22', 'y51'): 16, ('y22', 'y52'): 32, ('y40', 'y50'): 2, ('y40', 'y51'): 4, ('y40', 'y52'): 8, ('y41', 'y50'): 4, ('y41', 'y51'): 8, ('y41', 'y52'): 16, ('y42', 'y50'): 8, ('y42', 'y51'): 16, ('y42', 'y52'): 32}",56,197.60000000026423,"{'y00': [4482, 2423], 'y01': [4497, 4496, 2288], 'y02': [4587, 2258, 4588], 'y10': [2469, 2468, 4662], 'y11': [4452, 2483], 'y12': [2303, 4542, 4543], 'y20': [4527, 4528], 'y21': [2319, 2318], 'y22': [2333, 2334], 'y30': [2364, 2363], 'y31': [2349, 2348], 'y32': [4572, 4573], 'y40': [4647, 2438], 'y41': [4557, 2408], 'y42': [2394, 4707, 2393], 'y50': [2453, 4558, 4632], 'y51': [4513, 4512, 2273], 'y52': [2379, 4692, 2378]}",151165.9999999999,"{'y00': [715, 714, 108], 'y01': [691, 690], 'y02': [685], 'y10': [120, 709], 'y11': [727, 150], 'y12': [162, 763], 'y20': [114, 721], 'y21': [181, 180], 'y22': [186], 'y30': [174], 'y31': [169, 168], 'y32': [673, 132], 'y40': [157, 751, 156], 'y41': [757, 102], 'y42': [126, 745], 'y50': [697], 'y51': [702, 703], 'y52': [138, 733]}",101684.0000000343
26,"[[0, 1, 1, 1], [1, 0, 1, 1], [1, 1, 0, 1], [1, 1, 1, 0]]",3,3,"{('y00', 'y00'): -4.0, ('y00', 'y01'): 8, ('y00', 'y02'): 16, ('y00', 'y03'): 32, ('y00', 'y10'): 2, ('y00', 'y11'): 4, ('y00', 'y12'): 8, ('y00', 'y13'): 16, ('y00', 'y20'): 2, ('y00', 'y21'): 4, ('y00', 'y22'): 8, ('y00', 'y23'): 16, ('y01', 'y01'): -4.0, ('y01', 'y02'): 32, ('y01', 'y03'): 64, ('y01', 'y10'): 4, ('y01', 'y11'): 8, ('y01', 'y12'): 16, ('y01', 'y13'): 32, ('y01', 'y20'): 4, ('y01', 'y21'): 8, ('y01', 'y22'): 16, ('y01', 'y23'): 32, ('y02', 'y02'): 8.0, ('y02', 'y03'): 128, ('y02', 'y10'): 8, ('y02', 'y11'): 16, ('y02', 'y12'): 32, ('y02', 'y13'): 64, ('y02', 'y20'): 8, ('y02', 'y21'): 16, ('y02', 'y22'): 32, ('y02', 'y23'): 64, ('y03', 'y03'): 80.0, ('y03', 'y10'): 16, ('y03', 'y11'): 32, ('y03', 'y12'): 64, ('y03', 'y13'): 128, ('y03', 'y20'): 16, ('y03', 'y21'): 32, ('y03', 'y22'): 64, ('y03', 'y23'): 128, ('y10', 'y10'): -10.0, ('y10', 'y11'): 8, ('y10', 'y12'): 16, ('y10', 'y13'): 32, ('y10', 'y20'): 2, ('y10', 'y21'): 4, ('y10', 'y22'): 8, ('y10', 'y23'): 16, ('y11', 'y11'): -16.0, ('y11', 'y12'): 32, ('y11', 'y13'): 64, ('y11', 'y20'): 4, ('y11', 'y21'): 8, ('y11', 'y22'): 16, ('y11', 'y23'): 32, ('y12', 'y12'): -16.0, ('y12', 'y13'): 128, ('y12', 'y20'): 8, ('y12', 'y21'): 16, ('y12', 'y22'): 32, ('y12', 'y23'): 64, ('y13', 'y13'): 32.0, ('y13', 'y20'): 16, ('y13', 'y21'): 32, ('y13', 'y22'): 64, ('y13', 'y23'): 128, ('y20', 'y20'): -16.0, ('y20', 'y21'): 8, ('y20', 'y22'): 16, ('y20', 'y23'): 32, ('y21', 'y21'): -28.0, ('y21', 'y22'): 32, ('y21', 'y23'): 64, ('y22', 'y22'): -40.0, ('y22', 'y23'): 128, ('y23', 'y23'): -16.0, ('y00', 'y30'): 2, ('y00', 'y31'): 4, ('y00', 'y32'): 8, ('y00', 'y33'): 16, ('y00', 'y40'): 2, ('y00', 'y41'): 4, ('y00', 'y42'): 8, ('y00', 'y43'): 16, ('y01', 'y30'): 4, ('y01', 'y31'): 8, ('y01', 'y32'): 16, ('y01', 'y33'): 32, ('y01', 'y40'): 4, ('y01', 'y41'): 8, ('y01', 'y42'): 16, ('y01', 'y43'): 32, ('y02', 'y30'): 8, ('y02', 'y31'): 16, ('y02', 'y32'): 32, ('y02', 'y33'): 64, ('y02', 'y40'): 8, ('y02', 'y41'): 16, ('y02', 'y42'): 32, ('y02', 'y43'): 64, ('y03', 'y30'): 16, ('y03', 'y31'): 32, ('y03', 'y32'): 64, ('y03', 'y33'): 128, ('y03', 'y40'): 16, ('y03', 'y41'): 32, ('y03', 'y42'): 64, ('y03', 'y43'): 128, ('y30', 'y30'): -16.0, ('y30', 'y31'): 8, ('y30', 'y32'): 16, ('y30', 'y33'): 32, ('y30', 'y40'): 2, ('y30', 'y41'): 4, ('y30', 'y42'): 8, ('y30', 'y43'): 16, ('y31', 'y31'): -28.0, ('y31', 'y32'): 32, ('y31', 'y33'): 64, ('y31', 'y40'): 4, ('y31', 'y41'): 8, ('y31', 'y42'): 16, ('y31', 'y43'): 32, ('y32', 'y32'): -40.0, ('y32', 'y33'): 128, ('y32', 'y40'): 8, ('y32', 'y41'): 16, ('y32', 'y42'): 32, ('y32', 'y43'): 64, ('y33', 'y33'): -16.0, ('y33', 'y40'): 16, ('y33', 'y41'): 32, ('y33', 'y42'): 64, ('y33', 'y43'): 128, ('y40', 'y40'): -22.0, ('y40', 'y41'): 8, ('y40', 'y42'): 16, ('y40', 'y43'): 32, ('y41', 'y41'): -40.0, ('y41', 'y42'): 32, ('y41', 'y43'): 64, ('y42', 'y42'): -64.0, ('y42', 'y43'): 128, ('y43', 'y43'): -64.0, ('y10', 'y30'): 2, ('y10', 'y31'): 4, ('y10', 'y32'): 8, ('y10', 'y33'): 16, ('y10', 'y50'): 2, ('y10', 'y51'): 4, ('y10', 'y52'): 8, ('y10', 'y53'): 16, ('y11', 'y30'): 4, ('y11', 'y31'): 8, ('y11', 'y32'): 16, ('y11', 'y33'): 32, ('y11', 'y50'): 4, ('y11', 'y51'): 8, ('y11', 'y52'): 16, ('y11', 'y53'): 32, ('y12', 'y30'): 8, ('y12', 'y31'): 16, ('y12', 'y32'): 32, ('y12', 'y33'): 64, ('y12', 'y50'): 8, ('y12', 'y51'): 16, ('y12', 'y52'): 32, ('y12', 'y53'): 64, ('y13', 'y30'): 16, ('y13', 'y31'): 32, ('y13', 'y32'): 64, ('y13', 'y33'): 128, ('y13', 'y50'): 16, ('y13', 'y51'): 32, ('y13', 'y52'): 64, ('y13', 'y53'): 128, ('y30', 'y50'): 2, ('y30', 'y51'): 4, ('y30', 'y52'): 8, ('y30', 'y53'): 16, ('y31', 'y50'): 4, ('y31', 'y51'): 8, ('y31', 'y52'): 16, ('y31', 'y53'): 32, ('y32', 'y50'): 8, ('y32', 'y51'): 16, ('y32', 'y52'): 32, ('y32', 'y53'): 64, ('y33', 'y50'): 16, ('y33', 'y51'): 32, ('y33', 'y52'): 64, ('y33', 'y53'): 128, ('y50', 'y50'): -28.0, ('y50', 'y51'): 8, ('y50', 'y52'): 16, ('y50', 'y53'): 32, ('y51', 'y51'): -52.0, ('y51', 'y52'): 32, ('y51', 'y53'): 64, ('y52', 'y52'): -88.0, ('y52', 'y53'): 128, ('y53', 'y53'): -112.0, ('y20', 'y40'): 2, ('y20', 'y41'): 4, ('y20', 'y42'): 8, ('y20', 'y43'): 16, ('y20', 'y50'): 2, ('y20', 'y51'): 4, ('y20', 'y52'): 8, ('y20', 'y53'): 16, ('y21', 'y40'): 4, ('y21', 'y41'): 8, ('y21', 'y42'): 16, ('y21', 'y43'): 32, ('y21', 'y50'): 4, ('y21', 'y51'): 8, ('y21', 'y52'): 16, ('y21', 'y53'): 32, ('y22', 'y40'): 8, ('y22', 'y41'): 16, ('y22', 'y42'): 32, ('y22', 'y43'): 64, ('y22', 'y50'): 8, ('y22', 'y51'): 16, ('y22', 'y52'): 32, ('y22', 'y53'): 64, ('y23', 'y40'): 16, ('y23', 'y41'): 32, ('y23', 'y42'): 64, ('y23', 'y43'): 128, ('y23', 'y50'): 16, ('y23', 'y51'): 32, ('y23', 'y52'): 64, ('y23', 'y53'): 128, ('y40', 'y50'): 2, ('y40', 'y51'): 4, ('y40', 'y52'): 8, ('y40', 'y53'): 16, ('y41', 'y50'): 4, ('y41', 'y51'): 8, ('y41', 'y52'): 16, ('y41', 'y53'): 32, ('y42', 'y50'): 8, ('y42', 'y51'): 16, ('y42', 'y52'): 32, ('y42', 'y53'): 64, ('y43', 'y50'): 16, ('y43', 'y51'): 32, ('y43', 'y52'): 64, ('y43', 'y53'): 128}",126,270.59999999963225,"{'y00': [5525, 5526, 1214], 'y01': [1198, 5390, 1199], 'y02': [1139, 1138, 5345], 'y03': [1063, 1064, 5360], 'y10': [5555, 5556, 5554], 'y11': [5601, 5600, 1319], 'y12': [5541, 1259, 5540, 5539], 'y13': [5481, 5480, 1274], 'y20': [1304, 5451, 5450], 'y21': [5330, 1079, 1078], 'y22': [1183, 5375, 5374, 1184], 'y23': [1109, 5285, 1108], 'y30': [1123, 5255, 1124], 'y31': [5511, 5510, 1244], 'y32': [5496, 5495, 1229], 'y33': [5585, 1049, 5586], 'y40': [5570, 5569, 5571], 'y41': [1168, 1167, 5405, 1169], 'y42': [1093, 1094, 5270], 'y43': [1289, 5466, 5465], 'y50': [1019, 1018, 5435], 'y51': [1003, 1004, 1002, 5344], 'y52': [1033, 1034, 1032], 'y53': [1154, 5420, 1153]}",369866,"{'y00': [782, 271, 781], 'y01': [211, 787], 'y02': [806, 805, 259], 'y03': [235, 823], 'y10': [206, 205], 'y11': [854, 199, 230], 'y12': [283, 830, 194], 'y13': [224, 223, 902], 'y20': [769, 770], 'y21': [799, 193], 'y22': [811, 229, 812], 'y23': [775, 776], 'y30': [818, 817, 266], 'y31': [860, 859], 'y32': [158, 907, 157], 'y33': [842, 841, 242], 'y40': [163, 164, 793], 'y41': [181, 182, 739], 'y42': [146, 145], 'y43': [187, 853, 188], 'y50': [871, 170, 169], 'y51': [151, 835], 'y52': [847, 175], 'y53': [218, 883, 217]}",158931.99999999296